70-79,80+,Black-alone pop,Native American/American Indian-alone pop,Asian-alone pop,Hawaiian/Pacific Islander-alone pop,Two or more races pop,N_POP_CHG_2018,GQ_ESTIMATES_2018,R_birth_2018,R_death_2018,R_NATURAL_INC_2018,R_INTERNATIONAL_MIG_2018,R_DOMESTIC_MIG_2018,R_NET_MIG_2018,Less than a high school diploma 2014-18,Percent of adults with less than a high school diploma 2014-18,Percent of adults with a high school diploma only 2014-18,Percent of adults completing some college or associate's degree 2014-18,Percent of adults with a bachelor's degree or higher 2014-18,PCTPOVALL_2018,PCTPOV017_2018,PCTPOV517_2018,Unemployed_2018,Unemployment_rate_2018,Med_HH_Income_Percent_of_State_Total_2018,Active Physicians per 100000 Population 2018 (AAMC),Total Active Patient Care Physicians per 100000 Population 2018 (AAMC),Active Primary Care Physicians per 100000 Population 2018 (AAMC),Active Patient Care Primary Care Physicians per 100000 Population 2018 (AAMC),Active General Surgeons per 100000 Population 2018 (AAMC),Active Patient Care General Surgeons per 100000 Population 2018 (AAMC),ICU Beds_x,Percent of Population Aged 60+,anycondition_prevalence,anycondition_Lower 95% CI,anycondition_Upper 95% CI,Heart disease_prevalence,Heart disease_Lower 95% CI,Heart disease_Upper 95% CI,Heart disease_number,COPD_prevalence,COPD_Lower 95% CI,COPD_Upper 95% CI,COPD_number,diabetes_prevalence,diabetes_Lower 95% CI,diabetes_Upper 95% CI,diabetes_number,CKD_prevalence,CKD_Lower 95% CI,CKD_Upper 95% CI,CKD_number,Urban_rural_code
2460,1208,337,428,89,11,447,167,303,11.3,10.0,1.3,1.5,3.5,5.0,2546,14.1,35.4,31.7,18.8,15.5,23.3,21.3,760,6.1,88.9,287.0,249.7,97.8,87.6,7.9,6.7,0,27.4,49.7,47.3,51.9,10.1,9.1,11.1,2072,11.3,9.6,13.0,2314,13.7,12.6,14.9,2823,3.8,3.5,4.1,771,6
4801,2928,593,109,231,22,649,-557,1302,9.7,13.1,-3.4,0.0,-7.4,-7.4,3913,10.2,48.4,23.7,17.6,15.0,20.9,18.8,1104,4.9,75.2,320.5,273.3,100.8,88.2,8.7,7.2,8,28.8,46.7,44.0,49.2,9.2,8.2,10.1,3796,9.9,8.3,11.5,4097,13.1,11.9,14.2,5416,3.5,3.2,3.8,1454,5
2713,1561,1435,135,394,18,549,169,5022,10.7,9.2,1.5,0.6,2.4,3.0,2678,10.8,43.8,29.3,16.1,12.2,14.8,13.3,637,3.8,98.2,230.8,212.0,80.3,74.4,6.5,6.1,6,21.5,47.0,44.9,49.1,7.3,6.6,8.1,2222,9.2,7.9,10.4,2792,12.2,11.2,13.1,3698,2.9,2.7,3.1,871,2
6736,3478,1175,12403,1370,79,7741,505,1216,10.6,9.1,1.4,0.5,3.7,4.2,4804,7.9,32.8,34.9,24.3,9.8,12.5,10.8,1483,3.3,119.1,206.7,189.1,73.9,68.5,6.2,5.8,6,21.6,46.9,44.9,48.7,7.8,7.1,8.5,5484,8.1,7.1,9.3,5716,11.2,10.4,12.0,7913,3.0,2.8,3.2,2118,3
10074,6039,15004,1047,4026,61,4721,129,4326,12.0,10.3,1.7,2.3,-3.0,-0.7,8123,8.9,36.4,33.5,21.2,17.3,27.6,25.2,2646,4.2,85.5,287.0,249.7,97.8,87.6,7.9,6.7,32,23.2,48.0,46.0,49.8,8.4,7.7,9.1,8686,9.6,8.4,11.0,10002,12.5,11.7,13.4,12987,3.4,3.2,3.6,3490,4
54600,39309,49184,6570,317204,4015,38888,4139,24235,10.2,7.5,2.6,7.2,-5.1,2.1,79408,11.5,12.3,19.1,57.1,10.1,10.9,11.1,13545,2.4,147.0,279.6,243.8,96.2,87.1,7.2,6.2,337,20.7,23.9,22.6,25.1,4.6,4.2,5.0,35077,3.8,3.2,4.3,28886,8.8,8.2,9.4,67258,2.3,2.2,2.5,17872,1
1826,800,5724,73,136,14,246,-237,89,10.0,11.4,-1.3,0.1,-10.4,-10.3,2659,18.7,41.8,29.1,10.4,20.5,33.6,34.1,404,4.4,83.1,228.7,202.9,79.1,71.9,7.0,6.1,0,24.7,46.1,44.3,47.8,9.1,8.4,9.9,1433,10.6,9.4,11.9,1669,15.5,14.6,16.4,2438,3.9,3.6,4.1,608,4
232,184,21,76,20,0,51,44,96,15.5,8.6,6.8,7.2,1.8,9.0,238,13.2,33.6,32.7,20.6,10.2,14.0,13.1,45,2.9,93.1,240.4,219.1,92.8,84.8,9.2,8.6,0,26.7,40.4,37.8,42.9,7.8,6.9,8.8,165,6.1,4.9,7.3,128,10.3,9.3,11.3,216,3.1,2.8,3.4,64,6
49074,30482,27543,1787,32220,376,11071,1167,8038,9.3,9.7,-0.3,1.2,1.1,2.3,27363,6.1,28.8,24.6,40.5,5.7,6.6,6.0,12783,3.7,145.4,320.5,273.3,100.8,88.2,8.7,7.2,90,24.2,39.3,37.2,41.4,6.3,5.6,7.0,31557,6.4,5.3,7.6,31984,10.7,9.7,11.6,53389,2.7,2.5,2.9,13632,2
348,260,112,147,54,0,101,-68,573,10.3,11.0,-0.7,0.0,-14.9,-14.9,677,20.1,42.0,26.2,11.6,24.3,29.4,26.9,90,5.5,62.3,244.8,213.8,91.1,82.1,7.7,7.3,0,26.0,48.3,46.4,50.2,7.6,6.9,8.3,260,5.8,5.2,6.6,201,14.3,13.3,15.3,492,3.8,3.5,4.1,129,6
21439,12442,38708,1553,8150,157,8148,-659,4743,12.5,9.8,2.7,1.5,-6.6,-5.1,23963,12.3,32.0,33.1,22.6,16.1,27.2,25.3,8095,5.7,82.7,284.4,240.5,99.6,87.2,7.0,5.8,87,22.7,42.7,40.8,44.6,7.8,7.0,8.5,16890,8.6,7.4,9.9,18791,11.9,11.0,12.7,25818,3.3,3.1,3.5,7194,3
719,310,135,31,28,1,99,-20,90,13.1,9.2,3.9,-0.2,-5.8,-6.0,875,15.1,42.8,31.2,11.0,12.0,16.3,14.8,170,4.2,113.1,230.9,214.6,77.3,72.9,8.3,7.6,0,22.9,51.0,48.6,53.2,9.8,8.9,10.7,640,11.9,10.3,13.6,775,14.0,12.9,15.1,914,3.3,3.1,3.6,217,4
176,89,8,54,5,1,30,15,2,11.3,2.6,8.7,0.0,-1.5,-1.5,135,10.3,31.7,39.4,18.7,10.2,12.9,12.0,36,4.1,104.6,237.6,217.1,87.0,79.6,10.5,9.7,0,33.4,48.6,45.9,51.1,8.9,8.0,10.0,130,7.6,6.4,9.0,111,12.2,11.0,13.3,178,3.3,3.0,3.6,48,4
15745,8956,13771,301,2044,59,4421,-2856,3338,10.1,13.7,-3.6,0.1,-12.3,-12.2,15894,11.9,37.5,25.7,24.9,17.1,26.0,22.7,4263,5.2,95.2,263.4,231.6,100.1,89.4,10.5,9.2,156,26.4,52.2,50.2,54.3,10.5,9.6,11.6,15219,12.1,10.4,14.0,17475,14.7,13.5,15.9,21166,3.6,3.4,3.9,5256,4
1024,708,103,18,42,2,89,-72,95,11.6,9.4,2.2,0.2,-8.3,-8.2,645,7.7,43.5,31.8,16.9,8.6,11.9,11.1,173,2.7,106.9,218.2,193.1,84.8,77.9,6.9,6.5,0,27.0,42.4,40.0,44.6,8.0,7.2,8.9,734,7.5,6.4,8.7,685,11.2,10.2,12.2,1022,3.1,2.9,3.4,287,6
85,52,7,14,5,0,31,6,89,12.2,2.4,9.7,0.0,-3.6,-3.6,30,5.2,40.0,28.8,25.9,18.9,32.6,31.4,17,4.6,70.2,247.1,236.2,91.5,88.0,9.8,9.4,0,37.6,41.9,39.4,44.4,9.1,8.1,10.1,59,7.9,6.6,9.3,52,12.3,11.2,13.4,80,3.6,3.3,3.9,23,4
1455,913,542,69,95,7,201,114,1514,10.4,9.5,1.0,0.0,4.9,4.9,1434,10.6,47.0,27.5,14.9,12.4,16.4,14.5,344,3.7,93.9,230.8,212.0,80.3,74.4,6.5,6.1,4,24.4,46.3,44.0,48.6,8.6,7.7,9.5,1293,10.4,9.0,12.1,1575,13.0,12.0,14.1,1963,3.2,3.0,3.5,486,6
48038,25564,23386,42255,19454,1017,20829,15,11913,10.8,8.7,2.1,1.2,-3.3,-2.0,51916,11.2,23.2,31.6,33.9,16.5,22.2,21.5,14850,4.5,108.4,244.8,213.8,91.1,82.1,7.7,7.3,138,20.9,37.5,36.1,39.0,6.2,5.7,6.7,32977,6.0,5.2,6.8,31913,11.4,10.7,12.2,60774,3.2,3.0,3.4,16872,3
40954,20968,8173,6944,17749,678,14608,4416,8757,10.4,7.9,2.5,0.8,4.3,5.1,22840,5.6,20.6,29.7,44.1,7.0,8.0,7.7,10118,3.0,118.9,285.7,262.5,95.4,88.9,7.8,7.1,94,22.1,29.9,28.2,31.7,5.1,4.6,5.7,23840,5.1,4.2,6.0,23563,7.3,6.7,7.9,33878,2.5,2.4,2.7,11726,2
2782,1396,12422,190,664,25,555,133,1554,13.6,10.1,3.4,0.1,-0.1,-0.1,4705,18.2,34.5,30.8,16.5,19.6,30.4,30.0,776,4.0,77.9,228.7,202.9,79.1,71.9,7.0,6.1,20,20.0,48.8,47.2,50.4,8.0,7.4,8.7,2457,9.4,8.3,10.5,2860,14.2,13.5,15.0,4348,3.6,3.4,3.8,1092,5
1980,1029,7134,225,225,37,425,-9,326,13.6,12.3,1.3,-0.1,-1.5,-1.6,3362,19.1,38.5,26.6,15.8,24.9,40.6,39.8,694,5.8,63.4,228.7,202.9,79.1,71.9,7.0,6.1,8,21.4,49.4,47.6,51.2,9.1,8.3,9.8,1790,10.7,9.4,12.0,2122,16.0,15.1,17.0,3171,3.9,3.7,4.2,781,5
1033,556,2173,125,125,22,341,159,65,13.5,9.6,3.9,2.5,6.0,8.5,1290,15.5,35.7,30.2,18.6,18.8,30.5,30.1,245,4.9,72.1,224.8,199.9,72.9,66.5,6.2,5.4,0,24.0,52.1,50.2,53.9,9.4,8.7,10.2,903,9.2,8.0,10.3,880,15.5,14.5,16.4,1479,3.8,3.6,4.1,366,6
308,210,225,50,11,2,99,-30,99,10.1,13.1,-3.0,1.1,-6.3,-5.2,464,19.5,32.4,28.4,19.6,20.4,31.5,30.4,53,3.6,65.5,224.8,199.9,72.9,66.5,6.2,5.4,0,25.3,47.1,45.0,48.9,9.7,8.8,10.6,260,9.1,7.8,10.4,245,15.1,14.1,16.0,405,3.9,3.6,4.2,104,6
7716,4300,4581,204,1234,25,2158,-1262,3934,10.9,12.7,-1.7,0.1,-11.8,-11.7,7599,12.0,33.1,29.3,25.7,19.3,23.1,22.8,1955,4.7,90.4,263.4,231.6,100.1,89.4,10.5,9.2,88,23.7,54.0,51.6,56.3,9.8,8.8,10.9,7342,12.0,10.2,13.9,8960,13.8,12.6,15.0,10298,3.4,3.1,3.7,2530,3
615,344,1179,71,26,10,121,109,1481,7.5,9.1,-1.6,11.8,2.5,14.3,1467,23.9,40.8,19.6,15.8,21.0,26.1,22.3,91,3.2,77.0,265.2,240.7,86.8,80.1,6.9,6.0,0,19.2,49.3,47.2,51.3,9.9,9.0,10.9,690,11.6,10.1,13.2,810,13.8,12.8,14.7,959,3.7,3.4,3.9,254,6
1867,976,193,56,211,11,293,57,180,11.5,8.3,3.2,0.5,-1.3,-0.8,839,5.1,35.1,35.5,24.3,8.2,10.0,8.9,363,2.6,111.9,264.9,238.3,94.6,86.4,7.9,7.1,0,24.0,43.7,41.2,46.1,7.1,6.3,7.8,1293,6.7,5.6,7.8,1220,9.8,8.9,10.7,1793,2.9,2.7,3.2,538,3
10728,6857,3532,912,871,67,2753,-670,6071,10.0,11.0,-1.1,2.6,-6.8,-4.2,9985,11.1,35.9,31.3,21.7,18.3,27.0,24.7,2766,5.0,67.5,375.1,304.1,112.9,94.8,10.2,7.4,26,25.6,46.5,44.5,48.3,8.8,8.0,9.8,9013,10.1,8.6,11.6,10253,12.4,11.4,13.5,12684,3.5,3.2,3.8,3571,5
12167,5938,3999,553,1230,98,2235,1449,2084,9.3,10.4,-1.1,0.7,11.5,12.2,9996,10.9,34.8,30.3,24.0,9.9,13.5,12.8,2009,3.2,110.6,253.1,225.8,85.1,77.8,8.1,7.4,16,25.8,48.8,46.6,51.1,8.6,7.8,9.5,9041,10.1,8.6,11.8,10575,12.5,11.4,13.5,13065,3.2,3.0,3.5,3383,3
3729,2386,445,168,175,15,519,-202,863,10.2,12.6,-2.4,0.1,-2.1,-2.0,2902,9.0,38.6,33.1,19.4,12.9,19.3,17.7,1132,4.9,82.1,284.4,240.5,99.6,87.2,7.0,5.8,0,26.5,45.1,42.7,47.5,8.2,7.4,9.0,2923,9.4,8.1,10.7,3341,11.3,10.4,12.3,4045,3.3,3.0,3.5,1160,2
409,251,6,15,14,0,50,85,47,15.8,9.0,6.8,0.7,11.0,11.6,425,14.4,46.9,27.1,11.6,16.9,27.3,28.1,82,4.1,72.5,273.1,236.3,86.6,79.0,7.0,6.3,0,25.5,49.3,47.0,51.6,9.7,8.8,10.7,334,11.3,9.8,12.9,391,13.2,12.1,14.2,453,3.6,3.3,3.9,122,5
90,40,4,9,2,0,23,-34,0,8.7,6.5,2.2,0.0,-39.1,-39.1,51,9.0,27.7,37.0,26.3,7.8,10.2,10.2,13,3.0,111.3,224.8,199.9,72.9,66.5,6.2,5.4,0,28.7,47.3,45.3,49.3,8.9,8.0,9.8,61,8.3,7.1,9.6,57,12.6,11.6,13.6,86,3.3,3.1,3.6,23,6
7448,4742,12990,305,809,24,3137,-406,5863,11.8,10.5,1.3,-0.1,-5.1,-5.3,7192,10.4,38.5,33.2,17.8,14.4,18.7,17.2,2147,4.5,89.6,292.7,248.6,93.7,83.7,8.3,7.1,62,23.1,47.2,45.1,48.8,8.4,7.7,9.2,6669,9.6,8.4,10.9,7559,13.0,12.1,13.9,10254,3.3,3.0,3.5,2575,4
54298,32646,49477,3336,44707,589,19052,4910,28276,10.3,8.8,1.5,6.3,-1.8,4.4,54112,9.6,28.1,26.3,35.9,9.0,10.8,9.9,15956,3.5,89.9,449.5,353.7,134.3,114.6,9.6,7.3,169,20.8,39.3,37.3,41.2,6.2,5.6,6.9,40556,6.0,4.9,7.1,39053,9.4,8.6,10.2,61478,2.7,2.5,2.9,17828,3
5996,2960,527,260,685,12,759,214,987,8.6,11.6,-3.0,0.6,6.4,7.0,2427,5.9,32.3,29.5,32.3,11.6,15.9,15.1,1116,3.8,93.8,330.2,305.7,128.9,119.7,12.1,11.7,6,31.1,41.9,39.5,44.1,8.6,7.7,9.6,3913,8.4,7.0,9.8,3806,11.0,9.9,12.1,5000,3.3,3.1,3.6,1505,6
6635,3557,6797,214,764,22,981,246,722,7.8,13.4,-5.5,0.2,10.1,10.3,3579,9.1,31.6,28.8,30.4,10.4,17.7,16.9,2050,8.0,71.3,386.0,306.1,116.2,97.6,9.6,7.5,6,34.2,45.9,43.8,47.9,8.8,7.9,9.8,3783,8.6,7.1,10.0,3671,14.0,12.8,15.1,5992,3.6,3.3,3.8,1530,3
25788,14026,147401,1768,9149,209,8538,-936,8776,13.0,9.6,3.4,1.4,-7.1,-5.8,25441,9.6,26.2,30.2,34.1,16.7,25.9,23.9,6598,3.5,106.1,207.6,188.2,79.9,75.0,7.0,6.5,209,20.1,47.0,45.4,48.6,7.6,7.0,8.3,23077,7.6,6.6,8.7,22960,12.8,12.0,13.6,38634,3.2,3.0,3.4,9669,3
8405,4148,5303,779,595,83,1628,1238,1238,11.1,13.7,-2.6,0.8,16.9,17.7,9317,16.5,33.7,31.6,18.2,19.4,29.9,27.9,1364,3.7,71.5,224.8,199.9,72.9,66.5,6.2,5.4,10,28.0,54.5,52.5,56.5,10.2,9.3,11.2,6615,10.4,8.9,11.8,6692,15.1,13.9,16.1,9719,3.9,3.6,4.2,2494,5
3076,1595,2816,162,641,12,758,366,4828,9.5,9.2,0.3,1.0,7.0,8.0,4071,13.0,41.5,28.6,16.9,10.7,14.1,12.8,778,3.8,109.8,292.7,248.6,93.7,83.7,8.3,7.1,13,20.0,46.7,44.4,48.8,7.6,6.9,8.3,2669,9.0,7.7,10.4,3174,11.8,10.8,12.7,4152,2.9,2.7,3.1,1009,2
775,352,3153,475,40,5,228,-59,0,6.2,14.3,-8.2,0.3,-0.4,-0.1,1162,21.4,38.7,26.6,13.3,12.3,18.8,17.7,145,3.9,78.3,263.2,231.8,90.3,81.7,7.3,6.3,0,30.7,51.1,49.3,52.8,9.7,9.1,10.4,570,10.2,9.1,11.3,600,17.7,16.7,18.7,1043,4.3,4.1,4.6,254,2
517,363,326,50,38,0,120,-111,978,10.2,11.2,-1.0,-0.2,-16.5,-16.6,400,8.8,34.0,36.9,20.4,11.9,14.2,13.7,76,2.8,86.4,227.6,206.5,88.0,80.5,6.8,6.3,0,28.0,49.0,46.8,51.3,8.2,7.4,9.2,416,8.2,7.0,9.5,413,12.7,11.7,13.8,643,3.2,3.0,3.5,164,6
1183,754,60,50,50,0,189,5,277,11.6,11.3,0.3,-0.1,0.4,0.2,813,8.2,38.0,35.0,18.8,9.7,12.8,12.1,161,2.2,100.0,218.2,193.1,84.8,77.9,6.9,6.5,0,26.6,45.8,43.6,48.2,8.0,7.1,8.8,863,7.7,6.5,8.9,833,11.2,10.2,12.2,1217,3.1,2.9,3.4,342,3
320,189,35,35,4,0,22,18,41,8.5,10.8,-2.3,0.9,9.4,10.3,315,18.4,35.1,28.7,17.8,21.6,40.8,40.2,34,4.0,59.2,224.8,199.9,72.9,66.5,6.2,5.4,0,33.3,50.4,48.6,51.9,11.2,10.2,12.3,198,9.2,7.9,10.7,163,16.7,15.6,17.8,295,4.3,4.0,4.6,75,6
1204,601,19,97,17,0,186,-186,123,8.6,15.0,-6.5,-0.3,-13.5,-13.8,1177,17.1,44.6,26.1,12.2,22.0,33.2,30.2,179,5.2,63.2,273.1,236.3,86.6,79.0,7.0,6.3,0,33.4,58.1,55.4,60.4,13.5,12.1,14.9,986,14.9,12.7,17.2,1095,17.9,16.3,19.3,1309,4.7,4.3,5.2,346,6
737,422,483,480,114,19,259,-124,1301,10.6,9.8,0.8,-0.2,-13.6,-13.8,996,14.1,37.9,33.1,14.9,13.3,15.6,14.2,170,3.7,100.3,213.5,185.8,72.3,65.0,5.6,5.0,0,23.2,51.4,49.4,53.3,8.3,7.6,9.0,630,8.8,7.7,10.0,671,11.7,10.9,12.5,889,3.2,3.0,3.4,242,6
31872,20177,69551,5262,84087,519,19947,4692,17442,14.0,7.7,6.2,4.4,-2.0,2.4,35551,9.9,20.9,27.3,41.9,14.6,20.9,20.6,7742,2.7,89.5,302.7,265.0,104.9,96.0,7.4,6.6,135,19.1,36.7,35.1,38.3,5.6,5.1,6.1,23497,4.6,3.9,5.4,19505,9.4,8.7,10.1,39594,2.7,2.5,2.9,11261,1
20873,9833,45620,1560,6428,440,5554,4214,2340,11.0,8.5,2.5,2.0,9.9,11.9,20514,10.4,28.7,30.8,30.1,12.5,17.5,16.0,4225,2.9,115.6,229.5,205.0,80.1,72.3,7.0,6.2,55,21.0,41.2,39.3,42.9,6.7,6.1,7.4,15260,7.2,6.0,8.4,16289,11.1,10.2,11.9,25111,2.9,2.8,3.2,6683,3
108068,54810,204553,44935,168410,10339,76822,18400,37611,14.1,6.9,7.2,0.7,0.7,1.4,272865,20.5,26.5,32.8,20.3,14.9,21.4,20.5,38779,4.0,84.1,279.6,243.8,96.2,87.1,7.2,6.2,410,15.6,45.3,43.9,46.7,5.8,5.4,6.2,93262,6.0,5.3,6.6,95615,12.8,12.1,13.4,204266,3.1,2.9,3.2,49429,2
153797,113753,292762,8715,43551,1623,27198,15603,21625,10.0,10.5,-0.5,8.6,2.5,11.1,124483,11.8,24.5,28.0,35.7,12.2,18.5,17.1,26049,3.6,111.4,265.2,240.7,86.8,80.1,6.9,6.0,401,29.1,41.2,39.4,42.9,8.7,7.8,9.6,104031,8.5,7.3,9.9,102154,13.6,12.7,14.6,163990,3.6,3.4,3.9,43465,2
11557,6661,8617,897,2285,105,3972,809,2694,12.0,9.0,3.0,0.5,1.6,2.0,10334,9.4,36.4,32.4,21.8,10.9,15.0,13.9,2766,3.2,94.9,264.9,238.3,94.6,86.4,7.9,7.1,33,21.7,43.8,41.7,45.9,7.0,6.3,7.7,8720,6.9,5.9,8.0,8680,10.4,9.5,11.2,13020,3.0,2.8,3.3,3784,4
245,256,17,27,4,1,43,-44,143,11.0,11.5,-0.6,1.7,-13.8,-12.1,213,8.5,36.5,35.1,19.8,11.7,13.9,12.4,49,2.4,79.2,239.2,214.5,88.2,80.3,6.8,6.2,0,29.3,46.9,44.4,49.2,8.1,7.2,9.0,221,7.9,6.6,9.2,216,11.5,10.4,12.5,317,3.3,3.0,3.6,90,6
82,58,12,29,3,0,25,8,29,12.9,5.6,7.2,0.8,-1.6,-0.8,68,7.5,32.9,33.6,26.1,10.7,9.8,9.9,18,2.5,96.5,240.4,219.1,92.8,84.8,9.2,8.6,0,26.4,41.2,38.6,43.8,7.6,6.8,8.5,73,6.2,5.1,7.3,59,10.2,9.1,11.2,98,3.0,2.8,3.3,29,6
6043,3752,600,95,200,8,636,-613,650,9.7,13.4,-3.6,0.1,-5.7,-5.7,5129,10.5,48.0,25.2,16.2,9.2,13.6,13.1,1615,5.0,81.2,320.5,273.3,100.8,88.2,8.7,7.2,12,28.1,48.5,45.9,50.6,8.8,7.9,9.7,4646,9.5,8.1,11.0,5030,13.1,12.0,14.2,6934,3.4,3.1,3.7,1789,2
996,501,2293,57,29,10,157,-99,102,10.9,9.8,1.1,-0.1,-9.2,-9.3,1536,18.7,40.1,30.2,11.0,22.0,34.3,33.2,255,5.9,88.7,191.3,174.8,65.9,61.2,7.1,6.7,0,24.6,56.0,54.0,57.8,10.0,9.1,10.9,921,11.5,10.2,13.0,1063,15.4,14.4,16.4,1423,3.9,3.6,4.1,357,4
45236,24161,40389,2165,8062,663,7382,11408,3869,9.4,12.4,-3.0,3.4,31.9,35.3,26405,10.7,32.9,33.7,22.7,11.5,19.5,17.9,5455,3.5,94.6,265.2,240.7,86.8,80.1,6.9,6.0,158,32.9,46.1,44.3,47.9,10.0,9.1,11.0,28883,10.3,8.7,11.8,29587,14.1,13.1,15.2,40608,3.8,3.5,4.1,10946,2
1569,657,175,211,326,35,363,-180,270,9.9,3.2,6.7,1.6,-16.2,-14.5,958,5.6,13.2,23.8,57.4,6.3,6.7,5.9,464,3.0,159.2,207.9,199.6,79.8,76.2,10.6,10.4,6,18.7,24.3,22.4,26.1,5.2,4.6,5.8,981,4.9,4.0,6.0,928,7.2,6.5,8.0,1360,2.4,2.2,2.6,447,5
16702,8783,35762,1863,21427,198,12261,408,17194,11.5,7.6,3.9,6.8,-9.4,-2.6,12738,7.3,21.7,32.5,38.5,18.1,19.1,18.6,5483,3.6,93.3,287.0,249.7,97.8,87.6,7.9,6.7,219,18.0,35.5,33.8,37.2,6.0,5.5,6.6,14157,7.1,6.1,8.1,16546,9.1,8.4,9.8,21235,2.7,2.5,2.9,6330,3
1803,864,157,60,69,8,302,78,123,8.3,13.8,-5.5,-0.4,10.4,10.0,1861,14.2,39.9,28.6,17.3,10.8,18.6,17.8,341,4.3,112.4,263.4,231.6,100.1,89.4,10.5,9.2,0,29.3,50.6,48.1,52.9,10.4,9.3,11.4,1513,12.4,10.6,14.2,1816,14.8,13.5,15.9,2157,3.5,3.2,3.7,504,6
11206,6282,92819,990,5426,483,5985,394,6328,13.9,9.8,4.1,1.4,-3.5,-2.1,16128,12.7,27.3,33.9,26.2,20.1,28.4,26.9,4029,5.1,79.5,228.7,202.9,79.1,71.9,7.0,6.1,61,17.4,47.6,46.1,49.1,6.9,6.4,7.4,10041,7.6,6.8,8.5,11067,14.3,13.5,15.1,20949,3.4,3.2,3.6,4922,3
3455,1762,9262,225,253,56,549,-154,430,10.8,14.8,-4.0,1.8,-2.4,-0.7,4419,18.7,38.8,23.9,18.5,17.3,27.0,25.7,639,3.8,59.1,263.2,231.8,90.3,81.7,7.3,6.3,10,29.6,50.0,48.1,51.9,10.4,9.5,11.4,2673,10.9,9.5,12.4,2797,16.9,15.8,18.0,4348,4.2,3.9,4.5,1089,6
5705,2938,507,171,558,21,978,29,823,8.3,9.6,-1.3,1.6,0.3,1.9,2821,6.8,30.1,26.8,36.3,9.6,11.3,10.6,682,2.3,94.3,367.1,322.7,130.3,121.5,11.7,9.9,0,29.7,36.5,34.2,38.9,7.0,6.2,7.9,3185,7.3,5.9,8.9,3325,10.3,9.2,11.4,4671,3.0,2.8,3.3,1379,5
1406,619,1733,58,88,6,286,428,210,10.2,9.9,0.3,-0.1,23.1,23.0,1599,13.0,40.9,30.1,15.9,10.6,14.6,13.4,319,3.6,114.1,228.7,202.9,79.1,71.9,7.0,6.1,0,20.4,46.2,43.9,48.3,7.4,6.7,8.1,1050,8.6,7.5,9.9,1234,12.1,11.2,12.9,1722,3.0,2.8,3.2,434,2
563,299,49,134,26,1,76,-36,8,8.2,7.1,1.1,0.0,-9.1,-9.1,274,8.4,34.9,45.5,11.2,23.5,31.8,30.2,139,6.1,72.8,244.8,213.8,91.1,82.1,7.7,7.3,0,30.2,50.9,49.0,52.8,10.8,10.0,11.6,399,8.0,7.2,8.8,294,19.9,18.7,21.0,735,5.1,4.8,5.5,190,6
24484,14958,15215,11351,29494,2682,16496,117,18086,13.8,6.2,7.6,0.8,-8.1,-7.4,78816,28.7,20.4,26.4,24.5,13.3,19.2,19.0,14047,6.3,92.6,279.6,243.8,96.2,87.1,7.2,6.2,27,17.6,37.0,35.3,38.7,6.3,5.8,6.9,20306,6.3,5.5,7.2,20253,11.2,10.5,12.0,36143,3.2,3.0,3.4,10298,3
962,578,841,368,1602,47,285,-393,151,18.6,6.2,12.4,6.4,-37.0,-30.7,4171,33.3,23.3,29.1,14.3,12.2,16.8,16.4,297,2.7,88.7,224.8,199.9,72.9,66.5,6.2,5.4,3,14.8,48.7,46.8,50.5,7.4,6.8,7.9,1081,7.2,6.4,8.1,1058,13.7,12.9,14.4,1997,3.2,3.0,3.4,472,5
2818,1428,1791,340,165,15,754,-260,3315,9.1,10.3,-1.2,0.4,-6.5,-6.1,3618,14.5,42.5,30.3,12.7,16.1,22.3,18.5,638,4.0,85.5,230.8,212.0,80.3,74.4,6.5,6.1,4,22.1,50.4,48.1,52.4,8.9,8.1,9.8,2499,11.1,9.6,12.5,3105,13.9,12.9,14.9,3908,3.3,3.1,3.6,939,5
8744,5683,18339,278,1245,53,3140,-821,4009,12.1,11.2,0.9,0.6,-9.3,-8.7,7117,9.7,34.4,33.3,22.5,17.4,27.0,25.3,2795,5.6,77.9,284.4,240.5,99.6,87.2,7.0,5.8,65,25.3,47.0,44.8,49.2,8.2,7.5,9.0,6677,9.0,7.8,10.4,7365,12.3,11.4,13.2,10017,3.4,3.2,3.6,2780,4
19001,9305,3959,5092,14226,549,11464,-850,14048,9.9,7.1,2.7,1.0,-6.8,-5.8,24323,13.6,15.8,30.6,40.0,12.2,14.5,13.7,6984,4.9,111.9,279.6,243.8,96.2,87.1,7.2,6.2,22,20.9,28.4,26.8,30.1,5.7,5.2,6.4,12721,5.9,5.0,6.9,13091,9.2,8.5,9.9,20316,2.9,2.7,3.1,6334,3
70941,37399,313423,7832,78758,2772,37489,27712,35267,12.2,6.3,5.9,14.5,-0.1,14.4,101305,11.5,24.5,30.1,33.8,15.6,22.8,21.8,23857,3.2,104.7,265.2,240.7,86.8,80.1,6.9,6.0,388,16.0,40.5,39.1,41.9,6.1,5.7,6.6,66065,6.7,6.0,7.5,72406,10.9,10.3,11.5,117345,2.9,2.8,3.0,31062,1
6334,3215,948,425,834,34,1125,354,2987,9.8,8.3,1.6,0.4,2.2,2.7,4931,8.5,33.8,32.9,24.8,8.1,10.4,9.7,1328,2.9,108.3,264.9,238.3,94.6,86.4,7.9,7.1,4,21.6,41.0,38.7,43.3,6.6,6.0,7.4,4466,6.5,5.5,7.6,4336,9.2,8.3,10.1,6169,2.8,2.6,3.0,1886,5
4118,1775,344,4219,428,46,1501,769,1800,9.4,6.5,2.9,-0.1,10.9,10.8,1966,5.0,20.3,30.8,43.9,9.2,10.8,10.0,971,3.0,92.0,285.7,262.5,95.4,88.9,7.8,7.1,11,22.9,32.5,30.4,34.5,5.7,5.1,6.3,2593,5.6,4.6,6.6,2553,7.8,7.1,8.5,3561,2.7,2.5,2.9,1225,5
14216,7117,2603,344,2318,42,2431,906,1199,9.8,8.5,1.3,0.2,3.6,3.8,6282,5.1,31.6,30.0,33.3,6.5,7.5,6.7,4111,4.3,136.2,292.7,248.6,93.7,83.7,8.3,7.1,12,22.8,39.2,36.8,41.5,7.0,6.3,7.8,9713,7.7,6.4,9.0,10680,10.5,9.6,11.5,14667,2.7,2.5,2.9,3772,2
1107,516,3259,24,24,2,107,-206,363,8.0,10.0,-2.0,-0.2,-18.5,-18.7,1324,18.3,33.4,33.8,14.5,17.9,24.0,21.9,196,5.5,95.2,191.3,174.8,65.9,61.2,7.1,6.7,0,28.1,49.8,48.0,51.6,10.0,9.2,10.9,809,10.5,9.2,11.9,849,16.1,15.2,17.1,1302,4.0,3.7,4.3,322,5
1991,1054,7820,64,72,1,255,-272,116,11.8,11.4,0.5,0.1,-12.9,-12.7,3054,19.7,40.2,24.8,15.2,20.3,27.7,26.7,536,5.4,97.0,260.3,231.8,84.1,75.8,9.1,7.8,0,26.2,51.9,50.0,53.6,9.7,8.9,10.6,1671,10.9,9.6,12.2,1871,16.2,15.2,17.2,2779,4.0,3.7,4.2,683,3
309,250,16,20,30,1,54,-36,51,13.9,9.0,4.9,0.3,-15.0,-14.8,251,10.2,46.9,24.9,18.0,12.2,19.6,19.2,60,3.1,84.6,273.1,236.3,86.6,79.0,7.0,6.3,0,28.3,48.4,45.9,50.9,9.4,8.4,10.4,260,10.3,8.7,11.9,285,12.8,11.6,13.9,355,3.4,3.2,3.7,95,6
68390,44272,128502,6890,34265,437,18765,925,27667,10.6,10.7,-0.1,3.0,-1.8,1.1,55426,8.6,27.7,30.0,33.7,13.7,19.2,17.8,19574,4.4,83.3,375.1,304.1,112.9,94.8,10.2,7.4,262,23.4,41.2,39.3,42.9,7.3,6.6,8.1,53850,7.8,6.6,9.0,56970,11.4,10.4,12.3,83461,3.1,2.8,3.3,22451,1
5458,2712,1925,300,939,117,1271,917,541,10.3,10.1,0.2,0.2,13.3,13.5,5727,12.6,32.4,34.3,20.8,11.9,16.5,14.6,1134,3.4,95.2,228.7,202.9,79.1,71.9,7.0,6.1,0,22.4,43.1,40.6,45.3,7.4,6.7,8.2,3852,8.4,7.2,9.8,4376,11.6,10.6,12.6,6031,3.0,2.8,3.2,1564,3
9712,6084,12664,5364,4751,207,4798,2848,6274,14.9,7.1,7.8,8.8,-1.7,7.1,9551,7.8,27.2,33.1,31.9,9.6,9.8,8.4,2891,2.6,105.2,240.4,219.1,92.8,84.8,9.2,8.6,54,17.7,37.8,35.8,39.6,6.0,5.5,6.7,8689,4.9,4.1,5.7,7047,8.8,8.0,9.5,12592,2.5,2.3,2.7,3587,4
6720,3409,13983,513,2498,361,4198,2130,3223,12.9,8.8,4.2,1.2,14.2,15.4,6726,9.5,30.3,37.1,23.0,13.4,17.7,16.1,1991,4.1,104.2,230.9,214.6,77.3,72.9,8.3,7.6,20,18.1,52.2,50.2,54.0,8.0,7.3,8.7,6655,9.5,8.3,10.8,7912,13.4,12.5,14.3,11144,3.0,2.8,3.2,2496,4
7925,5005,2144,611,1968,74,1422,695,3543,10.0,8.9,1.1,1.5,4.2,5.7,5889,8.3,36.6,32.4,22.7,9.5,11.9,9.6,1519,2.6,97.8,264.9,238.3,94.6,86.4,7.9,7.1,15,23.5,38.0,35.8,40.1,7.0,6.3,7.7,5633,6.7,5.7,7.8,5424,9.7,8.8,10.5,7847,3.0,2.7,3.2,2399,4
8623,3761,5949,284,737,29,1427,937,792,9.3,12.1,-2.8,2.0,12.8,14.8,8886,16.1,29.9,29.5,24.6,14.4,20.5,19.8,1159,3.3,96.3,229.5,205.0,80.1,72.3,7.0,6.2,12,29.9,49.6,47.5,51.8,9.2,8.2,10.3,5793,9.8,8.2,11.4,6132,13.8,12.7,15.0,8681,3.7,3.4,4.0,2306,5
2413,1451,16581,156,160,8,322,-145,2322,11.1,13.0,-1.9,13.2,-16.1,-2.8,4843,21.6,34.6,26.0,17.8,29.4,40.4,40.1,696,6.2,74.6,191.3,174.8,65.9,61.2,7.1,6.7,15,23.7,56.4,54.7,58.1,10.7,9.9,11.5,2662,11.4,10.1,12.8,2838,19.6,18.5,20.7,4882,4.7,4.4,4.9,1161,5
788,480,343,276,140,4,284,497,80,15.3,7.8,7.6,1.7,18.5,20.2,2695,25.4,36.7,27.5,10.4,10.7,14.0,13.5,225,2.4,140.1,224.8,199.9,72.9,66.5,6.2,5.4,0,14.7,46.7,44.8,48.7,6.4,5.9,6.9,805,6.4,5.7,7.1,806,11.9,11.3,12.6,1498,2.8,2.7,3.0,356,5
950,507,291,1707,65,5,865,-148,292,11.3,15.4,-4.1,-0.2,-9.2,-9.3,1198,16.1,35.6,31.2,17.2,19.5,25.9,23.6,154,2.9,76.6,206.7,189.1,73.9,68.5,6.2,5.8,0,24.5,54.0,52.0,55.8,10.5,9.6,11.3,876,11.0,9.6,12.4,920,14.7,13.7,15.6,1231,3.8,3.6,4.1,320,6
8979,4499,24153,617,1102,126,2253,-387,2739,11.3,13.1,-1.8,0.6,-2.2,-1.6,12620,15.9,32.4,33.7,18.0,19.5,26.5,24.1,2139,4.7,91.0,217.1,196.7,77.2,71.2,7.6,6.9,24,23.5,53.6,51.6,55.5,9.1,8.3,9.9,8146,10.2,8.9,11.7,9158,14.7,13.6,15.7,13182,3.6,3.3,3.8,3204,4
1273,841,664,221,402,44,142,39,565,14.5,9.7,4.8,1.8,-4.3,-2.6,2481,22.2,36.0,29.0,12.8,12.3,16.4,15.5,276,3.4,91.3,218.2,193.1,84.8,77.9,6.9,6.5,0,22.4,46.8,44.9,48.7,8.2,7.4,9.1,1046,8.0,6.9,9.3,1030,11.9,11.0,12.8,1529,3.3,3.1,3.6,430,6
3242,2272,2644,233,465,46,519,140,1047,13.4,8.0,5.4,4.1,-6.2,-2.2,3293,11.5,25.8,39.3,23.4,11.5,17.9,16.4,726,2.9,86.2,302.7,265.0,104.9,96.0,7.4,6.6,8,24.5,38.0,36.0,40.0,7.3,6.5,8.2,2373,6.3,5.2,7.4,2036,10.4,9.5,11.3,3369,3.2,2.9,3.5,1029,5
2185,996,8959,82,103,13,376,99,1452,11.9,10.5,1.4,1.4,0.7,2.1,3417,18.4,32.6,31.6,17.4,17.6,25.9,24.0,600,4.9,107.5,191.3,174.8,65.9,61.2,7.1,6.7,0,20.9,51.8,49.9,53.5,8.5,7.8,9.2,1884,9.5,8.4,10.7,2109,13.8,12.9,14.7,3062,3.4,3.2,3.7,765,2
11602,4308,208956,1681,15020,336,6841,5081,4702,14.1,6.4,7.7,2.9,7.1,10.0,26249,15.3,32.9,32.3,19.5,17.6,27.3,27.9,6688,4.9,78.6,228.7,202.9,79.1,71.9,7.0,6.1,34,13.5,48.4,46.5,50.3,6.1,5.6,6.5,12677,7.3,6.4,8.2,15181,15.3,14.3,16.4,32077,3.4,3.2,3.6,7077,2
1587,845,160,91,92,1,223,82,177,11.8,12.9,-1.1,0.6,5.3,5.8,3059,24.5,36.3,26.4,12.9,21.6,30.5,28.7,364,5.8,69.0,230.9,214.6,77.3,72.9,8.3,7.6,2,26.4,51.8,49.5,53.8,11.6,10.5,12.8,1603,14.6,12.6,16.6,2010,16.8,15.5,18.0,2318,4.0,3.7,4.3,548,6
7282,4028,10999,562,10340,77,3720,2047,8511,11.9,4.8,7.2,6.4,0.1,6.5,4100,4.7,16.2,26.1,53.0,15.8,13.7,13.7,1635,1.9,107.2,218.2,193.1,84.8,77.9,6.9,6.5,95,15.0,30.9,29.1,32.7,4.8,4.3,5.3,5763,4.5,3.8,5.4,5487,7.4,6.8,8.0,8941,2.2,2.1,2.4,2667,4
17179,11103,37316,1531,7010,267,8321,777,11339,13.0,9.2,3.7,1.9,-2.8,-0.8,20253,11.6,30.7,28.6,29.2,13.5,17.7,15.9,4871,3.6,98.1,230.8,212.0,80.3,74.4,6.5,6.1,74,21.4,44.5,42.7,46.3,7.2,6.5,7.9,14844,9.0,7.8,10.4,18610,12.5,11.6,13.4,25783,3.1,2.9,3.3,6329,3
7952,3097,9101,280,1283,52,3492,2116,895,11.7,9.2,2.5,-0.1,15.7,15.6,8671,11.2,37.5,30.4,21.0,11.5,16.0,14.4,2312,4.1,135.4,263.4,231.6,100.1,89.4,10.5,9.2,20,19.6,51.0,49.0,53.0,8.0,7.3,8.8,7178,10.4,9.1,12.0,9371,12.5,11.6,13.5,11281,2.9,2.7,3.1,2604,3
6634,3796,10978,4803,6836,525,5609,1670,16066,14.8,6.0,8.8,-0.4,2.7,2.3,24270,26.3,25.5,34.7,13.5,18.8,23.2,22.4,4481,7.7,77.4,279.6,243.8,96.2,87.1,7.2,6.2,22,13.7,42.5,40.9,44.3,6.0,5.6,6.5,6652,6.3,5.7,7.0,6984,11.5,11.0,12.2,12751,3.1,2.9,3.3,3412,4
1781,903,6610,169,96,15,246,-280,199,11.2,10.3,0.8,0.4,-13.8,-13.3,4103,26.4,43.7,19.6,10.2,20.7,28.7,27.8,596,6.7,100.2,260.3,231.8,84.1,75.8,9.1,7.8,0,22.8,50.6,48.7,52.3,9.8,9.0,10.5,1709,11.6,10.3,12.9,2033,16.0,15.0,16.9,2801,3.9,3.7,4.1,682,6
875,416,103,207,98,11,300,93,102,12.9,6.8,6.0,0.5,0.7,1.1,803,9.1,40.4,33.5,17.1,12.3,16.7,15.7,277,3.7,82.7,285.7,262.5,95.4,88.9,7.8,7.1,0,21.3,35.2,33.0,37.2,6.8,6.2,7.4,668,7.2,6.2,8.3,707,9.7,8.8,10.4,943,3.0,2.8,3.2,296,5
30343,15625,66167,5677,72129,4549,31410,2733,11396,11.6,8.1,3.4,1.4,1.4,2.7,36031,12.0,23.3,38.5,26.2,7.9,10.2,9.4,8168,3.9,110.0,279.6,243.8,96.2,87.1,7.2,6.2,92,20.7,36.1,34.9,37.3,5.7,5.3,6.1,19834,5.6,5.0,6.3,19582,11.0,10.4,11.5,38175,2.9,2.8,3.1,10260,3
507,387,29,803,21,0,150,28,131,14.6,11.9,2.7,-0.5,3.1,2.6,362,9.4,40.4,28.7,21.5,19.9,28.9,30.1,79,2.6,80.1,240.4,219.1,92.8,84.8,9.2,8.6,0,29.7,44.4,41.8,46.7,9.7,8.8,10.7,410,7.8,6.6,9.0,328,12.7,11.6,13.7,535,3.8,3.5,4.1,159,6
914,496,634,38,77,4,129,134,1944,9.4,11.7,-2.3,0.0,12.3,12.3,2622,26.6,37.1,22.7,13.6,27.3,32.2,30.2,283,6.3,71.4,230.9,214.6,77.3,72.9,8.3,7.6,0,23.7,54.4,52.1,56.6,11.5,10.4,12.6,1255,14.8,12.8,16.9,1612,16.3,15.1,17.5,1777,3.9,3.6,4.2,423,6
7770,3371,2089,39414,2941,264,4334,1747,12364,11.0,6.2,4.8,1.0,6.4,7.4,8515,10.4,21.4,32.6,35.6,15.9,17.3,17.7,4233,5.5,101.9,242.0,224.0,78.1,73.2,6.9,6.1,41,16.7,31.8,30.4,33.1,5.6,5.2,6.0,6344,6.5,5.7,7.3,7322,8.5,7.9,9.0,9597,2.9,2.7,3.0,3246,4
652,225,58,108,39,10,201,107,0,7.0,8.4,-1.4,-0.3,16.6,16.3,298,5.7,28.1,27.0,39.2,8.2,12.4,11.3,129,3.2,111.2,367.1,322.7,130.3,121.5,11.7,9.9,0,28.5,40.8,38.1,43.2,6.7,5.9,7.5,387,6.7,5.4,8.0,389,9.9,8.8,10.9,575,2.8,2.6,3.1,164,4
2386,1010,150,579,208,40,635,357,198,9.8,9.8,0.0,-0.3,16.6,16.2,1916,12.2,25.5,33.5,28.9,12.7,18.1,17.5,573,5.7,76.3,278.8,246.3,100.6,91.7,6.9,6.1,0,30.5,37.4,35.3,39.6,8.8,7.9,9.8,1572,8.3,6.9,9.9,1480,12.7,11.6,14.0,2271,3.7,3.4,4.0,651,6
8356,4571,1736,352,4876,61,2560,669,9137,9.2,8.2,1.0,2.1,2.1,4.2,6270,7.5,28.0,28.9,35.6,9.7,10.9,9.5,1676,2.3,92.8,315.1,287.6,105.9,99.6,9.7,8.6,17,19.8,39.0,36.9,41.1,6.0,5.3,6.6,6329,7.0,5.8,8.1,7373,9.7,8.8,10.6,10328,2.5,2.3,2.7,2656,2
8339,4721,37974,2288,8773,572,5183,11,1335,15.8,8.7,7.1,1.6,-8.7,-7.0,21680,20.9,32.6,29.1,17.4,18.4,26.5,25.1,3753,4.8,81.0,227.6,206.5,88.0,80.5,6.8,6.3,145,16.9,51.0,49.6,52.3,7.3,6.8,7.9,8764,7.9,7.1,8.8,9450,15.2,14.4,15.9,18099,3.4,3.3,3.6,4100,2
8977,4225,79150,1234,5485,227,6351,2052,1407,11.2,7.1,4.1,0.6,8.1,8.7,7240,6.9,31.4,32.8,28.9,6.6,9.3,8.8,3299,3.9,111.5,386.0,306.1,116.2,97.6,9.6,7.5,10,16.7,48.4,46.8,49.8,5.6,5.2,6.0,6919,6.2,5.5,6.9,7638,12.6,11.8,13.3,15416,2.8,2.7,3.0,3444,2
1570,951,281,145,93,13,382,-83,445,12.3,11.5,0.8,-0.5,-4.4,-4.9,1191,8.4,39.4,32.8,19.4,9.0,12.9,12.1,342,3.2,107.8,273.1,236.3,86.6,79.0,7.0,6.3,5,23.1,45.9,43.6,48.1,8.2,7.4,9.0,1278,9.3,7.9,10.7,1456,11.6,10.6,12.5,1811,3.1,2.9,3.3,482,2
791,403,24,27,7,3,93,-82,74,9.7,13.1,-3.5,0.0,-6.0,-6.0,1503,24.3,53.5,12.7,9.5,25.1,32.7,31.1,263,8.4,81.7,263.4,231.6,100.1,89.4,10.5,9.2,0,25.0,61.4,59.0,63.7,13.1,11.8,14.3,878,16.8,14.6,19.1,1128,17.8,16.4,19.2,1198,4.1,3.8,4.5,279,4
8840,4778,4819,1322,2520,109,2840,1838,2519,11.7,7.8,3.9,1.3,8.4,9.7,7072,8.1,21.9,37.9,32.0,8.5,11.4,10.9,1873,2.6,114.8,224.8,199.9,72.9,66.5,6.2,5.4,0,19.8,40.0,38.0,42.1,6.3,5.8,7.0,6566,6.1,5.3,7.1,6364,10.0,9.2,10.8,10383,2.7,2.5,2.8,2753,3
1214,682,4244,81,75,12,336,-545,202,14.9,14.1,0.7,-0.4,-33.4,-33.8,2536,22.9,41.3,23.7,12.1,29.1,44.5,40.9,352,5.5,58.5,273.1,236.3,86.6,79.0,7.0,6.3,7,21.3,57.6,55.7,59.4,10.1,9.3,11.0,1217,12.9,11.4,14.4,1557,16.4,15.4,17.4,1985,4.1,3.8,4.4,497,6
2291,1073,8449,233,303,36,1034,339,513,11.9,9.4,2.5,0.3,8.3,8.6,2947,14.4,37.5,28.1,20.1,9.7,15.2,14.3,520,3.5,92.7,263.2,231.8,90.3,81.7,7.3,6.3,0,21.6,48.3,46.5,50.1,7.1,6.6,7.7,1686,7.6,6.7,8.5,1794,12.3,11.5,13.0,2911,3.1,2.9,3.3,735,2
92566,50203,43252,44984,35302,2438,30992,11571,25279,10.9,9.7,1.2,2.2,7.7,9.9,79230,11.7,22.5,34.0,31.9,16.2,22.2,21.4,21828,4.5,90.4,242.0,224.0,78.1,73.2,6.9,6.1,296,24.4,40.4,38.8,42.0,7.7,7.1,8.4,63461,7.0,6.0,8.1,57452,10.8,10.0,11.5,88469,3.4,3.2,3.6,28191,3
5388,2546,16181,278,493,44,1131,500,400,11.8,11.9,-0.1,0.2,7.6,7.7,6002,13.5,36.9,29.8,19.9,14.5,22.1,21.6,1026,3.5,99.7,229.5,205.0,80.1,72.3,7.0,6.2,10,24.4,47.4,45.6,49.2,8.0,7.3,8.8,4043,8.7,7.6,9.9,4378,14.6,13.7,15.5,7341,3.5,3.3,3.7,1749,3
1989,1186,14423,304,180,12,318,-267,2496,9.0,12.4,-3.4,1.6,-9.4,-7.9,3477,20.8,31.7,32.8,14.6,23.2,31.7,30.6,458,5.0,70.9,255.0,223.5,86.2,78.1,7.1,6.2,10,26.0,56.5,54.7,58.3,9.7,9.0,10.4,1857,10.2,9.1,11.3,1955,18.4,17.3,19.4,3536,4.5,4.2,4.7,856,6
3539,1621,13248,856,1608,725,3342,-75,12095,12.4,6.3,6.1,0.6,-7.7,-7.1,5609,11.9,28.0,44.5,15.7,15.0,20.1,19.0,1010,4.1,79.3,224.8,199.9,72.9,66.5,6.2,5.4,4,12.8,43.5,41.9,45.2,5.8,5.4,6.3,3358,6.6,5.9,7.3,3783,10.3,9.8,10.8,5948,2.6,2.5,2.8,1508,3
17,18,0,4,0,1,7,-12,0,10.6,0.0,10.6,0.0,-53.0,-53.0,23,14.5,37.7,29.6,18.2,13.7,15.7,14.0,6,2.8,95.5,224.8,199.9,72.9,66.5,6.2,5.4,0,11.1,45.1,42.9,47.1,8.3,7.4,9.3,17,8.0,6.7,9.3,16,12.0,11.0,13.0,25,3.2,2.9,3.5,7,6
7854,4513,977,51359,797,86,3521,-1859,1743,12.2,8.6,3.7,0.0,-18.5,-18.5,12887,15.8,30.7,38.3,15.2,23.1,26.9,22.9,3029,5.8,98.3,244.8,213.8,91.1,82.1,7.7,7.3,10,18.7,46.1,44.8,47.3,7.8,7.3,8.3,7170,9.0,8.1,9.8,8235,13.7,13.0,14.3,12569,3.7,3.5,3.9,3396,4
548,227,151,39,19,0,77,443,706,12.0,16.1,-4.1,0.0,68.3,68.3,1443,29.6,37.2,22.9,10.3,34.4,43.7,42.9,129,6.3,58.0,230.9,214.6,77.3,72.9,8.3,7.6,0,24.1,59.8,57.5,62.1,13.1,11.7,14.4,742,17.2,14.8,19.7,978,18.5,17.0,20.0,1051,4.3,4.0,4.7,247,6
379,154,7,7,2,0,30,11,10,9.0,9.0,0.0,0.0,5.7,5.7,66,3.9,32.8,32.8,30.4,12.0,18.6,17.6,61,6.9,91.2,287.0,249.7,97.8,87.6,7.9,6.7,0,42.5,50.2,47.3,53.1,11.5,10.2,12.9,207,10.7,8.9,12.6,193,14.2,12.7,15.8,256,4.1,3.7,4.4,73,5
295,137,57,80,26,3,43,-56,40,9.1,7.9,1.1,2.6,-19.6,-17.0,508,21.2,34.3,30.5,14.1,15.3,23.4,22.7,49,3.0,81.0,224.8,199.9,72.9,66.5,6.2,5.4,0,23.6,49.5,47.7,51.3,8.3,7.7,8.9,219,7.0,6.2,7.8,185,15.6,14.8,16.6,413,3.6,3.4,3.9,96,6
3447,2172,407,176,324,38,686,-212,671,12.1,10.3,1.8,0.7,-7.1,-6.4,4678,15.2,39.0,25.3,20.5,11.5,14.1,12.7,746,3.2,100.1,230.8,212.0,80.3,74.4,6.5,6.1,7,23.2,48.2,45.9,50.5,8.4,7.6,9.3,2912,10.3,8.8,12.0,3570,13.2,12.1,14.3,4577,3.3,3.0,3.6,1139,5
109920,69056,54961,23245,742295,8965,79970,4187,30975,11.5,5.9,5.6,9.2,-12.7,-3.5,157687,11.9,14.5,22.3,51.3,7.3,7.1,6.9,27282,2.6,167.4,279.6,243.8,96.2,87.1,7.2,6.2,313,17.7,28.2,26.8,29.5,4.5,4.1,4.9,67657,3.8,3.3,4.4,57548,9.5,8.8,10.1,143158,2.4,2.2,2.5,35804,1
1014,533,227,47,22,2,154,-15,113,11.4,12.0,-0.6,0.0,-0.7,-0.7,1922,24.2,40.2,23.6,12.0,18.0,26.1,24.6,218,4.3,73.3,230.9,214.6,77.3,72.9,8.3,7.6,0,28.2,54.9,52.1,57.3,12.0,10.9,13.2,1052,14.7,12.7,16.7,1286,16.9,15.5,18.2,1473,4.0,3.7,4.3,350,6
8064,4457,3754,315,499,44,2242,-199,3436,11.1,11.6,-0.5,0.8,-2.4,-1.5,9608,14.0,44.4,27.4,14.1,17.4,24.0,22.6,2330,5.3,83.6,292.7,248.6,93.7,83.7,8.3,7.1,19,25.5,50.0,47.9,52.0,10.0,9.1,11.0,7585,11.8,10.2,13.5,8944,14.5,13.4,15.5,10983,3.6,3.3,3.9,2737,5
300,227,15,58,11,2,41,-31,65,12.6,8.2,4.4,0.0,-14.6,-14.6,127,6.2,37.1,36.8,20.0,13.7,16.6,15.8,42,2.9,97.5,240.4,219.1,92.8,84.8,9.2,8.6,0,29.5,44.2,41.6,46.8,9.5,8.5,10.5,220,7.0,6.0,8.2,163,11.9,10.8,13.0,276,3.6,3.3,3.9,83,6
564,409,36,27,28,1,80,34,90,11.1,9.3,1.8,0.1,3.1,3.2,254,5.2,34.4,38.1,22.3,9.8,11.5,10.5,106,2.6,96.1,239.2,214.5,88.2,80.3,6.8,6.2,0,25.3,41.9,39.7,43.9,7.4,6.7,8.1,396,6.9,6.0,8.0,371,10.3,9.4,11.1,552,3.0,2.8,3.2,161,5
5699,2067,756,1862,911,187,2087,1893,361,10.4,11.1,-0.6,-0.5,35.4,34.9,4907,12.9,32.5,40.6,14.0,10.5,18.0,17.2,1212,5.4,101.7,213.5,185.8,72.3,65.0,5.6,5.0,0,27.8,49.4,47.7,51.1,8.9,8.2,9.8,3921,10.0,8.7,11.3,4371,12.4,11.5,13.3,5438,3.5,3.3,3.8,1548,5
1673,1093,579,419,1031,28,573,564,3611,11.9,5.4,6.5,9.7,-0.1,9.6,833,4.6,28.6,27.6,39.2,11.8,9.2,8.3,538,2.8,108.9,240.4,219.1,92.8,84.8,9.2,8.6,0,16.3,32.7,30.6,34.7,4.7,4.3,5.2,1321,4.2,3.5,4.9,1169,6.7,6.2,7.3,1890,2.2,2.0,2.3,611,5
1502,1179,394,365,188,21,350,-243,1642,10.4,11.5,-1.1,2.4,-12.8,-10.5,1292,8.9,34.6,32.9,23.5,11.4,11.5,9.8,264,2.5,87.4,237.6,217.1,87.0,79.6,10.5,9.7,6,25.2,43.3,41.0,45.5,7.7,6.9,8.6,1294,6.9,5.7,8.1,1152,10.2,9.2,11.1,1706,3.0,2.8,3.3,503,5
1401,811,4549,58,63,2,267,9,1037,10.8,13.9,-3.1,0.1,3.6,3.7,2269,20.3,43.3,22.9,13.5,21.6,31.5,28.6,315,4.6,85.0,260.3,231.8,84.1,75.8,9.1,7.8,0,25.1,53.3,51.4,55.1,10.4,9.6,11.4,1297,12.0,10.6,13.5,1488,16.4,15.4,17.3,2032,4.1,3.9,4.4,514,6
2096,1190,187,175,134,12,327,-32,307,12.5,11.8,0.6,0.8,-2.7,-1.9,1897,11.4,41.4,30.5,16.8,8.5,13.6,12.6,419,3.1,104.8,230.8,212.0,80.3,74.4,6.5,6.1,0,26.4,48.8,46.4,51.0,8.5,7.7,9.3,1566,10.3,8.8,11.9,1896,13.7,12.6,14.8,2528,3.2,3.0,3.5,600,6
3356,1650,1554,208,337,35,692,188,580,11.6,11.4,0.3,1.3,3.1,4.4,5794,20.9,43.0,22.1,14.0,22.5,35.3,31.5,661,3.9,81.1,253.1,225.8,85.1,77.8,8.1,7.4,8,23.3,53.0,50.7,55.2,10.3,9.4,11.3,3235,12.9,11.1,14.7,4040,15.3,14.1,16.5,4797,3.8,3.5,4.1,1181,5
1331,954,44,27,137,3,118,-43,198,9.0,12.2,-3.2,1.0,-0.6,0.3,760,7.3,37.8,37.4,17.5,9.0,11.4,9.8,215,2.7,96.5,218.2,193.1,84.8,77.9,6.9,6.5,0,29.0,45.6,43.1,47.9,8.1,7.2,8.9,908,7.5,6.5,8.7,843,11.1,10.1,12.1,1246,3.2,2.9,3.4,357,6
89,71,828,4,6,2,5,-33,295,10.6,6.8,3.8,0.0,-28.7,-28.7,314,29.8,37.7,25.8,6.7,40.5,50.8,51.6,34,9.0,60.2,191.3,174.8,65.9,61.2,7.1,6.7,0,22.0,62.7,60.5,64.7,11.4,10.6,12.2,132,12.9,11.7,14.3,150,20.6,19.5,21.7,238,4.9,4.6,5.2,56,6
3526,1824,3751,151,276,45,970,-398,1165,11.7,11.7,0.0,0.1,-8.9,-8.8,4222,13.2,35.6,33.3,17.9,16.3,21.6,21.1,851,3.8,101.9,230.9,214.6,77.3,72.9,8.3,7.6,12,23.5,54.5,52.5,56.6,9.8,8.9,10.7,3422,12.0,10.5,13.7,4201,15.4,14.4,16.5,5394,3.5,3.2,3.7,1213,3
3988,2121,313,170,461,5,734,75,730,9.1,10.3,-1.2,0.1,2.9,3.0,2846,8.9,37.2,27.0,26.8,11.2,15.2,13.0,493,2.1,79.7,315.1,287.6,105.9,99.6,9.7,8.6,0,27.6,39.8,37.7,42.0,7.7,6.9,8.5,2687,9.3,7.8,11.0,3252,11.5,10.4,12.6,4012,3.1,2.9,3.4,1095,5
1152,450,2283,124,104,16,175,16,121,13.9,10.3,3.7,-0.3,-2.2,-2.5,2165,22.3,40.4,27.3,10.0,20.6,30.9,29.0,296,4.9,63.5,228.7,202.9,79.1,71.9,7.0,6.1,4,21.5,50.9,49.0,52.8,9.5,8.7,10.2,1044,11.6,10.2,13.1,1284,15.6,14.6,16.5,1718,3.9,3.7,4.2,431,6
8454,4173,5558,666,1229,135,2139,1410,2762,11.4,10.1,1.2,0.7,11.3,12.1,11143,15.7,32.3,30.1,21.9,14.7,20.9,19.4,1803,3.6,96.3,253.1,225.8,85.1,77.8,8.1,7.4,27,22.2,50.7,48.5,52.7,8.6,7.8,9.4,7180,10.3,8.8,11.8,8594,13.2,12.2,14.2,11034,3.2,3.0,3.5,2704,4
747,610,82,59,121,4,158,-215,498,9.2,14.8,-5.7,0.7,-19.4,-18.7,520,8.6,30.5,38.4,22.5,16.0,18.4,16.4,133,3.5,76.5,227.6,206.5,88.0,80.5,6.8,6.3,0,26.8,47.4,45.0,49.6,8.8,7.9,9.9,596,8.8,7.4,10.2,597,13.0,11.9,14.2,880,3.5,3.2,3.8,235,6
9002,4565,7684,586,2710,38,2759,349,1770,10.2,8.9,1.2,1.4,0.6,2.0,4658,6.1,28.0,39.1,26.8,9.3,12.2,11.0,1977,3.5,117.8,287.0,249.7,97.8,87.6,7.9,6.7,0,24.0,43.3,41.3,45.4,7.3,6.7,8.1,6377,8.1,7.0,9.4,7048,10.8,10.0,11.7,9424,3.0,2.8,3.2,2584,3
8115,4398,1093,348,3406,30,1692,-161,7102,7.8,9.2,-1.3,2.2,-2.6,-0.4,4538,7.2,27.0,25.3,40.5,9.0,12.5,11.2,1032,2.1,86.5,315.1,287.6,105.9,99.6,9.7,8.6,54,26.6,34.0,31.7,36.0,6.7,6.0,7.6,5071,7.6,6.3,9.0,5701,9.7,8.7,10.6,7281,2.8,2.6,3.1,2129,5
12505,7715,4457,405,2165,64,3072,-137,5889,7.8,11.7,-3.9,3.5,-0.5,2.9,8271,8.9,29.9,27.9,33.4,11.3,15.9,15.2,2669,4.0,73.1,449.5,353.7,134.3,114.6,9.6,7.3,24,29.2,38.4,36.3,40.7,7.9,7.1,8.8,8300,7.6,6.3,9.0,7942,10.6,9.6,11.5,11098,3.2,2.9,3.4,3350,4
930,663,103,1191,73,3,390,-44,440,13.8,10.4,3.4,0.1,-7.3,-7.2,643,8.2,28.9,36.8,26.1,12.3,16.0,14.5,161,2.9,84.0,237.6,217.1,87.0,79.6,10.5,9.7,0,25.1,49.0,46.8,51.1,8.2,7.3,9.1,718,7.0,5.8,8.1,610,11.9,10.8,12.9,1042,3.2,2.9,3.5,279,6
700,535,45,2997,25,1,321,-87,589,17.4,11.5,5.9,0.0,-15.1,-15.1,694,12.1,38.2,32.2,17.5,20.9,28.4,27.2,125,3.2,83.1,240.4,219.1,92.8,84.8,9.2,8.6,0,23.4,47.7,45.6,49.5,10.1,9.3,11.0,665,8.4,7.4,9.5,555,13.8,12.9,14.7,909,4.0,3.7,4.2,260,6
6425,3961,1323,4032,784,103,3244,39,2488,13.1,10.3,2.7,-0.5,-1.7,-2.2,4574,8.3,31.6,34.0,26.0,13.4,16.0,14.8,1362,3.6,90.6,247.1,236.2,91.5,88.0,9.8,9.4,20,23.6,45.3,43.2,47.1,7.2,6.5,7.9,4574,7.2,6.1,8.3,4546,10.6,9.7,11.4,6719,3.0,2.8,3.3,1920,4
12140,5845,600,1260,1417,199,3126,193,1176,7.6,9.5,-1.9,0.3,3.7,4.0,4386,5.8,18.4,39.2,36.6,10.3,13.7,12.8,1694,3.5,88.6,279.6,243.8,96.2,87.1,7.2,6.2,10,34.0,36.4,34.1,38.7,7.9,7.1,8.9,6567,7.5,6.2,9.0,6179,10.6,9.6,11.7,8799,3.5,3.2,3.7,2857,5
2220,1197,10674,126,104,5,230,-177,280,11.1,12.8,-1.7,-0.1,-5.5,-5.6,3175,18.8,43.7,24.9,12.6,22.8,31.7,31.4,570,7.5,81.7,217.1,196.7,77.2,71.2,7.6,6.9,0,24.9,57.4,55.7,58.9,10.7,9.9,11.5,2003,11.5,10.3,12.8,2161,19.1,18.1,20.1,3575,4.3,4.1,4.6,811,6
3773,2000,235,135,126,10,411,-248,246,9.0,13.6,-4.6,-0.1,-1.3,-1.5,5855,20.2,40.1,24.6,15.1,20.9,25.3,23.9,931,6.0,87.9,263.4,231.6,100.1,89.4,10.5,9.2,0,26.0,61.5,59.2,63.6,12.0,10.8,13.3,3808,15.0,12.9,17.3,4776,16.5,15.2,17.9,5246,3.9,3.5,4.2,1223,3
9481,3887,26881,604,3163,148,2941,2814,585,11.6,7.4,4.2,1.1,14.1,15.2,10498,11.2,28.6,30.3,29.8,10.2,14.1,13.4,2518,3.4,121.0,228.7,202.9,79.1,71.9,7.0,6.1,19,18.3,42.3,40.2,44.1,6.3,5.8,7.0,6983,7.3,6.2,8.5,7992,11.9,11.0,12.8,13075,2.8,2.7,3.0,3125,2
1693,955,1235,81,100,4,404,52,236,11.7,11.7,0.0,0.7,1.9,2.7,2098,15.0,37.3,28.9,18.9,16.5,24.2,21.7,387,4.0,96.9,230.9,214.6,77.3,72.9,8.3,7.6,4,24.7,55.3,52.9,57.5,10.1,9.2,11.0,1573,12.0,10.3,13.8,1868,15.2,14.0,16.4,2367,3.6,3.3,3.9,559,3
1059,637,440,51,48,20,253,96,313,11.1,10.4,0.6,-0.2,6.3,6.1,1742,17.6,40.2,32.2,10.1,15.3,22.2,20.6,267,4.4,90.6,230.9,214.6,77.3,72.9,8.3,7.6,0,22.6,58.4,56.1,60.6,10.5,9.5,11.4,1164,13.2,11.4,14.9,1470,15.1,13.9,16.1,1675,3.6,3.3,3.9,401,4
1873,837,131,42,48,0,179,-429,243,11.8,13.3,-1.5,0.0,-18.0,-18.0,4005,24.8,37.5,26.1,11.7,31.1,36.0,35.9,412,6.5,64.4,230.9,214.6,77.3,72.9,8.3,7.6,6,23.9,64.2,62.1,66.2,12.9,11.7,14.2,2212,16.8,14.7,19.1,2891,18.7,17.2,20.1,3203,4.3,3.9,4.7,731,6
1616,797,327,34,75,4,249,10,85,8.7,10.1,-1.4,0.0,2.1,2.1,1666,14.5,33.5,29.8,22.3,12.3,18.3,16.7,221,2.7,66.5,263.2,231.8,90.3,81.7,7.3,6.3,0,29.5,44.6,42.0,47.0,9.3,8.3,10.4,1175,9.7,8.1,11.4,1233,12.6,11.4,13.7,1598,3.5,3.2,3.8,448,4
4082,2185,248,204,329,12,604,43,653,10.6,12.2,-1.5,0.0,2.5,2.5,3688,11.5,43.4,29.6,15.5,12.5,17.3,16.0,813,3.8,95.4,230.8,212.0,80.3,74.4,6.5,6.1,6,25.7,46.3,44.1,48.5,8.8,7.9,9.7,3139,10.9,9.4,12.5,3878,13.5,12.4,14.6,4812,3.3,3.1,3.6,1197,5
1992,964,122,720,70,11,380,79,134,8.4,11.9,-3.5,0.2,8.5,8.7,808,6.9,37.8,35.2,20.0,10.7,19.5,18.0,339,4.6,91.0,264.9,238.3,94.6,86.4,7.9,7.1,0,36.5,46.1,43.6,48.5,10.0,9.0,11.0,1263,8.8,7.4,10.2,1109,12.8,11.6,13.9,1620,3.9,3.6,4.2,489,6
93,64,11,12,1,1,17,-34,53,8.1,16.2,-8.1,0.0,-39.0,-39.0,104,18.7,32.7,25.0,23.6,13.3,20.3,19.2,11,2.4,78.5,224.8,199.9,72.9,66.5,6.2,5.4,0,33.7,47.9,45.6,50.2,9.8,8.7,10.9,56,9.0,7.4,10.7,51,14.1,13.0,15.3,81,3.8,3.5,4.2,22,6
1464,829,85,113,98,125,196,-9,161,8.9,11.2,-2.3,0.7,1.0,1.7,913,8.8,40.3,34.0,16.9,12.4,18.4,17.3,247,3.7,77.4,264.9,238.3,94.6,86.4,7.9,7.1,4,33.3,46.9,44.5,49.1,9.5,8.5,10.5,1038,8.5,7.3,9.9,937,12.3,11.2,13.4,1347,3.7,3.4,4.0,407,6
602,206,142,24,42,8,172,87,85,13.4,8.5,4.9,0.9,4.2,5.1,1100,18.9,46.4,23.0,11.6,15.1,23.6,23.1,166,4.1,97.8,230.9,214.6,77.3,72.9,8.3,7.6,0,19.6,52.1,49.7,54.4,9.3,8.5,10.2,623,12.3,10.6,13.9,824,14.3,13.2,15.3,955,3.2,3.0,3.5,216,2
1496,778,8782,42,22,8,140,-128,87,11.8,11.5,0.3,-0.1,-7.9,-8.1,1907,16.9,37.2,31.4,14.5,19.0,28.2,27.4,357,5.8,82.7,191.3,174.8,65.9,61.2,7.1,6.7,0,26.4,57.0,55.3,58.8,10.2,9.4,10.9,1295,10.7,9.5,11.9,1365,18.4,17.3,19.4,2344,4.3,4.1,4.6,553,5
10965,5933,4514,316,935,72,1794,-624,2601,8.7,14.0,-5.3,1.4,-2.7,-1.3,6156,8.8,32.6,27.2,31.5,10.3,15.5,15.3,3840,8.4,76.0,306.5,271.0,97.7,87.5,7.6,6.7,16,33.8,43.5,41.1,45.9,8.8,7.8,9.8,6716,8.4,6.9,9.9,6437,12.2,11.1,13.4,9312,3.4,3.2,3.7,2631,4
894,459,2735,26,64,2,128,28,96,11.1,12.2,-1.1,0.0,4.5,4.5,859,14.5,39.6,31.5,14.4,25.4,40.1,38.6,162,5.3,62.9,228.7,202.9,79.1,71.9,7.0,6.1,0,29.7,53.4,51.6,55.3,10.3,9.4,11.2,677,11.2,9.9,12.6,741,17.1,16.1,18.1,1128,4.3,4.0,4.6,285,6
2815,1799,1904,125,289,17,519,-288,3035,9.5,11.8,-2.3,0.2,-6.4,-6.1,2785,11.2,34.2,37.0,17.7,10.1,14.3,13.3,788,4.4,84.4,284.4,240.5,99.6,87.2,7.0,5.8,6,24.8,45.5,43.2,47.6,7.9,7.1,8.8,2173,8.8,7.5,10.2,2411,11.2,10.3,12.1,3071,3.2,2.9,3.4,873,5
392,240,1234,84,22,2,58,-55,1983,9.4,9.1,0.3,0.2,-8.7,-8.5,786,15.7,36.8,33.7,13.7,14.8,14.8,14.3,78,2.7,85.0,284.4,240.5,99.6,87.2,7.0,5.8,0,18.6,46.9,44.6,49.1,6.5,5.9,7.2,359,7.6,6.6,8.7,419,9.9,9.2,10.7,547,2.7,2.5,2.9,149,6
597,349,172,163,93,33,140,68,67,16.2,5.7,10.5,5.0,-8.5,-3.6,1768,29.2,31.3,21.8,17.7,13.5,19.2,19.1,114,2.3,83.4,224.8,199.9,72.9,66.5,6.2,5.4,0,18.5,49.7,47.6,51.7,8.4,7.7,9.1,592,7.8,6.8,8.8,548,15.1,14.1,16.1,1063,3.6,3.4,3.8,254,6
5723,3143,34444,345,383,19,1079,-683,1105,14.7,12.3,2.4,-0.2,-10.4,-10.6,12844,23.9,40.9,21.0,14.2,32.7,46.6,43.8,1992,6.2,76.3,260.3,231.8,84.1,75.8,9.1,7.8,16,21.1,53.7,52.1,55.2,9.9,9.2,10.6,5992,11.8,10.5,13.0,7129,17.2,16.3,18.0,10399,4.2,3.9,4.4,2524,5
3104,1891,1013,482,384,86,608,112,1914,16.7,8.1,8.5,1.2,-7.5,-6.2,9332,31.8,23.8,25.9,18.6,18.9,28.9,29.7,876,4.3,73.0,224.8,199.9,72.9,66.5,6.2,5.4,7,19.0,48.8,46.4,51.2,7.9,7.2,8.6,2782,6.5,5.7,7.4,2288,15.8,14.7,17.1,5573,3.8,3.5,4.1,1323,5
1975,1245,210,90,115,32,308,-129,313,11.7,10.0,1.7,0.4,-7.0,-6.6,1869,10.2,46.1,27.4,16.3,12.2,18.0,17.4,647,5.5,77.8,375.1,304.1,112.9,94.8,10.2,7.4,6,23.5,44.4,42.4,46.3,8.4,7.6,9.3,1716,9.8,8.4,11.3,1989,12.7,11.7,13.8,2594,3.3,3.0,3.6,670,6
453,245,127,148,46,3,106,29,56,17.5,5.5,12.0,5.8,-14.6,-8.7,1595,31.8,28.8,23.0,16.3,12.1,16.3,15.8,106,2.8,101.5,224.8,199.9,72.9,66.5,6.2,5.4,0,15.4,46.4,44.2,48.5,7.0,6.4,7.6,407,6.6,5.8,7.4,382,13.1,12.2,13.9,757,3.1,2.9,3.3,181,6
1228,766,5908,57,114,11,208,-14,3202,8.2,10.4,-2.1,2.6,-1.2,1.4,3607,29.7,45.9,16.1,8.4,31.9,36.7,34.1,297,6.8,58.5,228.7,202.9,79.1,71.9,7.0,6.1,0,23.3,55.9,54.3,57.4,10.2,9.5,11.0,1358,11.5,10.3,12.7,1532,18.4,17.5,19.3,2450,4.3,4.0,4.6,573,6
11812,7228,109314,1229,5396,363,5234,1815,12514,13.1,9.6,3.5,3.1,1.4,4.5,23142,15.0,22.3,24.2,38.5,22.3,34.5,34.6,4134,3.5,67.1,263.2,231.8,90.3,81.7,7.3,6.3,159,18.0,40.4,38.7,42.2,6.4,5.9,6.9,12076,7.1,6.2,8.1,13405,12.1,11.3,12.9,22833,3.2,3.0,3.4,6074,1
740,491,51,54,54,1,130,18,103,13.3,12.5,0.9,-0.3,1.7,1.4,454,8.7,41.5,32.3,17.5,13.1,16.7,15.6,144,3.5,87.1,227.6,206.5,88.0,80.5,6.8,6.3,0,26.7,49.8,47.4,52.2,9.0,8.2,9.9,530,9.2,7.9,10.7,542,13.1,12.1,14.2,771,3.5,3.3,3.8,205,6
2104,1023,85,520,103,11,383,140,518,9.2,10.0,-0.8,0.3,9.1,9.4,1125,9.4,35.1,35.3,20.2,16.2,21.7,19.1,301,4.7,73.1,192.6,181.6,73.9,68.9,5.8,5.5,0,34.6,39.8,37.7,41.8,10.6,9.6,11.7,1409,9.6,8.2,11.1,1272,14.2,13.0,15.4,1884,4.1,3.8,4.4,542,6
899,502,116,1369,35,12,284,21,353,11.5,11.8,-0.3,0.4,2.3,2.8,728,11.3,38.6,34.6,15.6,14.7,20.9,20.5,192,4.8,74.3,264.9,238.3,94.6,86.4,7.9,7.1,0,30.5,46.5,44.4,48.6,9.4,8.5,10.3,682,9.0,7.9,10.3,653,12.6,11.7,13.6,911,3.7,3.5,4.0,270,6
1650,670,1388,74,379,13,523,131,137,11.5,7.3,4.2,2.5,-0.1,2.5,1834,13.6,30.7,27.9,27.8,8.1,12.2,11.5,258,2.5,93.0,263.2,231.8,90.3,81.7,7.3,6.3,0,22.7,44.0,41.6,46.3,7.6,6.9,8.5,1148,8.3,7.0,9.8,1252,11.6,10.7,12.6,1748,3.1,2.9,3.3,467,4
48923,32758,54772,1488,83346,325,14552,4071,17045,10.2,8.4,1.8,6.0,-2.0,4.1,29903,6.1,19.5,21.4,53.0,6.5,5.9,5.5,11654,3.0,125.5,449.5,353.7,134.3,114.6,9.6,7.3,59,22.3,32.9,31.0,34.8,5.5,4.9,6.2,30840,4.9,4.0,6.0,27536,8.2,7.5,8.9,45784,2.5,2.3,2.7,13800,2
2336,1203,500,66,120,9,321,178,194,9.8,12.4,-2.6,0.2,9.9,10.0,3223,18.6,44.3,23.2,13.9,13.9,19.0,18.2,492,4.2,67.6,263.2,231.8,90.3,81.7,7.3,6.3,0,27.8,49.7,47.4,51.9,9.8,8.8,10.8,1875,10.9,9.4,12.6,2094,13.6,12.5,14.7,2603,3.6,3.4,4.0,699,6
1522,681,70,37,31,2,107,-198,512,8.1,14.0,-5.8,0.2,-8.0,-7.8,2680,24.5,37.1,28.4,10.0,25.2,28.7,25.1,234,5.2,48.3,263.2,231.8,90.3,81.7,7.3,6.3,0,27.5,52.2,49.7,54.5,11.3,10.2,12.5,1314,13.1,11.2,15.1,1530,15.3,14.0,16.6,1778,4.2,3.8,4.6,486,5
1490,704,1028,114,36,2,341,-103,370,8.3,13.5,-5.2,0.7,-4.2,-3.5,1538,17.0,42.6,29.1,11.3,22.3,36.4,35.7,252,6.9,63.6,287.0,249.7,97.8,87.6,7.9,6.7,0,35.8,57.5,55.3,59.7,13.5,12.3,14.8,1348,15.1,13.1,17.2,1504,17.8,16.5,19.1,1770,4.9,4.5,5.2,483,6
2563,1577,371,150,88,9,340,-140,689,10.0,13.2,-3.1,-0.2,-1.5,-1.7,3974,19.3,40.2,27.3,13.2,14.8,21.9,20.3,581,4.4,75.0,273.1,236.3,86.6,79.0,7.0,6.3,4,25.4,53.0,50.8,55.1,9.6,8.7,10.5,2195,11.3,9.7,12.9,2585,14.0,12.9,15.1,3203,3.5,3.2,3.8,803,6
1825,1066,2391,183,97,7,505,43,286,10.4,10.2,0.2,0.2,1.6,1.9,2059,14.1,43.4,26.5,16.0,17.9,26.5,24.1,358,4.4,94.6,207.6,188.2,79.9,75.0,7.0,6.5,0,25.2,50.0,48.0,52.1,9.9,9.1,10.8,1610,10.4,9.1,11.8,1688,14.3,13.4,15.3,2314,3.7,3.4,3.9,593,6
33233,14964,11213,5670,23655,4274,20548,7365,3425,11.9,7.5,4.4,0.6,10.4,11.0,23932,7.7,23.9,38.6,29.8,8.8,10.6,9.3,11123,4.8,99.9,278.8,246.3,100.6,91.7,6.9,6.1,90,20.3,38.1,36.2,39.8,6.1,5.5,6.7,22273,5.9,5.0,6.9,21744,9.6,8.8,10.4,35011,2.7,2.5,2.9,9872,2
197656,118438,184779,44035,420909,19678,150976,17896,108137,12.5,6.9,5.6,3.1,-3.2,-0.2,286008,12.9,18.4,30.6,38.1,11.5,14.9,15.1,52663,3.3,104.7,279.6,243.8,96.2,87.1,7.2,6.2,570,18.4,34.1,32.6,35.5,5.3,4.9,5.8,139723,5.1,4.4,5.9,133740,9.6,9.0,10.2,251137,2.7,2.6,2.9,70932,1
7751,4074,1075,211,531,33,1434,-880,1007,10.5,12.5,-2.0,-0.3,-8.1,-8.4,6298,10.3,34.9,33.0,21.8,15.0,21.7,19.5,1974,5.5,102.8,263.4,231.6,100.1,89.4,10.5,9.2,36,26.0,55.9,53.7,57.8,10.2,9.2,11.2,6804,12.7,10.8,14.5,8435,15.4,14.1,16.6,10224,3.6,3.3,3.9,2393,4
50525,25800,48500,1874,6481,315,7125,6260,9018,9.7,14.1,-4.4,2.7,19.2,21.8,32787,12.7,37.5,30.5,19.4,15.1,25.9,25.3,5825,4.3,80.3,265.2,240.7,86.8,80.1,6.9,6.0,110,34.7,51.9,50.1,53.6,11.2,10.2,12.3,32863,11.4,9.9,13.1,33454,16.3,15.1,17.5,47754,4.2,3.9,4.5,12360,3
1175,895,163,109,70,1,289,127,482,14.4,13.4,1.0,0.2,8.0,8.2,890,9.6,37.2,39.6,13.6,14.4,18.2,16.7,306,5.2,65.9,302.7,265.0,104.9,96.0,7.4,6.6,2,27.8,46.9,44.6,49.1,8.4,7.6,9.3,862,7.3,6.3,8.5,751,11.5,10.6,12.4,1180,3.5,3.2,3.7,354,6
427,231,258,158,70,3,106,146,97,13.5,6.9,6.5,1.4,11.0,12.4,1500,33.0,27.9,29.6,9.5,14.1,20.1,19.0,113,2.8,93.6,224.8,199.9,72.9,66.5,6.2,5.4,0,15.5,49.0,47.1,50.8,7.7,7.1,8.2,416,7.5,6.6,8.3,406,14.1,13.3,15.0,769,3.4,3.2,3.6,183,6
802,505,600,156,70,10,181,-171,955,14.7,10.7,4.0,0.2,-18.1,-17.9,2536,31.6,31.6,24.8,12.0,22.4,32.6,32.6,215,4.1,68.1,224.8,199.9,72.9,66.5,6.2,5.4,0,20.7,53.5,51.7,55.3,9.2,8.5,9.9,816,8.8,7.8,9.9,784,16.1,15.3,17.1,1437,3.9,3.6,4.1,344,6
3101,1687,943,140,223,26,899,91,1119,11.5,10.9,0.5,0.2,1.5,1.7,3236,11.5,39.7,30.2,18.7,11.8,16.6,15.4,920,5.3,96.1,292.7,248.6,93.7,83.7,8.3,7.1,6,22.3,51.0,48.5,53.4,8.3,7.5,9.2,2699,9.9,8.5,11.3,3195,12.2,11.2,13.2,3962,3.1,2.9,3.4,1001,5
1266,661,243,1925,75,11,961,54,313,10.1,14.2,-4.2,1.1,7.0,8.2,1587,16.5,37.4,27.6,18.5,14.9,20.7,18.4,187,2.9,96.4,206.7,189.1,73.9,68.5,6.2,5.8,0,24.7,50.5,48.5,52.5,10.0,9.1,10.9,1072,10.3,9.0,11.7,1107,14.2,13.2,15.1,1521,3.6,3.4,3.9,389,6
246,111,8,67,5,2,52,21,0,5.8,5.3,0.5,0.0,10.2,10.2,115,8.2,38.3,32.2,21.3,12.8,16.5,14.2,34,2.8,66.0,285.7,262.5,95.4,88.9,7.8,7.1,0,30.9,39.8,37.2,42.2,9.0,8.1,10.0,150,8.4,7.1,9.9,140,11.5,10.5,12.6,191,3.7,3.5,4.0,62,6
7148,3015,29190,1041,5589,257,6554,3170,3455,11.6,5.2,6.4,1.8,13.2,15.0,5815,6.3,22.5,31.4,39.8,5.4,6.5,5.6,2070,3.0,149.3,263.2,231.8,90.3,81.7,7.3,6.3,4,14.0,38.0,36.3,39.6,5.0,4.6,5.5,5584,5.3,4.5,6.0,5834,9.0,8.4,9.6,9946,2.3,2.2,2.5,2572,2
131,76,6,1114,5,0,120,-25,49,22.4,15.1,7.3,0.0,-20.0,-20.0,237,18.9,37.1,30.3,13.7,35.2,38.8,39.9,37,4.9,57.5,240.4,219.1,92.8,84.8,9.2,8.6,0,22.2,60.0,58.3,61.6,12.8,11.9,13.7,181,11.9,10.8,13.2,169,18.2,17.2,19.1,257,5.1,4.8,5.4,73,6
476,331,69,39,31,12,99,-49,102,12.0,12.8,-0.8,-0.2,-7.4,-7.6,295,7.3,31.9,41.7,19.1,13.7,20.1,19.4,82,2.8,79.0,227.6,206.5,88.0,80.5,6.8,6.3,0,26.5,47.2,44.9,49.3,8.2,7.4,9.0,369,8.3,7.1,9.6,374,12.6,11.5,13.5,564,3.3,3.1,3.6,149,6
13480,6285,14849,739,2752,186,3568,3565,1250,11.5,9.1,2.4,0.4,16.3,16.8,12315,10.1,31.1,31.9,26.9,8.9,11.7,10.5,2746,2.8,126.4,253.1,225.8,85.1,77.8,8.1,7.4,38,21.1,43.5,41.3,45.7,7.5,6.7,8.3,10739,8.7,7.5,10.2,12518,11.5,10.6,12.5,16528,2.9,2.7,3.1,4124,2
1604,982,16252,142,157,6,276,-230,5560,10.5,9.8,0.7,2.0,-10.9,-8.8,4271,22.7,37.2,25.5,14.6,37.1,41.2,37.2,503,5.5,74.0,191.3,174.8,65.9,61.2,7.1,6.7,0,17.4,56.8,55.0,58.7,9.0,8.4,9.6,1980,10.1,9.0,11.2,2228,16.7,15.8,17.6,3684,4.0,3.7,4.2,873,3
5819,3400,3667,329,1177,34,1239,128,6636,9.6,9.0,0.6,1.0,0.1,1.1,6658,12.1,37.3,27.7,22.9,13.2,16.9,16.1,1597,4.4,82.1,375.1,304.1,112.9,94.8,10.2,7.4,21,22.0,44.8,42.6,46.7,7.4,6.7,8.2,4930,8.8,7.4,10.1,5794,10.9,10.0,11.8,7219,3.0,2.8,3.2,1978,5
21581,10453,10226,5102,17786,2755,16165,6130,4096,11.2,8.0,3.2,1.7,16.6,18.3,11478,6.0,21.3,37.0,35.7,8.7,9.9,9.2,6553,4.8,97.8,278.8,246.3,100.6,91.7,6.9,6.1,72,22.2,38.8,36.9,40.5,6.3,5.7,7.0,14180,5.9,5.0,6.9,13238,9.8,9.0,10.6,22014,2.8,2.6,3.0,6268,3
485,281,225,67,15,4,124,-93,62,11.8,10.3,1.5,0.2,-17.9,-17.7,895,23.8,35.9,27.4,12.8,23.7,37.1,36.0,116,4.5,62.5,224.8,199.9,72.9,66.5,6.2,5.4,0,23.4,53.1,51.2,54.8,10.3,9.5,11.1,436,9.4,8.4,10.5,400,17.4,16.4,18.4,739,4.3,4.0,4.6,181,3
11428,6795,1203,7759,1202,137,4658,908,3698,12.0,9.4,2.6,0.5,2.6,3.1,6751,6.3,30.3,32.4,31.0,10.9,12.0,11.0,2715,3.3,108.6,247.1,236.2,91.5,88.0,9.8,9.4,41,22.3,38.0,35.9,40.0,6.5,5.8,7.2,7913,6.3,5.4,7.4,7779,9.2,8.4,10.0,11288,2.8,2.6,3.0,3420,4
83,68,0,1,3,0,11,-11,0,12.3,4.9,7.4,0.0,-21.0,-21.0,31,4.8,34.3,43.6,17.3,14.0,19.6,19.8,14,2.5,89.4,239.2,214.5,88.2,80.3,6.8,6.2,0,34.2,46.6,44.0,49.4,9.9,8.9,11.0,64,9.0,7.7,10.4,58,13.3,12.1,14.5,86,3.9,3.6,4.2,25,6
5254,2467,5525,350,1183,69,1922,1147,389,10.9,8.8,2.1,0.9,13.5,14.3,3698,7.8,26.8,29.6,35.9,6.1,6.8,6.1,944,2.6,128.7,263.2,231.8,90.3,81.7,7.3,6.3,8,22.3,38.6,36.4,40.8,6.3,5.7,7.0,3433,6.5,5.5,7.6,3541,9.9,9.1,10.8,5387,2.7,2.6,2.9,1476,2
3550,1507,755,216,155,20,636,293,294,10.2,14.2,-4.1,-0.2,12.4,12.2,5440,21.4,45.4,22.4,10.8,22.5,35.7,35.7,696,4.7,69.1,253.1,225.8,85.1,77.8,8.1,7.4,5,27.7,56.1,53.9,58.4,11.6,10.6,12.8,3312,14.6,12.6,16.6,4152,17.0,15.8,18.3,4854,4.1,3.8,4.5,1178,5
2971,1168,5769,173,394,47,641,532,445,8.3,10.0,-1.7,0.0,17.3,17.3,2166,9.2,23.5,37.4,29.9,8.7,12.8,12.1,571,3.4,127.4,228.7,202.9,79.1,71.9,7.0,6.1,0,23.9,40.6,38.4,42.6,6.9,6.3,7.6,1886,7.3,6.2,8.4,1986,12.4,11.5,13.3,3372,3.0,2.8,3.2,822,3
4991,1896,5112,258,1439,46,1296,2706,605,12.7,8.9,3.9,0.8,34.3,35.1,7216,16.3,32.3,30.4,21.0,8.7,13.2,12.6,1083,3.0,117.7,228.7,202.9,79.1,71.9,7.0,6.1,0,19.9,39.4,37.3,41.3,6.9,6.2,7.6,3605,8.1,7.0,9.4,4249,11.1,10.3,12.0,5853,2.9,2.7,3.1,1527,5
8324,3261,19306,201,365,39,664,408,554,9.0,13.8,-4.8,0.2,11.1,11.3,5884,12.9,29.0,30.9,27.2,19.6,32.8,30.6,1158,4.5,87.8,229.5,205.0,80.1,72.3,7.0,6.2,10,33.5,53.9,51.9,55.7,9.8,8.8,10.7,4960,9.6,8.2,11.2,4876,16.6,15.3,17.7,8426,4.2,3.9,4.5,2111,5
2719,1351,3056,132,148,13,650,118,670,10.8,12.9,-2.0,2.0,4.1,6.1,3016,14.6,44.0,26.2,15.1,14.5,22.7,21.2,557,3.7,91.7,253.1,225.8,85.1,77.8,8.1,7.4,6,25.8,50.6,48.4,52.8,9.6,8.7,10.5,2232,11.5,10.0,13.0,2668,14.5,13.4,15.6,3375,3.6,3.3,3.9,835,6
622,493,39,146,28,6,107,-49,117,10.7,14.1,-3.4,0.2,-4.1,-4.0,444,9.6,37.0,35.3,18.1,10.8,13.8,12.4,116,3.3,96.4,239.2,214.5,88.2,80.3,6.8,6.2,0,31.5,48.4,45.9,50.6,9.1,8.1,10.2,461,8.3,6.9,9.7,419,11.8,10.7,12.9,595,3.6,3.3,3.9,179,6
1563,883,11424,49,66,1,156,-272,304,11.1,12.5,-1.5,0.5,-12.8,-12.3,2464,18.4,33.9,27.6,20.1,21.9,35.6,32.6,470,6.0,85.2,191.3,174.8,65.9,61.2,7.1,6.7,6,23.7,57.4,55.7,59.1,9.4,8.7,10.1,1413,10.1,9.0,11.3,1524,17.9,16.8,18.8,2681,4.2,3.9,4.4,630,6
59955,33637,62341,2592,10988,428,11809,9358,14427,9.2,13.2,-4.0,3.7,17.4,21.2,38984,10.0,32.2,34.2,23.6,13.2,17.5,17.3,9472,3.7,90.7,265.2,240.7,86.8,80.1,6.9,6.0,148,31.0,47.6,45.8,49.3,9.6,8.7,10.5,43089,10.1,8.7,11.5,45373,14.1,13.1,15.1,63668,3.7,3.5,4.0,16623,3
1553,899,9625,153,317,59,816,42,237,15.2,11.9,3.3,2.7,-4.2,-1.4,2736,18.5,36.4,31.7,13.5,19.7,30.9,27.1,463,4.8,58.6,263.2,231.8,90.3,81.7,7.3,6.3,17,21.0,54.4,52.6,55.9,8.3,7.7,9.0,1394,9.5,8.5,10.6,1589,14.7,13.9,15.5,2460,3.7,3.5,3.9,623,2
11720,6472,5514,478,9318,120,3875,117,22324,6.2,7.9,-1.7,5.4,-2.9,2.5,5559,5.6,23.6,24.3,46.5,11.1,9.4,8.4,2768,3.0,93.3,449.5,353.7,134.3,114.6,9.6,7.3,11,21.7,32.0,30.0,34.0,5.8,5.2,6.5,8030,5.6,4.7,6.6,7733,7.9,7.2,8.6,10817,2.5,2.3,2.7,3435,3
2724,1280,592,881,417,50,588,-191,1299,9.1,10.3,-1.2,2.2,-7.9,-5.7,3658,18.8,26.3,32.2,22.7,28.2,34.1,33.4,650,5.9,74.4,244.8,213.8,91.1,82.1,7.7,7.3,8,26.0,49.0,47.0,50.9,8.7,7.9,9.5,1953,7.1,6.2,8.0,1594,16.7,15.5,17.9,3766,4.4,4.1,4.7,985,5
531,432,42,28,35,0,94,-27,177,12.9,13.4,-0.5,0.3,-3.9,-3.6,488,10.8,43.0,28.1,18.0,15.5,19.6,19.5,87,2.4,80.4,273.1,236.3,86.6,79.0,7.0,6.3,0,25.2,47.6,45.2,50.0,9.3,8.4,10.4,464,10.4,8.9,12.1,521,12.7,11.5,13.8,634,3.5,3.2,3.8,173,6
485,452,40,18,29,1,71,-11,103,9.2,13.3,-4.1,0.6,1.1,1.7,169,4.8,32.4,38.2,24.5,11.0,15.0,14.7,66,2.7,83.5,227.6,206.5,88.0,80.5,6.8,6.3,0,37.1,47.9,45.0,50.3,9.4,8.4,10.6,347,8.6,7.1,10.1,318,13.1,11.8,14.4,484,3.6,3.3,3.9,134,6
1547,850,8123,65,51,6,209,-118,137,13.2,10.7,2.5,-0.1,-8.2,-8.4,2884,21.3,37.7,24.9,16.0,21.4,32.8,31.6,403,5.4,83.6,191.3,174.8,65.9,61.2,7.1,6.7,6,21.7,57.2,55.3,58.9,9.1,8.4,9.8,1390,10.1,8.9,11.3,1553,16.1,15.1,17.1,2475,3.8,3.5,4.0,576,6
2088,1090,6493,615,1623,375,2398,168,9953,14.3,5.5,8.8,0.7,-6.2,-5.6,2492,8.6,27.6,37.9,25.9,15.2,16.6,16.6,526,3.6,96.5,273.1,236.3,86.6,79.0,7.0,6.3,0,11.8,39.6,37.5,41.6,4.8,4.4,5.2,1936,6.1,5.3,6.9,2469,7.9,7.4,8.5,3229,2.1,2.0,2.2,864,5
3735,2294,998,4802,285,180,2433,-361,1274,13.3,12.5,0.8,0.2,-9.2,-9.0,3981,13.4,32.7,34.8,19.1,20.4,30.3,28.6,886,4.7,88.0,206.7,189.1,73.9,68.5,6.2,5.8,6,24.9,50.4,48.5,52.2,10.0,9.0,10.9,3295,10.0,8.6,11.4,3307,13.5,12.5,14.4,4454,3.6,3.4,3.9,1194,5
880,636,9111,17,256,4,98,-89,939,10.1,11.6,-1.6,3.1,-8.4,-5.3,1238,15.8,37.8,24.6,21.8,34.7,48.1,53.2,281,5.9,55.9,217.1,196.7,77.2,71.2,7.6,6.9,0,23.0,53.4,51.1,55.4,9.3,8.6,10.1,954,9.9,8.8,11.2,1020,18.9,17.7,20.1,1946,4.4,4.1,4.7,456,6
5003,2935,4782,149,529,76,658,-52,373,9.1,13.0,-4.0,0.1,2.6,2.7,2633,9.4,25.6,26.4,38.6,9.2,14.6,13.7,733,3.7,77.3,386.0,306.1,116.2,97.6,9.6,7.5,16,34.4,41.6,39.4,43.8,8.8,7.9,9.9,2673,8.5,6.9,10.1,2557,12.1,11.0,13.2,3656,3.7,3.4,4.0,1106,5
6188,2757,4469,256,271,31,847,-131,1159,9.2,12.1,-2.9,-0.1,0.8,0.6,5311,13.0,34.8,31.6,20.5,15.3,23.0,22.0,807,3.1,73.7,263.2,231.8,90.3,81.7,7.3,6.3,4,29.6,48.2,45.8,50.3,9.5,8.6,10.4,4315,9.9,8.4,11.4,4504,13.9,12.7,15.0,6315,3.6,3.4,3.9,1653,3
804,506,822,143,240,11,149,400,3133,12.5,6.2,6.3,6.0,13.5,19.5,3640,36.1,27.6,25.5,10.8,21.5,21.9,21.7,193,2.1,74.8,224.8,199.9,72.9,66.5,6.2,5.4,0,16.8,48.4,46.1,50.5,6.7,6.1,7.2,815,5.7,5.1,6.4,698,13.7,12.8,14.5,1666,3.1,2.9,3.4,382,5
26420,14321,20376,975,10773,246,8018,3937,5448,11.1,7.2,3.9,1.5,4.5,6.1,13874,5.3,25.1,31.8,37.8,5.7,7.0,6.3,5637,2.5,150.8,273.1,236.3,86.6,79.0,7.0,6.3,39,19.4,42.6,40.4,44.8,5.9,5.3,6.5,18102,6.6,5.6,7.8,20338,9.4,8.6,10.3,28790,2.4,2.3,2.6,7497,2
3610,1798,786,199,259,10,715,407,407,12.6,12.2,0.4,0.3,8.6,8.9,5045,17.5,44.8,25.2,12.5,17.7,24.7,22.6,739,4.0,83.4,253.1,225.8,85.1,77.8,8.1,7.4,6,23.4,54.1,51.8,56.3,10.2,9.2,11.1,3330,12.4,10.8,14.1,4062,14.5,13.4,15.5,4742,3.6,3.3,3.9,1179,5
433,302,48,74,14,4,69,35,312,14.3,10.9,3.4,0.5,2.5,3.1,443,12.3,34.1,30.2,23.4,9.6,13.3,12.7,77,2.5,105.0,240.4,219.1,92.8,84.8,9.2,8.6,0,25.8,40.9,38.3,43.4,7.8,6.9,8.6,312,6.3,5.3,7.5,253,10.3,9.3,11.3,415,3.1,2.8,3.4,124,4
2233,1208,10205,1112,76,5,389,-62,893,8.8,13.4,-4.6,-0.1,1.7,1.6,2813,19.5,34.1,30.9,15.5,19.8,30.1,29.7,391,5.9,71.3,255.0,223.5,86.2,78.1,7.1,6.2,0,31.5,56.5,54.8,58.2,11.2,10.4,12.0,1805,11.3,10.1,12.6,1824,19.6,18.6,20.6,3167,4.8,4.5,5.1,777,6
1025,596,112,41,47,3,180,2,154,10.1,11.1,-1.1,-0.2,1.6,1.4,578,6.6,36.7,33.6,23.1,9.0,14.5,13.7,268,4.0,115.1,284.4,240.5,99.6,87.2,7.0,5.8,0,25.4,44.7,41.6,47.3,7.4,6.6,8.2,712,8.3,7.0,9.6,796,10.4,9.4,11.4,1001,3.0,2.8,3.2,287,4
10243,4587,20431,1547,1467,264,3531,5800,1656,12.9,7.7,5.2,0.8,26.8,27.5,15495,14.3,28.3,34.3,23.1,8.8,14.0,13.2,2964,3.3,126.7,224.8,199.9,72.9,66.5,6.2,5.4,18,17.8,46.4,44.8,48.0,6.4,5.8,6.9,8363,6.8,5.9,7.7,8883,11.8,11.0,12.5,15490,2.9,2.7,3.1,3783,2
774,534,38,26,30,6,82,95,73,13.7,10.8,2.9,-0.2,8.5,8.3,429,7.2,41.6,34.2,17.0,15.1,24.1,24.6,89,2.0,83.2,218.2,193.1,84.8,77.9,6.9,6.5,0,28.6,46.3,44.1,48.5,8.7,7.9,9.6,577,8.1,7.0,9.4,539,11.9,10.9,13.0,793,3.4,3.1,3.7,224,6
793,435,3468,47,41,2,154,69,175,11.3,14.2,-2.9,0.0,10.7,10.7,976,15.5,52.3,21.6,10.6,23.3,39.3,38.7,170,4.4,70.0,228.7,202.9,79.1,71.9,7.0,6.1,0,25.0,51.6,49.8,53.3,9.9,9.2,10.6,690,11.2,10.0,12.3,781,17.6,16.7,18.5,1229,4.3,4.0,4.5,298,6
1203,756,6289,69,66,16,200,-58,129,11.8,12.1,-0.3,-0.3,-3.4,-3.7,1903,19.5,45.8,21.3,13.4,23.4,36.8,34.9,325,6.5,75.0,191.3,174.8,65.9,61.2,7.1,6.7,0,24.4,59.9,58.3,61.5,10.8,10.0,11.6,1205,11.8,10.6,13.1,1320,18.2,17.3,19.2,2035,4.4,4.2,4.7,497,6
7752,3776,38591,939,970,76,1779,4,2124,11.0,11.1,-0.1,0.5,-0.3,0.2,9439,14.6,33.6,30.9,20.9,14.2,22.8,20.7,2191,5.1,93.0,255.0,223.5,86.2,78.1,7.1,6.2,21,23.8,49.7,48.1,51.5,8.5,7.9,9.2,6246,8.9,7.9,10.1,6521,15.0,14.2,16.0,11033,3.7,3.5,3.9,2711,4
4773,2490,686,333,169,22,717,-278,1078,9.6,12.3,-2.7,0.1,-2.7,-2.5,4045,10.7,41.7,34.0,13.6,12.7,17.8,16.5,1304,5.5,90.2,287.0,249.7,97.8,87.6,7.9,6.7,0,26.2,49.6,47.4,51.6,9.5,8.7,10.4,3973,11.0,9.6,12.6,4590,12.9,12.0,13.9,5404,3.5,3.3,3.8,1473,6
2831,1765,901,128,136,2,308,93,339,7.2,15.1,-7.8,0.1,12.3,12.4,1433,9.1,26.0,33.2,31.7,11.8,20.4,18.6,336,3.7,93.6,255.0,223.5,86.2,78.1,7.1,6.2,6,37.5,44.9,42.2,47.5,10.2,9.0,11.4,1765,9.5,7.8,11.4,1651,13.6,12.3,15.1,2361,3.8,3.5,4.2,666,6
1336,899,219,241,111,10,356,-77,450,12.9,10.9,2.0,0.4,-7.3,-6.9,910,8.5,31.4,39.5,20.6,14.8,22.7,21.5,294,4.9,79.4,227.6,206.5,88.0,80.5,6.8,6.3,5,24.9,50.1,47.9,52.2,8.7,7.9,9.7,1052,9.1,7.8,10.5,1089,13.5,12.4,14.6,1625,3.5,3.2,3.8,422,6
8481,4333,10088,567,1971,67,2068,1389,1953,9.0,8.0,1.0,0.9,11.2,12.1,4983,6.9,25.6,28.3,39.2,5.2,6.2,5.6,1523,2.6,125.4,263.2,231.8,90.3,81.7,7.3,6.3,24,22.7,38.4,36.3,40.7,6.5,5.9,7.3,5435,6.5,5.4,7.6,5408,9.8,8.9,10.7,8165,2.7,2.5,2.9,2266,2
2150,1118,400,162,107,14,289,373,330,11.1,13.3,-2.3,0.3,22.1,22.4,1941,14.9,35.7,30.8,18.5,14.9,24.0,23.9,304,3.7,79.9,224.8,199.9,72.9,66.5,6.2,5.4,0,30.9,48.9,46.6,51.1,10.3,9.3,11.4,1512,9.8,8.4,11.2,1435,14.7,13.5,15.9,2154,3.9,3.6,4.2,566,6
94,72,0,12,6,2,12,17,24,9.8,9.8,0.0,0.0,16.6,16.6,102,12.6,40.6,25.9,20.8,12.0,13.4,13.2,16,3.4,89.7,247.1,236.2,91.5,88.0,9.8,9.4,0,33.9,43.0,40.3,45.5,9.8,8.7,10.9,79,9.1,7.7,10.7,74,13.0,11.7,14.2,106,3.8,3.5,4.2,31,6
15366,8339,5224,5118,2916,376,4072,1336,4394,12.7,7.4,5.2,1.0,-0.1,0.9,26731,20.6,22.6,29.3,27.5,24.9,33.3,32.5,5470,5.7,81.0,244.8,213.8,91.1,82.1,7.7,7.3,51,19.6,41.4,39.6,43.0,6.9,6.3,7.5,11305,6.4,5.6,7.3,10568,12.8,11.9,13.6,21025,3.6,3.4,3.8,5923,4
3389,1633,1150,234,323,33,1055,1552,632,13.0,8.0,5.0,0.2,22.0,22.2,4273,11.7,42.2,30.2,15.9,10.6,15.3,14.9,904,3.3,114.4,273.1,236.3,86.6,79.0,7.0,6.3,4,18.2,45.6,43.2,47.8,7.3,6.6,8.0,3125,9.1,7.9,10.5,3918,10.8,9.9,11.7,4652,2.8,2.6,3.0,1217,2
4714,2200,646,157,489,24,763,17,249,9.1,10.4,-1.3,0.0,1.7,1.7,2927,7.3,37.3,28.7,26.7,10.0,12.9,12.2,1289,4.9,140.8,263.4,231.6,100.1,89.4,10.5,9.2,0,24.0,51.2,48.8,53.7,8.7,7.8,9.7,3812,10.0,8.5,11.7,4427,12.6,11.4,13.8,5538,3.0,2.8,3.2,1312,3
6273,3344,4527,480,10900,67,3441,115,13094,7.5,6.1,1.4,6.5,-6.7,-0.3,3447,5.8,19.4,22.1,52.7,16.8,13.7,12.2,1829,3.6,84.8,375.1,304.1,112.9,94.8,10.2,7.4,16,18.2,28.6,26.8,30.2,5.4,4.8,5.9,4705,5.9,5.0,6.8,5160,7.8,7.1,8.4,6833,2.3,2.2,2.5,2054,4
3881,2828,715,139,1088,22,915,-151,2771,6.6,10.5,-3.9,0.2,0.7,0.9,3383,9.9,19.9,23.1,47.1,7.7,7.1,6.3,902,3.5,125.8,370.0,325.3,117.5,106.6,10.1,8.6,0,25.3,31.9,29.6,34.2,6.6,5.8,7.5,2625,6.7,5.3,8.1,2650,9.1,8.1,10.1,3615,2.8,2.6,3.0,1102,2
5826,2674,2490,470,262,30,690,838,1721,9.2,14.5,-5.3,0.0,24.0,24.0,4852,15.2,34.2,34.2,16.4,15.3,24.9,23.6,736,4.2,79.8,224.8,199.9,72.9,66.5,6.2,5.4,0,34.1,51.1,48.6,53.2,10.6,9.6,11.8,3882,10.3,8.7,11.9,3738,15.1,13.9,16.3,5522,4.0,3.6,4.3,1442,6
173,153,23,16,10,0,34,-1,80,9.9,8.1,1.8,0.0,-2.3,-2.3,184,11.9,36.0,32.0,20.2,11.5,13.7,12.5,33,2.8,87.9,240.4,219.1,92.8,84.8,9.2,8.6,0,26.9,42.7,40.0,45.2,8.7,7.8,9.7,147,6.8,5.7,8.0,114,11.3,10.3,12.4,191,3.3,3.1,3.7,57,6
35396,18885,10309,9276,12504,3146,20941,8703,14276,12.0,9.2,2.7,1.5,12.8,14.3,21277,6.3,23.6,39.7,30.4,13.0,14.8,13.4,12754,5.2,80.3,278.8,246.3,100.6,91.7,6.9,6.1,113,21.4,41.1,39.2,42.8,6.5,5.9,7.2,25990,6.5,5.5,7.6,26009,9.8,9.0,10.6,39303,2.9,2.7,3.1,11687,3
3295,1322,8758,282,704,78,1281,2132,606,12.5,7.8,4.7,0.7,29.4,30.1,4568,12.0,37.8,30.1,20.1,8.3,12.3,11.7,989,3.3,112.2,228.7,202.9,79.1,71.9,7.0,6.1,0,15.9,41.7,39.6,43.6,6.1,5.6,6.7,2783,7.4,6.4,8.4,3379,10.5,9.8,11.3,4812,2.7,2.5,2.8,1215,3
146,69,73,23,30,1,39,18,278,12.7,5.2,7.5,0.0,0.9,0.9,165,14.3,33.4,29.7,22.5,13.0,25.4,23.0,24,2.6,93.3,224.8,199.9,72.9,66.5,6.2,5.4,0,18.6,46.3,44.0,48.6,7.7,6.9,8.5,124,8.1,6.8,9.3,130,12.0,11.0,12.9,192,3.0,2.8,3.3,49,3
23120,12529,10228,12876,18593,1077,12245,2764,5053,15.0,6.6,8.4,0.2,-2.7,-2.5,81345,30.2,26.0,29.5,14.3,22.2,28.6,27.8,19649,9.6,64.8,279.6,243.8,96.2,87.1,7.2,6.2,51,15.1,42.9,41.3,44.5,6.9,6.4,7.4,22248,7.4,6.6,8.2,23820,13.1,12.4,13.9,42445,3.5,3.4,3.7,11444,3
5931,3260,1452,222,371,60,787,362,700,9.2,12.5,-3.2,0.2,8.7,8.9,4873,10.4,45.5,27.4,16.8,11.9,19.1,16.7,1597,5.1,88.5,320.5,273.3,100.8,88.2,8.7,7.2,13,26.9,41.6,39.4,43.8,8.4,7.6,9.3,4375,9.1,7.8,10.4,4706,12.4,11.4,13.4,6425,3.3,3.1,3.6,1724,3
1240,741,5574,59,45,0,195,-331,319,11.2,15.7,-4.5,0.0,-20.1,-20.1,1620,17.1,41.7,28.8,12.4,26.9,36.3,34.3,331,5.8,70.9,260.3,231.8,84.1,75.8,9.1,7.8,0,26.8,58.2,56.3,59.8,11.5,10.7,12.3,1190,12.6,11.4,14.0,1306,19.1,18.1,20.0,1971,4.7,4.5,5.0,490,6
1482,882,4420,64,148,7,320,-135,247,13.2,12.7,0.6,-0.1,-7.9,-8.0,2121,17.0,38.3,29.2,15.5,17.9,24.4,23.6,308,3.4,93.2,207.6,188.2,79.9,75.0,7.0,6.5,0,25.6,52.5,50.5,54.2,10.3,9.5,11.2,1411,10.8,9.5,12.2,1481,15.5,14.5,16.4,2120,3.9,3.7,4.2,536,6
4431,2605,330,121,239,24,626,-254,607,12.0,11.2,0.9,0.3,-6.1,-5.8,3294,9.3,48.6,27.4,14.7,9.5,12.6,12.0,1011,3.9,95.9,292.7,248.6,93.7,83.7,8.3,7.1,6,25.5,51.1,48.6,53.3,8.9,8.1,9.9,3505,10.3,8.9,11.8,4022,13.3,12.1,14.4,5203,3.3,3.0,3.5,1277,5
4813,2469,1041,175,1669,29,971,62,727,10.1,9.6,0.4,0.9,-0.3,0.6,2967,7.0,31.4,32.0,29.6,7.1,8.0,7.1,972,2.9,135.5,230.8,212.0,80.3,74.4,6.5,6.1,24,22.3,42.9,40.4,45.3,7.0,6.3,7.7,3327,8.2,6.9,9.7,3914,11.5,10.4,12.5,5465,2.8,2.6,3.0,1338,3
212,153,216,71,38,0,148,-33,100,9.3,12.3,-3.0,1.5,-10.8,-9.3,446,23.1,23.5,32.1,21.3,23.9,31.5,29.8,35,2.9,74.2,206.7,189.1,73.9,68.5,6.2,5.8,0,26.1,52.2,50.2,54.2,10.1,9.2,11.1,201,9.8,8.4,11.2,195,15.2,14.2,16.2,302,3.9,3.6,4.2,77,6
949,521,364,123,82,4,209,-48,196,9.9,12.1,-2.2,0.4,-2.8,-2.4,1153,15.2,38.9,31.2,14.7,17.8,27.9,26.5,177,4.2,88.2,207.6,188.2,79.9,75.0,7.0,6.5,0,27.7,49.5,47.3,51.6,10.6,9.6,11.6,886,11.1,9.6,12.7,928,14.4,13.4,15.6,1212,3.7,3.4,4.0,312,6
610,180,4,43,38,8,95,24,0,5.6,5.0,0.6,0.2,3.7,3.9,62,1.6,18.2,31.6,48.6,7.5,11.0,9.6,84,3.5,95.8,285.7,262.5,95.4,88.9,7.8,7.1,0,39.0,32.8,30.2,35.7,7.3,6.5,8.3,299,6.3,5.1,7.7,258,9.6,8.5,10.8,393,3.2,3.0,3.5,132,6
186,109,54,12,4,0,35,-2,0,7.9,6.6,1.3,1.3,-4.0,-2.6,148,13.5,33.4,30.4,22.7,16.2,24.3,23.4,22,3.9,73.2,224.8,199.9,72.9,66.5,6.2,5.4,0,30.0,52.1,50.2,54.1,11.0,9.9,12.1,136,9.8,8.3,11.5,121,15.9,14.7,17.1,196,4.2,3.9,4.5,52,6
895,278,108,114,97,6,212,23,84,7.4,6.3,1.1,2.1,-0.8,1.3,123,1.7,20.9,30.9,46.5,7.2,10.2,9.4,184,3.0,102.9,285.7,262.5,95.4,88.9,7.8,7.1,0,26.5,31.2,28.7,33.5,6.0,5.4,6.8,492,5.6,4.6,6.6,453,8.3,7.4,9.3,680,2.7,2.5,2.9,223,2
7732,4797,5181,1335,1699,187,2572,500,5315,13.0,9.3,3.7,-0.5,1.1,0.6,10768,14.3,30.5,31.0,24.2,15.5,23.7,23.6,1738,3.2,84.8,224.8,199.9,72.9,66.5,6.2,5.4,29,20.1,44.1,42.3,45.8,7.1,6.5,7.7,6368,6.6,5.8,7.5,5971,12.2,11.5,12.9,10963,3.0,2.9,3.2,2728,4
7537,4850,853,428,404,210,1325,-235,1251,12.2,11.3,0.9,0.7,-4.1,-3.4,9061,14.1,45.7,24.3,15.8,12.3,17.3,14.3,2030,4.6,90.9,292.7,248.6,93.7,83.7,8.3,7.1,38,25.1,44.5,42.3,46.5,8.8,7.9,9.8,6260,10.3,8.7,11.9,7303,13.0,11.9,14.0,9214,3.3,3.0,3.6,2336,5
4419,2728,433,78,285,16,528,-112,560,11.8,11.3,0.5,0.4,-3.2,-2.8,4801,14.8,51.8,20.9,12.5,15.1,23.2,21.4,972,4.7,78.3,320.5,273.3,100.8,88.2,8.7,7.2,10,27.1,46.8,44.3,49.2,9.4,8.5,10.5,3391,10.4,8.9,12.1,3754,13.2,12.1,14.4,4752,3.6,3.3,3.9,1296,5
3299,1827,608,158,383,63,567,189,683,10.9,9.9,0.9,0.6,2.8,3.4,3679,12.0,42.7,25.9,19.4,11.6,16.6,14.7,719,3.1,102.6,230.8,212.0,80.3,74.4,6.5,6.1,0,22.7,50.5,48.0,52.8,7.9,7.0,8.7,2703,9.9,8.4,11.5,3406,12.9,11.8,14.1,4457,3.1,2.9,3.4,1063,2
600,533,35,18,27,3,70,10,151,11.3,12.3,-1.0,0.0,2.3,2.3,295,5.8,43.1,35.7,15.4,9.7,13.0,11.7,98,2.4,90.4,218.2,193.1,84.8,77.9,6.9,6.5,0,30.0,43.7,41.2,45.8,8.5,7.6,9.4,470,7.8,6.7,8.9,431,11.5,10.5,12.4,636,3.3,3.1,3.6,183,6
370,158,32,28,25,1,49,-19,87,7.5,8.8,-1.3,1.8,-8.8,-7.1,254,14.9,22.7,27.4,35.1,13.1,34.4,41.9,32,3.0,84.7,224.8,199.9,72.9,66.5,6.2,5.4,0,43.2,50.1,47.9,52.2,10.7,9.6,11.9,223,8.7,7.2,10.5,181,16.4,15.1,17.8,342,4.2,3.9,4.5,87,6
539,419,21,555,26,14,210,-88,136,11.3,13.6,-2.3,0.0,-14.5,-14.5,354,9.6,34.3,32.5,23.6,16.5,26.5,24.0,69,2.6,73.4,239.2,214.5,88.2,80.3,6.8,6.2,0,32.5,46.0,43.7,48.3,9.8,8.7,10.9,394,9.1,7.6,10.7,368,13.8,12.6,15.1,560,3.9,3.6,4.3,160,6
1987,932,409,78,91,21,299,-153,331,11.3,10.6,0.8,0.0,-8.2,-8.2,4115,28.1,37.4,21.7,12.8,28.1,36.0,32.6,534,7.0,67.1,230.9,214.6,77.3,72.9,8.3,7.6,0,25.5,60.0,57.8,62.1,12.4,11.2,13.5,2024,15.5,13.3,17.7,2530,18.1,16.6,19.3,2943,4.2,3.8,4.6,684,6
1381,664,1055,64,162,6,389,-75,298,12.0,11.0,1.0,1.6,-7.0,-5.4,1696,14.4,37.7,29.1,18.9,18.2,24.8,22.5,400,5.5,83.3,230.9,214.6,77.3,72.9,8.3,7.6,5,23.5,53.8,51.6,56.1,10.2,9.3,11.1,1338,12.2,10.5,14.0,1607,15.2,14.0,16.3,1995,3.6,3.3,3.8,470,5
1337,755,589,150,188,13,117,-59,3298,12.9,8.7,4.1,0.9,-7.8,-6.8,4637,34.1,36.5,19.3,10.1,35.0,44.5,44.9,634,9.9,54.7,224.8,199.9,72.9,66.5,6.2,5.4,0,18.1,55.0,52.5,57.3,8.9,8.2,9.6,1463,7.5,6.6,8.4,1237,18.3,17.1,19.4,3003,4.2,3.9,4.5,689,5
3991,1711,1010,3915,453,19,958,135,4014,8.7,8.4,0.3,1.1,1.8,2.9,3141,11.6,26.7,31.2,30.5,16.7,21.4,20.4,802,4.1,82.5,255.0,223.5,86.2,78.1,7.1,6.2,9,25.5,43.7,41.6,46.1,8.1,7.4,9.0,2926,8.6,7.3,9.9,3099,11.5,10.6,12.4,4157,3.2,3.0,3.4,1153,5
3025,1487,5341,140,296,12,673,-83,516,12.2,12.3,0.0,0.5,-2.7,-2.2,4416,17.3,37.3,28.4,16.9,18.4,26.0,25.6,742,4.6,84.6,253.1,225.8,85.1,77.8,8.1,7.4,10,22.1,51.2,48.8,53.3,9.5,8.7,10.3,2698,11.4,9.9,12.9,3235,14.7,13.6,15.7,4170,3.6,3.3,3.8,1009,5
2605,1283,4590,460,245,44,952,406,1296,12.4,11.2,1.2,0.2,9.5,9.7,3741,15.3,38.1,29.1,17.5,15.4,18.7,16.9,773,5.3,118.7,260.3,231.8,84.1,75.8,9.1,7.8,6,21.3,49.3,47.2,51.3,8.4,7.7,9.2,2371,9.9,8.7,11.3,2793,12.8,11.9,13.7,3586,3.3,3.1,3.5,922,5
3122,1623,1596,190,190,38,820,144,463,13.5,11.1,2.4,1.4,0.1,1.5,3716,14.7,39.4,29.7,16.3,16.9,25.4,24.5,777,5.0,93.2,230.9,214.6,77.3,72.9,8.3,7.6,8,24.0,53.3,51.1,55.2,10.2,9.3,11.2,2905,12.4,10.8,14.1,3514,15.9,14.7,17.0,4505,3.6,3.3,3.9,1020,5
2405,1449,152,708,101,8,390,-24,382,8.1,10.7,-2.7,-0.2,1.9,1.7,1306,7.6,42.8,32.9,16.7,12.4,17.3,15.5,446,4.0,82.1,287.0,249.7,97.8,87.6,7.9,6.7,0,30.7,48.2,46.0,50.5,10.1,9.2,11.1,1906,10.9,9.4,12.5,2053,13.1,12.0,14.2,2465,3.7,3.4,4.0,690,5
5574,2148,327,740,603,79,984,538,628,5.7,11.9,-6.2,0.1,23.1,23.2,1353,5.3,20.9,32.0,41.8,12.7,21.6,20.7,708,5.8,75.5,278.8,246.3,100.6,91.7,6.9,6.1,6,44.6,34.4,31.9,36.7,9.4,8.3,10.6,2633,7.7,6.2,9.3,2142,12.1,10.8,13.4,3379,3.9,3.5,4.2,1077,6
1156,688,105,64,126,1,199,219,170,10.1,8.9,1.2,0.6,11.8,12.4,554,5.1,35.9,35.1,23.9,7.0,7.8,6.7,265,3.2,124.5,218.2,193.1,84.8,77.9,6.9,6.5,0,22.1,43.1,40.8,45.7,6.6,5.9,7.3,805,6.4,5.5,7.5,786,9.3,8.5,10.2,1136,2.7,2.5,2.9,332,3
3519,1688,2463,140,159,15,590,-62,490,9.8,14.5,-4.7,0.2,2.6,2.8,3272,14.0,47.2,21.8,17.1,18.8,29.4,28.0,595,4.2,82.4,253.1,225.8,85.1,77.8,8.1,7.4,6,29.6,49.8,47.5,52.1,11.0,10.0,12.1,2820,12.7,11.1,14.5,3272,16.0,14.8,17.3,4114,4.0,3.7,4.3,1022,5
10802,5341,5748,566,2076,76,2578,994,4529,9.7,10.9,-1.2,1.1,7.9,9.0,9861,11.4,28.8,27.5,32.4,14.9,18.0,16.5,2112,3.5,94.0,253.1,225.8,85.1,77.8,8.1,7.4,76,23.7,41.9,39.8,44.1,8.2,7.4,9.1,8520,9.5,8.1,11.1,9865,12.2,11.2,13.3,12717,3.1,2.9,3.4,3218,4
782,446,2636,18,78,3,111,15,996,10.3,12.2,-1.9,-0.2,3.8,3.6,1142,18.4,40.6,26.7,14.3,24.3,33.3,32.1,187,5.6,65.1,228.7,202.9,79.1,71.9,7.0,6.1,0,23.4,52.2,50.3,54.0,9.6,8.8,10.4,710,11.1,9.8,12.5,823,16.2,15.2,17.1,1198,4.0,3.7,4.3,296,6
33720,20165,109413,3235,30428,555,12792,735,7497,11.9,9.4,2.5,3.1,-4.1,-1.0,40216,11.6,30.1,26.6,31.8,12.9,18.4,17.0,11588,4.6,82.1,306.5,271.0,97.7,87.5,7.6,6.7,199,20.4,39.2,37.7,40.9,6.6,6.0,7.2,25870,6.7,5.7,7.7,26160,12.0,11.2,12.8,46978,3.0,2.8,3.2,11719,2
1260,971,155,106,116,24,276,53,278,12.3,10.2,2.1,1.8,-0.6,1.3,924,8.5,36.4,33.4,21.8,9.4,11.5,10.0,230,2.8,101.7,239.2,214.5,88.2,80.3,6.8,6.2,0,25.7,43.9,41.9,45.8,7.3,6.5,8.1,884,7.3,6.1,8.4,882,10.8,9.9,11.8,1317,3.1,2.8,3.3,372,6
1130,595,72,119,143,3,213,17,121,9.4,16.4,-7.0,1.5,7.5,9.0,1461,21.8,36.5,30.9,10.8,18.8,30.8,31.2,146,4.8,81.4,207.6,188.2,79.9,75.0,7.0,6.5,0,34.2,50.5,48.1,52.7,12.5,11.3,13.7,909,12.7,10.9,14.4,922,15.9,14.6,17.1,1159,4.2,3.9,4.6,306,6
2436,1547,2398,88,320,8,693,142,3267,10.7,10.8,-0.1,0.5,4.4,4.9,2561,12.8,34.7,29.1,23.4,14.8,20.3,19.4,559,4.4,94.7,230.9,214.6,77.3,72.9,8.3,7.6,22,24.6,51.9,49.5,54.2,9.5,8.6,10.4,2282,11.1,9.5,12.8,2663,14.3,13.2,15.4,3453,3.4,3.1,3.7,815,5
2445,1215,233,148,110,14,517,-1,325,12.0,12.0,0.0,0.4,-0.3,0.1,3416,15.5,41.8,27.5,15.3,16.8,24.5,23.2,835,6.6,79.6,292.7,248.6,93.7,83.7,8.3,7.1,4,22.1,59.2,57.0,61.2,9.3,8.4,10.3,2308,11.5,9.9,13.2,2850,14.7,13.5,15.8,3640,3.5,3.2,3.7,857,5
3371,1951,946,171,539,17,920,-13,3820,10.4,8.8,1.6,0.5,-2.4,-1.9,2800,9.3,32.7,31.2,26.9,16.9,18.4,15.9,1165,5.1,76.5,375.1,304.1,112.9,94.8,10.2,7.4,12,21.0,40.9,38.7,42.8,7.0,6.4,7.7,2702,8.2,6.9,9.5,3149,9.9,9.1,10.8,3838,2.8,2.6,3.0,1078,5
669,407,250,13,29,0,48,-69,463,8.2,10.9,-2.7,1.3,-8.4,-7.1,538,10.2,37.8,33.8,18.2,11.4,14.9,13.4,149,4.5,80.0,284.4,240.5,99.6,87.2,7.0,5.8,0,28.6,49.3,46.8,51.9,9.2,8.3,10.2,522,10.1,8.6,11.6,569,12.7,11.6,13.8,719,3.6,3.3,3.9,201,6
147978,94465,471907,30186,611274,5285,68019,-17959,27770,12.7,7.3,5.5,6.0,-19.4,-13.4,303881,18.5,27.6,22.4,31.5,11.6,15.2,14.7,41766,3.6,101.2,375.1,304.1,112.9,94.8,10.2,7.4,129,20.1,36.3,35.1,37.5,6.2,5.8,6.6,112422,6.1,5.4,6.7,110259,13.3,12.7,14.0,242663,3.0,2.9,3.2,54827,1
4018,1995,5403,192,1120,11,1260,311,1873,10.7,10.0,0.7,1.4,4.0,5.4,3866,11.0,30.6,28.7,29.8,12.9,18.8,17.5,936,3.7,105.9,230.9,214.6,77.3,72.9,8.3,7.6,10,24.0,49.0,46.4,51.2,8.4,7.5,9.2,3373,9.6,8.1,11.2,3879,12.8,11.7,13.9,5151,3.0,2.8,3.3,1224,5
6406,3256,1109,1256,759,157,1990,500,3584,8.2,10.3,-2.1,0.9,10.4,11.3,3936,9.6,28.4,42.0,20.0,12.5,16.5,15.3,982,4.6,75.1,279.6,243.8,96.2,87.1,7.2,6.2,6,33.3,37.5,35.5,39.6,8.3,7.5,9.2,3758,8.2,7.0,9.6,3726,11.6,10.7,12.6,5265,3.6,3.3,3.9,1627,5
374,302,23,90,19,1,94,-29,69,11.7,11.4,0.2,0.0,-6.7,-6.7,279,9.6,30.3,36.3,23.9,13.4,20.5,19.5,53,2.7,82.3,227.6,206.5,88.0,80.5,6.8,6.3,0,27.1,48.8,46.4,51.0,9.4,8.3,10.4,299,9.0,7.6,10.5,289,13.7,12.4,14.9,438,3.6,3.4,3.9,116,6
4964,2783,7502,13366,450,76,5956,-597,3505,12.3,12.9,-0.6,0.0,-8.2,-8.2,6854,14.9,36.2,29.3,19.5,15.6,21.4,18.0,1181,4.0,84.6,206.7,189.1,73.9,68.5,6.2,5.8,24,22.0,53.4,51.8,55.0,9.6,9.0,10.4,4966,10.3,9.2,11.5,5319,14.9,14.2,15.7,7703,3.7,3.5,3.9,1924,5
982,510,353,884,274,42,571,140,1272,12.4,6.7,5.7,-0.1,2.9,2.8,1287,13.5,27.3,33.1,26.1,19.1,24.3,23.8,352,4.2,59.6,285.7,262.5,95.4,88.9,7.8,7.1,6,18.1,37.0,35.1,38.6,6.4,5.9,6.9,809,6.3,5.5,7.0,796,10.4,9.8,11.1,1323,3.2,3.0,3.4,404,6
4224,2381,256,3837,205,29,628,363,388,9.9,14.6,-4.7,3.5,18.5,21.9,3606,22.7,33.0,32.0,12.4,23.7,31.8,32.2,557,6.2,63.2,242.0,224.0,78.1,73.2,6.9,6.1,3,44.8,54.5,52.3,56.6,14.5,12.9,16.1,2538,12.6,10.7,14.5,2215,17.7,16.3,19.0,3108,5.5,5.1,6.0,970,6
37577,20912,146038,2580,32227,374,14388,2916,17474,11.3,8.6,2.7,2.8,-0.2,2.6,32485,8.5,30.6,25.0,35.9,11.6,15.5,14.1,10938,3.7,106.3,284.6,252.3,96.8,87.2,7.0,6.6,119,20.2,40.5,38.9,42.1,5.8,5.3,6.3,25402,6.4,5.6,7.4,28308,11.2,10.4,11.9,49031,2.9,2.8,3.1,12823,2
3988,2284,26420,171,553,42,641,-259,1468,12.7,10.3,2.4,0.6,-7.3,-6.7,5585,14.2,31.5,30.7,23.7,23.1,31.8,32.9,1219,4.8,99.1,191.3,174.8,65.9,61.2,7.1,6.7,18,20.2,50.2,48.4,51.9,7.9,7.3,8.5,3552,8.8,7.7,9.9,3960,14.6,13.7,15.6,6591,3.5,3.3,3.7,1571,5
5610,3157,11495,177,342,30,1010,-297,561,8.6,14.8,-6.2,0.2,0.2,0.5,8015,21.2,34.3,31.8,12.8,20.0,28.0,25.0,883,3.7,50.2,263.2,231.8,90.3,81.7,7.3,6.3,0,29.5,54.0,52.2,55.7,11.1,10.2,12.0,4559,11.9,10.4,13.5,4901,16.9,15.8,18.0,6951,4.5,4.2,4.8,1830,5
1204,542,218,21,42,1,170,4,22,12.3,12.0,0.3,0.0,0.1,0.1,2112,21.5,38.3,27.6,12.7,18.6,29.1,26.5,334,5.4,84.8,230.9,214.6,77.3,72.9,8.3,7.6,3,23.1,54.4,51.9,56.7,10.7,9.6,11.9,1173,13.4,11.3,15.6,1473,15.4,14.1,16.7,1687,3.7,3.4,4.0,401,6
74880,48594,247870,2143,45149,221,22068,297,19326,11.3,10.1,1.3,2.6,-3.6,-1.0,46247,6.7,21.2,28.9,43.2,10.5,15.7,14.9,15801,3.0,123.1,273.1,236.3,86.6,79.0,7.0,6.3,468,23.5,40.7,39.0,42.4,6.8,6.2,7.4,52875,6.7,5.7,7.8,52225,10.4,9.6,11.2,81047,2.9,2.7,3.1,22399,2
2842,814,859,750,722,54,698,1,78,11.3,2.5,8.8,1.6,-10.4,-8.8,4075,10.7,15.7,25.4,48.1,6.7,8.1,7.2,989,2.7,120.8,285.7,262.5,95.4,88.9,7.8,7.1,5,15.1,27.7,25.7,29.6,4.7,4.2,5.3,2017,4.6,3.7,5.5,1980,6.9,6.3,7.6,2987,2.3,2.1,2.5,994,5
3570,1816,836,155,381,22,1013,76,450,11.1,10.9,0.2,0.3,1.2,1.5,2705,8.7,49.0,26.3,16.0,11.4,16.2,14.5,859,3.7,109.9,292.7,248.6,93.7,83.7,8.3,7.1,6,24.4,48.2,45.9,50.3,8.5,7.8,9.4,2975,10.1,8.8,11.5,3529,12.7,11.7,13.7,4445,3.2,2.9,3.4,1101,5
4775,2359,1004,567,439,38,720,888,1161,10.7,10.3,0.4,0.1,18.2,18.3,3813,11.9,31.1,31.9,25.1,11.0,18.6,17.3,660,2.9,93.5,224.8,199.9,72.9,66.5,6.2,5.4,12,28.8,46.5,44.3,48.6,8.9,8.0,9.9,3325,8.4,7.0,9.8,3129,13.1,12.0,14.1,4898,3.4,3.2,3.7,1286,6
10208,5110,1959,8614,3899,456,7752,-154,5545,10.6,10.0,0.6,0.0,-1.7,-1.7,8878,9.7,23.5,37.1,29.8,20.3,23.2,19.9,2245,3.6,65.7,279.6,243.8,96.2,87.1,7.2,6.2,32,23.0,35.7,33.8,37.4,7.1,6.5,7.8,7805,7.6,6.6,8.9,8420,10.3,9.6,11.2,11402,3.2,3.0,3.5,3567,5
4427,2296,1834,219,188,15,572,-230,459,8.5,12.2,-3.7,0.1,-1.4,-1.4,5529,16.5,41.1,29.1,13.3,12.1,18.2,16.6,793,3.6,94.3,255.0,223.5,86.2,78.1,7.1,6.2,0,26.4,47.1,44.7,49.2,9.5,8.5,10.4,3497,10.4,8.9,12.0,3842,13.5,12.4,14.6,5002,3.5,3.3,3.8,1306,3
915,421,266,775,67,1,518,82,88,13.2,11.8,1.4,0.4,6.3,6.7,1042,15.8,42.8,26.9,14.5,14.6,20.9,20.6,137,2.1,93.9,206.7,189.1,73.9,68.5,6.2,5.8,0,24.9,49.8,47.9,51.8,9.5,8.7,10.3,731,9.9,8.8,11.2,761,13.9,13.0,14.8,1065,3.5,3.3,3.8,271,6
13733,7895,23595,1315,2654,162,4897,635,4998,11.9,8.7,3.2,0.7,-0.6,0.1,13345,10.0,31.6,33.7,24.7,12.6,17.6,16.3,3600,3.6,99.3,264.9,238.3,94.6,86.4,7.9,7.1,33,21.6,46.6,44.6,48.4,6.8,6.2,7.5,10347,6.7,5.8,7.9,10189,10.6,9.8,11.4,16007,3.0,2.8,3.3,4598,4
1996,1115,106,166,61,4,296,70,189,8.6,15.4,-6.8,0.5,10.5,11.0,1741,14.2,43.9,27.8,14.1,16.4,26.9,25.2,311,5.3,86.0,207.6,188.2,79.9,75.0,7.0,6.5,0,32.9,50.5,48.1,52.7,12.1,10.9,13.3,1607,12.3,10.6,14.2,1637,15.8,14.5,17.0,2097,4.2,3.8,4.5,552,6
1196,957,108,42,81,6,184,23,284,11.2,11.3,-0.2,-0.2,1.9,1.7,696,6.2,37.7,37.0,19.1,7.4,8.1,7.2,215,2.1,106.9,218.2,193.1,84.8,77.9,6.9,6.5,0,24.5,43.6,41.1,45.9,7.4,6.7,8.2,919,7.0,5.9,8.1,863,10.6,9.6,11.5,1310,3.0,2.8,3.2,371,6
2986,1677,1081,109,225,9,671,-188,1361,11.9,11.7,0.1,0.0,-5.6,-5.6,1913,7.8,41.0,35.5,15.7,14.6,21.5,18.2,638,4.0,80.3,218.2,193.1,84.8,77.9,6.9,6.5,10,26.2,45.3,43.2,47.2,8.3,7.6,9.1,2226,8.2,7.1,9.3,2200,11.9,11.0,12.8,3186,3.3,3.1,3.6,891,5
698,414,4647,35,77,5,151,-112,129,7.4,10.5,-3.1,0.5,-11.2,-10.7,972,17.2,30.6,31.1,21.1,18.3,34.1,32.6,157,4.4,51.4,263.2,231.8,90.3,81.7,7.3,6.3,8,27.6,51.6,49.7,53.5,9.1,8.3,9.8,555,9.7,8.4,10.9,594,17.0,15.8,18.0,1038,4.3,4.0,4.6,262,6
1826,1131,1242,211,207,264,594,-29,1488,9.7,10.5,-0.7,2.4,-2.8,-0.4,2423,15.9,39.4,26.7,18.0,14.8,20.0,18.5,326,3.0,80.5,273.1,236.3,86.6,79.0,7.0,6.3,7,23.4,50.2,48.1,52.3,8.6,7.9,9.5,1532,10.1,8.8,11.6,1801,12.8,11.9,13.7,2274,3.4,3.1,3.6,599,5
40485,25173,113780,1477,12584,374,14825,662,15402,12.3,11.3,1.0,1.8,-1.4,0.3,36035,9.9,28.1,34.6,27.4,16.9,25.1,21.7,11350,4.5,90.9,292.7,248.6,93.7,83.7,8.3,7.1,196,23.4,50.0,48.3,51.8,8.4,7.7,9.2,34842,9.3,8.0,10.6,38375,13.5,12.6,14.4,55932,3.3,3.1,3.5,13765,3
1183,565,4700,151,117,4,330,-79,2645,10.9,9.8,1.1,1.0,-7.5,-6.5,2418,23.9,44.0,22.8,9.3,27.6,35.9,36.1,182,4.2,65.5,265.2,240.7,86.8,80.1,6.9,6.0,0,22.8,48.2,46.8,49.7,10.4,9.6,11.1,1202,11.9,10.6,13.0,1377,15.5,14.7,16.2,1798,4.1,3.8,4.3,470,6
23077,13113,9161,1051,6683,99,5922,1213,9175,9.6,9.1,0.5,1.1,2.6,3.7,10387,5.0,22.3,26.1,46.7,8.2,8.0,7.3,4436,2.7,128.8,330.2,305.7,128.9,119.7,12.1,11.7,72,23.5,33.8,31.7,35.9,6.6,5.9,7.3,15713,6.2,5.1,7.4,14906,8.7,7.9,9.6,20862,2.7,2.5,2.9,6411,3
13082,6838,4059,884,1086,45,3546,124,1999,9.5,10.8,-1.3,0.3,1.8,2.2,10689,9.5,34.4,37.8,18.3,13.8,19.6,17.3,3595,4.7,99.9,287.0,249.7,97.8,87.6,7.9,6.7,23,24.4,49.0,46.7,51.0,8.7,7.9,9.6,10979,9.9,8.6,11.4,12530,11.7,10.8,12.6,14753,3.3,3.0,3.5,4106,2
3008,1795,423,168,322,19,515,-51,1176,11.8,10.0,1.7,1.0,-4.0,-3.0,2718,10.5,41.3,30.1,18.1,10.8,15.5,14.7,582,3.0,96.4,230.8,212.0,80.3,74.4,6.5,6.1,5,23.0,47.3,44.9,49.5,8.0,7.2,8.8,2365,10.0,8.5,11.4,2943,12.4,11.4,13.5,3675,3.1,2.9,3.3,921,5
18042,10035,2035,771,2810,67,3530,1716,3613,9.2,9.9,-0.7,0.0,9.0,9.0,10385,7.0,30.6,31.1,31.4,9.0,10.5,9.2,3455,3.0,118.7,330.2,305.7,128.9,119.7,12.1,11.7,14,26.1,40.7,38.5,42.9,7.7,6.9,8.6,12908,7.4,6.2,8.8,12345,9.9,9.0,10.9,16597,3.0,2.7,3.2,4967,3
1082,829,89,38,46,5,145,14,395,13.7,9.8,3.9,0.1,-2.9,-2.8,1454,14.7,33.2,32.6,19.5,9.6,13.4,12.6,289,3.8,92.1,284.4,240.5,99.6,87.2,7.0,5.8,0,24.4,46.3,43.7,49.0,8.0,7.1,8.9,874,9.2,7.8,10.9,1012,10.8,9.8,11.8,1183,3.2,2.9,3.5,347,6
1050,416,7923,75,196,18,150,-108,1939,9.5,13.3,-3.8,0.4,-4.9,-4.5,2604,27.2,34.1,30.1,8.6,30.5,39.2,38.6,295,6.2,56.1,228.7,202.9,79.1,71.9,7.0,6.1,0,21.4,54.7,52.8,56.3,9.6,8.9,10.3,1028,11.1,10.0,12.2,1190,19.4,18.3,20.3,2068,4.4,4.2,4.7,474,6
3644,2733,820,151,464,63,720,-350,1184,10.2,11.7,-1.6,0.4,-6.9,-6.6,2118,6.9,30.8,39.6,22.7,10.4,13.3,12.3,607,2.6,86.5,218.2,193.1,84.8,77.9,6.9,6.5,18,27.8,45.8,43.5,48.0,7.8,7.1,8.7,2652,7.3,6.2,8.5,2468,10.8,9.8,11.8,3651,3.2,3.0,3.5,1093,5
14580,9765,10519,291,949,63,3498,-961,3173,9.7,12.7,-3.0,0.1,-2.8,-2.7,8333,6.9,38.2,31.2,23.7,11.2,16.3,15.7,3823,4.5,90.0,320.5,273.3,100.8,88.2,8.7,7.2,20,27.2,44.3,42.0,46.5,7.9,7.1,8.7,10491,8.3,7.0,9.6,11004,11.5,10.5,12.4,15255,3.2,3.0,3.5,4264,2
3121,1447,2339,103,247,29,800,239,496,12.1,9.1,3.0,-0.1,2.3,2.3,3290,10.8,38.7,33.3,17.2,12.2,16.4,14.5,985,4.3,110.8,230.9,214.6,77.3,72.9,8.3,7.6,4,20.1,52.2,49.9,54.3,8.5,7.8,9.3,2989,10.4,9.1,11.8,3659,12.8,11.9,13.8,4483,3.0,2.8,3.2,1054,5
5934,3489,51506,488,1449,149,2878,-61,3057,14.3,11.0,3.3,1.1,-4.9,-3.9,7923,12.5,29.8,36.5,21.3,19.2,29.1,26.5,1792,4.1,65.2,263.2,231.8,90.3,81.7,7.3,6.3,22,20.0,53.0,51.4,54.5,7.1,6.6,7.6,5144,7.8,7.0,8.6,5648,14.0,13.2,14.8,10189,3.4,3.3,3.6,2494,2
516,290,53,106,28,3,127,-5,25,8.0,11.5,-3.5,0.2,2.7,2.8,258,6.4,28.8,34.4,30.4,8.9,12.2,10.6,86,2.8,106.9,224.8,199.9,72.9,66.5,6.2,5.4,0,23.4,44.6,42.1,47.1,7.8,7.0,8.6,355,7.2,6.0,8.3,326,11.3,10.3,12.3,515,3.0,2.8,3.3,138,3
29795,14248,6299,3762,13198,1084,13890,13081,11074,10.8,6.5,4.2,1.6,22.2,23.9,14497,4.9,23.0,34.4,37.8,9.7,10.2,8.9,6015,2.5,120.4,192.6,181.6,73.9,68.9,5.8,5.5,105,18.6,33.0,31.1,35.0,5.7,5.2,6.4,20591,5.5,4.6,6.4,19566,8.6,7.8,9.4,30933,2.6,2.4,2.8,9295,3
655,315,88,76,18,2,81,26,34,14.3,9.3,5.0,3.0,-4.2,-1.2,348,6.8,29.0,41.8,22.4,8.2,12.3,12.2,119,3.2,102.9,207.9,199.6,79.8,76.2,10.6,10.4,0,26.7,40.3,37.8,42.6,7.7,6.9,8.6,435,7.8,6.6,9.1,439,10.1,9.2,11.1,570,3.1,2.8,3.3,174,6
5335,3339,3326,241,689,65,1927,-242,2705,10.8,13.3,-2.5,0.6,-1.7,-1.1,6050,13.2,38.0,30.5,18.2,16.0,23.3,21.3,1126,3.6,81.0,230.8,212.0,80.3,74.4,6.5,6.1,30,25.3,47.1,44.9,49.1,8.7,7.9,9.6,4488,10.9,9.4,12.4,5618,14.0,12.9,15.1,7209,3.5,3.2,3.7,1780,5
1356,697,691,85,214,11,357,74,180,9.0,10.3,-1.3,-0.1,6.5,6.4,1156,11.3,28.9,27.6,32.2,6.5,8.0,7.0,216,2.9,115.7,263.2,231.8,90.3,81.7,7.3,6.3,0,25.6,41.6,39.0,44.0,8.0,7.1,9.0,936,8.3,6.8,9.8,960,11.8,10.7,12.9,1370,3.2,3.0,3.5,374,2
3087,1872,360,190,188,22,574,11,392,11.1,10.6,0.6,0.7,-1.0,-0.2,2527,8.8,41.4,32.6,17.2,7.9,10.4,9.1,981,4.4,111.8,292.7,248.6,93.7,83.7,8.3,7.1,7,23.1,47.5,45.3,49.6,8.1,7.3,8.9,2615,9.2,7.9,10.6,2985,12.2,11.2,13.1,3930,3.0,2.8,3.3,981,3
10511,5732,11091,533,799,78,2651,181,6175,11.2,11.2,0.1,0.2,1.2,1.4,10755,11.9,39.0,31.1,18.0,17.0,24.7,21.3,2305,3.9,88.9,230.8,212.0,80.3,74.4,6.5,6.1,21,23.7,53.7,51.7,55.6,8.6,7.7,9.4,8730,10.7,9.3,12.3,10899,14.6,13.5,15.7,14871,3.4,3.1,3.6,3420,2
5795,2552,6416,1715,809,125,1799,2167,2348,13.2,8.3,4.8,0.0,20.4,20.3,10334,19.0,29.4,31.3,20.4,12.6,19.2,18.5,1395,3.4,102.1,224.8,199.9,72.9,66.5,6.2,5.4,0,20.9,53.4,51.6,54.9,7.9,7.3,8.6,5150,7.8,6.8,8.9,5090,13.4,12.6,14.3,8714,3.2,3.1,3.4,2104,2
3214,1602,11342,1004,116,13,544,-278,322,9.7,14.0,-4.3,0.4,-4.4,-4.0,4798,19.9,33.4,31.6,15.1,29.1,44.2,41.8,759,5.3,68.6,255.0,223.5,86.2,78.1,7.1,6.2,4,27.9,56.7,55.0,58.4,10.8,10.0,11.5,2840,11.6,10.4,13.0,3072,18.0,17.0,19.0,4763,4.5,4.3,4.8,1190,6
604,631,73,102,19,2,81,4,832,16.0,12.5,3.5,4.9,-7.9,-3.0,616,12.3,33.0,29.1,25.5,11.5,17.1,18.3,102,2.8,95.4,240.4,219.1,92.8,84.8,9.2,8.6,0,30.1,41.9,39.3,44.4,8.8,7.8,10.0,485,6.8,5.5,8.2,373,10.9,9.8,12.0,598,3.4,3.1,3.7,187,6
2224,1253,1203,435,4177,139,2072,447,6332,8.6,5.0,3.6,9.4,-4.0,5.4,1133,4.8,16.1,29.6,49.5,25.4,11.9,11.0,1025,4.3,61.3,278.8,246.3,100.6,91.7,6.9,6.1,6,14.0,30.1,28.0,32.1,4.8,4.4,5.2,2014,4.8,4.2,5.6,2052,6.9,6.3,7.5,2924,2.2,2.1,2.4,934,5
2486,1581,194,41,92,19,265,5,765,16.3,7.6,8.7,0.1,-8.7,-8.6,10761,42.4,33.2,15.5,8.9,9.4,12.6,11.8,673,3.3,108.3,292.7,248.6,93.7,83.7,8.3,7.1,4,17.6,42.7,40.3,44.9,8.6,7.6,9.4,2593,11.4,9.8,13.0,3459,11.8,10.7,12.7,3558,3.1,2.8,3.4,937,6
3027,1581,6043,288,174,14,753,-197,1393,9.7,12.1,-2.4,0.5,-4.3,-3.8,3348,14.8,35.7,30.3,19.2,13.0,18.5,17.1,488,3.3,69.7,263.2,231.8,90.3,81.7,7.3,6.3,0,26.9,47.2,45.0,49.1,8.8,8.0,9.7,2242,9.4,8.2,10.8,2400,14.2,13.2,15.2,3607,3.6,3.4,3.9,926,3
10565,5190,999,2120,1508,285,4495,2358,1084,12.1,10.3,1.8,0.2,16.6,16.8,8586,10.1,30.0,40.4,19.5,12.7,16.3,15.3,2771,4.7,85.9,303.4,271.5,109.4,101.0,9.2,8.3,11,24.4,45.2,43.3,47.2,8.0,7.3,8.8,7924,8.7,7.5,10.1,8607,11.3,10.4,12.3,11177,3.3,3.0,3.5,3223,4
5551,2816,1426,242,344,32,987,208,646,8.6,13.6,-5.0,-0.2,9.2,9.0,4608,11.8,37.1,31.6,19.5,14.8,22.0,21.2,952,4.1,104.0,253.1,225.8,85.1,77.8,8.1,7.4,6,29.8,50.2,47.6,52.5,10.0,9.0,10.9,4305,11.5,9.9,13.1,4943,14.2,13.0,15.3,6126,3.6,3.3,3.9,1556,3
460,271,464,205,83,7,115,25,1950,6.1,8.5,-2.4,0.3,6.1,6.5,646,14.2,48.6,24.7,12.4,33.9,30.4,28.9,64,3.2,52.3,285.7,262.5,95.4,88.9,7.8,7.1,0,22.3,40.2,38.4,41.9,8.0,7.5,8.7,402,7.6,6.8,8.6,383,11.9,11.2,12.6,594,3.5,3.3,3.7,176,6
4687,3153,2886,263,8412,26,1862,845,11339,9.2,5.4,3.8,8.6,-3.8,4.8,1474,2.9,17.9,28.0,51.1,18.9,8.3,6.6,916,1.6,95.7,218.2,193.1,84.8,77.9,6.9,6.5,14,15.6,34.5,32.3,36.7,4.8,4.3,5.3,3935,4.6,4.0,5.4,3797,7.3,6.7,7.9,5999,2.1,2.0,2.3,1752,4
584,296,35,26,13,3,104,-35,149,10.2,14.8,-4.6,0.2,-0.8,-0.6,1134,23.7,42.6,22.1,11.5,29.9,41.1,39.6,103,5.1,58.6,253.1,225.8,85.1,77.8,8.1,7.4,0,26.0,55.0,52.4,57.4,11.8,10.6,13.0,610,14.8,12.8,16.8,767,16.5,15.1,17.8,857,4.1,3.8,4.5,214,6
1634,1040,590,442,56,8,246,-242,1313,7.9,14.2,-6.3,0.2,-9.9,-9.7,787,6.7,37.6,35.9,19.8,17.5,26.8,24.3,317,5.1,70.5,287.0,249.7,97.8,87.6,7.9,6.7,5,32.2,51.6,49.1,53.8,10.7,9.7,11.7,1366,11.3,9.7,12.9,1438,13.9,12.8,15.0,1772,3.9,3.6,4.2,495,6
6937,3531,4068,419,1585,70,2081,1856,1176,11.4,8.1,3.3,1.8,16.1,17.9,6654,11.4,32.6,28.0,28.1,7.0,9.8,9.3,1212,2.6,107.0,263.2,231.8,90.3,81.7,7.3,6.3,0,21.1,44.2,41.8,46.3,7.0,6.2,7.8,4757,7.3,6.2,8.6,4991,10.4,9.5,11.3,7079,2.8,2.6,3.0,1908,4
1780,1130,109,69,76,16,188,-129,223,9.8,11.3,-1.6,0.3,-6.0,-5.7,893,6.8,38.1,33.8,21.3,11.1,16.8,14.2,400,4.7,82.3,284.4,240.5,99.6,87.2,7.0,5.8,0,29.5,46.2,43.5,48.6,8.9,8.0,9.9,1252,9.5,8.1,11.1,1340,11.8,10.7,12.9,1663,3.4,3.2,3.7,486,5
23797,14530,14926,688,2484,79,2424,3099,1327,8.0,13.4,-5.4,2.5,22.7,25.2,13034,11.3,29.7,30.6,28.3,10.7,17.9,16.8,2786,4.3,105.0,265.2,240.7,86.8,80.1,6.9,6.0,40,38.7,41.7,39.2,43.6,11.0,9.8,12.3,14559,10.7,8.8,12.7,14194,14.2,12.8,15.4,18745,4.1,3.8,4.5,5424,4
1595,792,318,533,175,19,361,272,862,9.1,10.9,-1.8,0.8,20.0,20.7,1270,12.2,28.8,39.3,19.7,19.2,26.6,25.7,311,4.7,57.7,285.7,262.5,95.4,88.9,7.8,7.1,0,30.4,41.4,39.4,43.0,8.5,7.8,9.2,1003,7.5,6.5,8.6,886,12.9,12.0,13.6,1513,3.9,3.7,4.1,459,6
9658,4194,2649,912,4282,429,4045,1175,1941,11.6,8.8,2.9,-0.7,11.7,11.1,2793,4.7,22.4,39.9,33.0,7.5,9.7,9.7,1810,5.2,89.1,278.8,246.3,100.6,91.7,6.9,6.1,6,30.6,37.5,35.4,39.3,7.2,6.5,7.9,4979,6.2,5.2,7.2,4297,10.3,9.3,11.1,7109,3.1,2.8,3.3,2121,5
16997,9153,1559,2890,1681,1621,3705,5841,2237,13.5,7.9,5.6,0.4,28.4,28.8,7654,7.5,23.3,41.5,27.7,9.7,11.7,11.1,2517,3.4,79.9,216.2,199.9,65.3,62.2,5.8,5.4,32,25.7,37.0,35.2,38.9,7.2,6.5,8.1,9192,6.3,5.4,7.4,8001,10.8,9.9,11.8,13741,3.3,3.1,3.6,4197,4
1320,791,94,54,60,1,152,-123,206,9.5,12.7,-3.2,0.0,-5.7,-5.7,1111,11.2,44.2,29.3,15.4,14.6,23.4,22.2,379,6.0,74.9,284.4,240.5,99.6,87.2,7.0,5.8,0,28.4,48.6,45.9,51.1,9.3,8.3,10.2,995,10.5,9.0,12.0,1126,12.6,11.4,13.7,1352,3.6,3.3,3.9,384,6
7052,3298,1030,4121,1090,247,2970,1348,2696,10.1,11.7,-1.6,0.1,19.8,20.0,5761,11.1,32.9,40.2,15.8,17.3,23.8,21.8,1892,6.7,65.9,278.8,246.3,100.6,91.7,6.9,6.1,0,27.3,45.3,43.5,47.1,9.0,8.2,9.9,5313,8.5,7.4,9.8,5025,12.5,11.6,13.5,7364,3.6,3.4,3.9,2124,5
194,173,11,20,4,1,42,14,403,10.3,7.4,2.9,0.0,3.3,3.3,422,25.0,23.8,34.7,16.6,19.0,26.9,25.3,24,2.5,77.4,247.1,236.2,91.5,88.0,9.8,9.4,0,32.2,41.2,38.6,43.8,9.0,8.0,10.1,172,9.0,7.5,10.7,173,11.8,10.7,13.0,227,3.6,3.3,3.9,69,6
610,415,254,104,37,0,173,17,427,9.1,9.4,-0.3,-0.1,2.7,2.6,505,10.0,36.0,34.7,19.3,13.3,17.8,16.4,148,3.5,87.6,227.6,206.5,88.0,80.5,6.8,6.3,0,26.2,44.4,42.0,46.6,8.1,7.3,8.9,488,8.4,7.3,9.6,506,12.1,11.1,13.1,732,3.2,3.0,3.5,194,4
1999,1257,335,341,245,27,271,-252,631,14.5,9.5,5.0,0.7,-15.1,-14.3,4651,27.6,26.9,29.7,15.8,22.9,35.0,32.5,495,4.3,65.5,224.8,199.9,72.9,66.5,6.2,5.4,6,22.4,52.0,49.8,54.1,8.8,8.1,9.6,1731,7.6,6.7,8.5,1493,16.1,15.1,17.1,3156,3.9,3.7,4.2,769,5
169,108,124,43,24,0,79,41,33,17.7,3.5,14.2,10.2,-13.4,-3.2,462,20.2,38.5,30.7,10.6,10.0,13.5,13.3,47,2.5,107.7,224.8,199.9,72.9,66.5,6.2,5.4,0,16.3,48.6,46.5,50.4,7.1,6.6,7.6,188,6.4,5.8,7.1,170,13.8,13.1,14.5,365,3.2,3.0,3.4,84,6
4691,2444,23158,439,1904,45,1350,-1060,944,13.8,10.9,2.9,0.1,-17.9,-17.8,10053,21.3,42.8,23.2,12.7,24.1,39.3,37.3,1675,5.8,89.4,260.3,231.8,84.1,75.8,9.1,7.8,11,20.0,50.9,49.4,52.5,9.0,8.3,9.7,4722,10.5,9.3,11.7,5528,15.1,14.3,15.9,7933,3.7,3.5,3.9,1929,3
1709,1271,372,128,533,17,500,-59,1036,11.8,8.5,3.3,1.5,-6.9,-5.4,1273,7.3,26.5,31.4,34.8,12.0,12.2,11.2,402,2.4,92.6,227.6,206.5,88.0,80.5,6.8,6.3,34,20.5,41.3,39.0,43.7,6.4,5.8,7.1,1448,6.7,5.6,7.8,1514,9.9,9.0,10.7,2221,2.7,2.5,2.9,607,5
1633,976,1956,688,390,87,1059,-264,687,16.5,8.2,8.3,1.3,-20.1,-18.8,2784,17.2,27.6,34.3,20.9,15.3,22.9,23.0,327,3.0,92.0,206.7,189.1,73.9,68.5,6.2,5.8,6,18.8,47.5,45.7,49.2,8.0,7.3,8.7,1491,8.2,7.2,9.4,1530,12.2,11.5,13.0,2279,3.2,3.0,3.4,593,5
757,518,29,20,31,2,73,71,54,11.6,10.2,1.4,0.8,5.3,6.2,716,10.7,40.2,31.6,17.5,10.2,15.4,14.8,228,4.9,83.8,284.4,240.5,99.6,87.2,7.0,5.8,0,26.0,46.7,44.0,49.3,8.3,7.4,9.2,611,9.3,7.9,10.9,691,11.2,10.2,12.3,831,3.2,3.0,3.5,239,6
891,464,989,31,36,6,199,111,195,12.9,10.5,2.4,0.5,6.3,6.8,1805,22.2,38.8,26.1,12.9,17.1,24.2,22.9,212,4.0,101.7,230.9,214.6,77.3,72.9,8.3,7.6,0,20.6,58.7,56.5,60.8,10.0,9.1,10.9,904,12.6,11.0,14.3,1138,15.2,14.1,16.2,1369,3.5,3.3,3.8,318,6
3586,1443,410,215,223,151,370,407,176,10.3,12.2,-1.8,0.3,14.8,15.1,3951,18.1,36.4,25.4,20.0,17.4,30.2,29.7,507,4.2,81.4,228.7,202.9,79.1,71.9,7.0,6.1,0,31.0,45.8,43.2,48.4,10.0,8.8,11.1,2482,11.0,9.1,13.0,2748,14.3,12.9,15.7,3570,3.8,3.5,4.2,948,6
2568,1600,196,92,270,9,310,61,440,12.7,10.0,2.7,0.6,-1.5,-0.9,1718,7.4,36.4,33.8,22.5,9.7,12.7,12.0,716,3.7,93.4,284.4,240.5,99.6,87.2,7.0,5.8,10,23.5,41.5,38.9,43.9,7.4,6.6,8.2,1919,8.3,7.1,9.7,2179,10.2,9.2,11.1,2652,3.0,2.8,3.2,779,5
2700,1756,256,121,157,16,401,69,529,11.6,10.3,1.3,0.2,0.7,0.9,2272,9.9,38.4,34.6,17.1,10.1,11.9,11.0,823,4.7,81.8,302.7,265.0,104.9,96.0,7.4,6.6,6,24.9,41.2,39.0,43.2,7.8,7.0,8.6,1970,6.8,5.8,8.0,1736,10.9,9.9,11.8,2765,3.2,2.9,3.4,804,6
5551,2746,931,576,626,61,1241,727,1754,11.7,9.6,2.1,0.1,10.8,11.0,4252,11.3,34.0,36.2,18.4,15.4,23.0,21.8,1395,5.2,75.1,273.1,236.3,86.6,79.0,7.0,6.3,18,27.1,48.2,45.9,50.3,9.4,8.5,10.4,4138,10.6,9.0,12.2,4663,13.4,12.3,14.5,5889,3.5,3.3,3.8,1552,5
3957,1810,249,197,281,16,628,-106,587,8.3,10.9,-2.7,0.5,-0.4,0.1,2207,7.6,32.6,30.3,29.6,13.7,20.2,17.7,749,3.5,89.0,330.2,305.7,128.9,119.7,12.1,11.7,4,28.2,42.0,39.7,44.4,8.6,7.7,9.7,2794,8.6,7.2,10.2,2776,11.4,10.3,12.6,3695,3.3,3.1,3.7,1085,6
10030,6180,1191,764,8141,65,2148,13,1561,11.3,8.4,2.9,0.4,-3.2,-2.8,7759,8.3,34.5,31.6,25.6,7.5,8.9,8.1,1975,2.7,104.4,264.9,238.3,94.6,86.4,7.9,7.1,52,22.8,39.0,36.7,41.3,7.1,6.4,7.9,7420,6.6,5.6,7.8,6933,9.2,8.3,10.1,9621,2.9,2.7,3.1,3042,4
329,252,18,14,15,13,77,13,155,8.8,15.3,-6.5,0.0,10.2,10.2,194,7.8,34.9,34.7,22.6,13.2,16.3,14.2,46,2.8,75.4,239.2,214.5,88.2,80.3,6.8,6.2,0,30.9,46.6,44.2,49.0,8.5,7.6,9.5,236,7.9,6.7,9.2,218,11.6,10.5,12.7,320,3.4,3.2,3.7,94,6
844,554,119,52,449,11,153,-34,122,11.9,10.5,1.4,4.2,-8.8,-4.6,1393,18.1,36.5,31.2,14.2,10.7,13.8,12.5,159,2.6,82.5,218.2,193.1,84.8,77.9,6.9,6.5,0,23.2,45.4,43.3,47.2,8.0,7.2,8.8,687,7.8,6.6,9.0,675,12.0,11.1,12.8,1034,3.2,3.0,3.5,280,6
79,61,20,5,5,0,21,-36,0,7.8,13.0,-5.2,10.4,-52.2,-41.7,45,9.7,43.1,23.9,23.3,11.1,15.9,14.9,14,1.9,106.6,224.8,199.9,72.9,66.5,6.2,5.4,0,30.8,47.2,45.2,49.3,9.2,8.4,10.1,56,7.2,6.3,8.3,44,14.4,13.5,15.4,88,3.6,3.4,3.9,22,6
6040,3379,477,349,22389,6652,18445,353,1188,11.6,9.5,2.2,3.1,-0.3,2.8,4162,8.2,30.1,32.2,29.5,8.5,11.9,10.4,907,2.5,91.9,314.1,273.7,118.5,104.7,9.4,8.4,9,25.4,34.4,33.3,35.5,6.7,6.3,7.1,3764,5.4,4.9,6.0,3056,11.0,10.4,11.6,6211,3.1,3.0,3.3,1775,5
5442,2612,7166,284,1348,164,911,624,2032,11.3,11.5,-0.2,0.6,9.7,10.3,6359,14.9,34.7,34.6,15.8,13.2,19.2,18.6,1065,3.6,95.5,255.0,223.5,86.2,78.1,7.1,6.2,10,24.4,46.7,44.6,48.8,8.6,7.9,9.5,4208,9.5,8.2,10.9,4628,12.7,11.8,13.6,6179,3.4,3.2,3.6,1644,5
2241,889,332,4546,196,63,826,492,945,11.7,9.3,2.5,0.0,18.0,18.0,2215,14.0,29.6,38.0,18.4,16.0,22.4,20.2,559,5.5,79.7,303.4,271.5,109.4,101.0,9.2,8.3,0,25.7,44.7,42.8,46.5,9.0,8.3,9.9,1670,9.6,8.4,10.8,1773,13.9,13.0,14.8,2573,3.7,3.5,4.0,686,6
6198,2940,724,666,640,52,1681,1637,582,11.5,7.6,3.9,0.2,14.9,15.1,4552,8.1,30.4,33.3,28.2,8.6,11.5,10.6,1124,2.6,106.7,273.1,236.3,86.6,79.0,7.0,6.3,0,20.2,44.7,42.1,47.1,7.0,6.3,7.8,4562,8.4,7.1,9.8,5437,10.4,9.4,11.4,6766,2.8,2.6,3.0,1828,3
39532,19466,49474,9748,22363,2809,34812,13056,20304,13.6,6.7,6.9,0.4,11.1,11.5,27792,6.3,20.2,35.6,37.9,9.9,13.2,12.9,13268,3.9,94.4,285.7,262.5,95.4,88.9,7.8,7.1,95,17.2,31.7,30.0,33.1,5.0,4.6,5.5,27140,5.0,4.3,5.8,27263,7.5,7.0,8.1,40673,2.5,2.4,2.7,13522,3
1364,908,422,137,163,7,286,-35,959,10.3,7.6,2.7,-0.2,-4.4,-4.5,894,6.9,35.8,36.8,20.5,9.2,12.0,11.3,366,4.1,83.0,302.7,265.0,104.9,96.0,7.4,6.6,0,22.7,38.0,35.8,40.1,7.0,6.2,7.7,1000,6.0,5.1,7.0,867,9.9,9.0,10.7,1424,2.9,2.7,3.2,420,6
1737,809,515,125,90,9,304,37,205,10.6,13.7,-3.1,-0.1,5.3,5.2,2027,15.5,46.7,24.4,13.3,13.6,20.3,18.5,379,4.3,91.8,253.1,225.8,85.1,77.8,8.1,7.4,0,26.2,51.3,48.7,53.7,10.0,9.0,11.0,1444,12.0,10.2,13.7,1734,14.3,13.1,15.4,2068,3.6,3.3,3.9,518,6
986,525,34,690,30,6,179,-109,135,12.3,10.6,1.7,0.1,-13.2,-13.1,572,8.2,34.1,37.2,20.5,9.2,11.0,9.8,160,3.3,98.9,237.6,217.1,87.0,79.6,10.5,9.7,0,31.1,44.5,42.4,46.6,8.8,8.0,9.8,660,7.5,6.5,8.7,562,12.1,11.1,13.2,905,3.3,3.1,3.6,250,6
17127,8191,92629,1001,10992,202,6704,1255,15162,10.4,6.7,3.7,3.2,-2.7,0.6,10819,6.4,19.1,28.8,45.7,20.7,20.1,18.8,5177,3.3,92.1,265.2,240.7,86.8,80.1,6.9,6.0,60,17.2,38.8,37.2,40.5,5.9,5.5,6.5,14144,6.8,5.9,7.7,16087,9.6,9.0,10.3,22914,2.7,2.6,2.9,6445,3
1445,1062,119,39,129,11,241,76,312,9.6,9.3,0.4,0.5,3.3,3.8,665,5.1,35.9,36.0,23.0,7.6,9.5,8.3,260,2.4,112.5,218.2,193.1,84.8,77.9,6.9,6.5,0,25.7,47.0,44.5,49.3,7.2,6.4,8.0,1040,6.6,5.6,7.6,960,10.0,9.1,11.0,1457,2.9,2.7,3.1,419,6
1095,509,119,439,113,29,326,-71,321,11.1,13.0,-1.9,1.1,-7.4,-6.2,974,14.4,32.3,37.4,15.9,19.1,27.2,25.5,240,7.5,60.1,279.6,243.8,96.2,87.1,7.2,6.2,0,34.4,44.0,41.8,46.2,10.1,9.1,11.1,714,10.3,8.8,11.9,725,14.1,13.0,15.1,994,4.2,3.9,4.5,297,6
1464,1008,122,69,135,0,235,-160,168,12.2,9.2,3.0,0.0,-11.3,-11.3,2321,17.7,32.7,30.7,19.0,9.2,13.3,11.8,419,4.1,87.6,284.4,240.5,99.6,87.2,7.0,5.8,0,23.1,46.3,43.8,48.7,8.3,7.4,9.2,1211,9.6,8.1,11.2,1406,11.4,10.4,12.5,1668,3.3,3.0,3.6,483,6
5561,2536,856,195,271,13,696,60,456,9.3,12.8,-3.6,0.0,4.7,4.7,6637,16.3,43.2,26.5,14.0,18.4,27.6,25.3,946,4.0,80.6,253.1,225.8,85.1,77.8,8.1,7.4,6,26.5,48.2,45.8,50.3,10.4,9.4,11.4,4708,12.7,10.9,14.5,5757,14.9,13.6,16.0,6735,3.7,3.4,4.1,1688,3
3752,2267,429,113,249,45,537,-191,579,11.0,12.7,-1.7,0.5,-3.3,-2.9,2872,9.7,45.8,29.7,14.8,14.0,20.4,18.3,952,5.2,79.6,292.7,248.6,93.7,83.7,8.3,7.1,9,26.8,51.6,49.6,53.8,9.8,8.9,10.8,3189,11.0,9.6,12.7,3594,13.9,12.9,15.1,4543,3.5,3.2,3.8,1127,5
564,437,546,364,121,54,142,106,77,18.1,5.4,12.7,17.8,-20.8,-3.0,1971,29.8,29.6,26.1,14.5,10.4,12.7,12.3,129,2.3,93.4,239.2,214.5,88.2,80.3,6.8,6.2,0,18.2,46.4,44.5,48.2,7.4,6.6,8.1,564,7.3,6.2,8.4,557,11.9,11.0,12.7,907,3.2,3.0,3.4,245,6
1901,752,1721,79,114,5,313,32,102,7.7,10.3,-2.6,0.1,4.7,4.8,1614,14.4,31.5,22.1,32.1,12.3,19.9,18.5,226,3.1,78.1,263.2,231.8,90.3,81.7,7.3,6.3,0,34.5,47.4,45.0,49.8,9.4,8.3,10.5,1148,9.5,7.8,11.2,1161,13.9,12.6,15.1,1691,3.7,3.5,4.0,456,4
1730,665,114,179,120,4,383,229,138,9.1,10.2,-1.1,0.6,13.4,14.0,1672,13.3,41.4,33.5,11.9,14.1,21.8,20.3,458,5.9,81.3,287.0,249.7,97.8,87.6,7.9,6.7,0,27.1,48.7,46.4,51.0,9.8,8.9,10.7,1382,11.5,9.9,13.1,1618,13.0,12.0,14.1,1834,3.6,3.3,3.9,503,5
1724,805,273,189,176,11,327,373,269,13.2,11.0,2.2,0.4,12.9,13.3,3348,21.2,46.2,22.6,10.0,18.1,26.0,23.9,353,3.2,80.7,253.1,225.8,85.1,77.8,8.1,7.4,0,22.0,52.1,49.8,54.4,9.6,8.7,10.5,1750,12.5,10.9,14.3,2284,14.1,13.0,15.1,2570,3.4,3.2,3.7,630,2
667,494,159,354,185,34,234,-169,1005,10.0,9.1,0.9,1.8,-22.3,-20.5,255,4.7,23.9,34.4,37.0,17.1,19.2,16.6,135,2.7,79.5,239.2,214.5,88.2,80.3,6.8,6.2,0,24.3,39.2,37.1,41.4,6.3,5.7,6.9,451,5.7,4.8,6.6,409,8.6,7.9,9.4,621,2.6,2.5,2.8,190,6
6812,2989,8384,319,790,67,1291,714,1562,11.5,10.9,0.7,0.4,7.0,7.4,9255,15.2,36.0,32.3,16.5,12.0,15.0,14.0,1387,3.5,114.8,217.1,196.7,77.2,71.2,7.6,6.9,6,21.8,53.1,51.0,55.2,8.3,7.6,9.2,5711,9.8,8.5,11.3,6712,13.0,12.0,14.0,8914,3.2,3.0,3.4,2181,2
2539,1220,5184,291,433,16,477,-76,1061,10.3,9.9,0.4,-0.4,-2.6,-3.1,3933,20.7,34.9,29.7,14.7,16.7,26.1,24.1,459,4.0,88.6,255.0,223.5,86.2,78.1,7.1,6.2,0,26.0,50.9,48.8,52.7,10.0,9.0,11.0,2117,10.7,9.3,12.1,2277,15.6,14.6,16.7,3325,4.0,3.7,4.2,842,6
4411,2753,2165,310,4532,68,1422,2965,677,14.4,5.3,9.1,2.9,21.3,24.2,2562,4.7,18.0,28.0,49.4,5.2,5.4,4.9,818,1.7,145.3,218.2,193.1,84.8,77.9,6.9,6.5,0,16.0,34.4,32.2,36.8,4.6,4.2,5.2,3026,4.3,3.5,5.2,2823,7.1,6.5,7.8,4633,2.2,2.0,2.3,1410,3
120425,62227,619411,28609,177748,2945,50809,14973,32325,15.2,6.5,8.8,5.5,-8.5,-3.1,351441,21.3,22.6,25.4,30.7,14.2,20.7,20.4,50682,3.7,98.7,224.8,199.9,72.9,66.5,6.2,5.4,614,14.8,42.1,40.6,43.5,6.3,5.9,6.8,123684,6.3,5.5,7.0,122040,11.6,10.9,12.3,226524,3.1,2.9,3.2,59528,1
3907,2348,208,135,195,24,341,-179,760,9.7,13.3,-3.6,0.2,-1.1,-0.9,2178,7.4,46.1,27.2,19.3,11.2,18.1,17.4,849,4.5,83.0,320.5,273.3,100.8,88.2,8.7,7.2,6,29.6,49.3,46.6,51.6,8.8,7.9,9.9,2818,9.3,7.9,10.7,2963,12.5,11.4,13.6,3987,3.4,3.2,3.7,1085,5
119,43,6,16,5,0,41,30,0,9.0,7.2,1.8,0.0,26.1,26.1,39,6.4,38.0,36.1,19.5,9.7,15.2,12.4,16,2.3,97.0,192.6,181.6,73.9,68.9,5.8,5.5,0,30.1,48.4,45.7,51.0,10.1,9.0,11.2,87,9.7,8.2,11.3,84,14.8,13.5,16.1,128,4.0,3.7,4.3,34,5
5166,2240,209,10225,520,47,3436,151,356,10.1,13.7,-3.6,0.1,7.0,7.1,4875,16.1,35.6,30.7,17.6,20.7,33.6,30.3,705,3.9,77.6,206.7,189.1,73.9,68.5,6.2,5.8,6,31.2,54.0,52.2,55.9,12.1,11.2,13.2,4144,12.4,10.9,14.0,4231,17.2,16.1,18.3,5876,4.4,4.1,4.7,1496,6
413,185,19,75,22,4,84,-22,33,10.7,15.3,-4.7,0.0,-2.7,-2.7,156,6.7,26.6,48.0,18.7,13.3,18.0,17.8,77,6.0,69.5,279.6,243.8,96.2,87.1,7.2,6.2,0,34.2,41.5,39.0,43.9,9.5,8.6,10.6,239,9.2,7.9,10.7,231,13.3,12.3,14.5,335,4.0,3.8,4.4,101,6
6817,3495,663,580,550,48,870,2383,691,10.5,11.5,-0.9,0.9,40.0,40.9,4357,10.6,30.0,33.3,26.1,10.2,16.8,14.8,984,3.7,100.5,224.8,199.9,72.9,66.5,6.2,5.4,12,31.6,48.5,46.1,50.9,9.1,8.2,10.1,4358,8.5,7.1,9.9,4057,13.1,11.9,14.2,6237,3.5,3.2,3.8,1654,2
17353,8985,129708,6134,9438,1296,15846,1091,15292,16.0,8.0,8.0,1.5,-6.2,-4.7,19001,9.3,25.5,40.2,25.0,17.0,23.7,22.2,6578,5.1,86.8,255.0,223.5,86.2,78.1,7.1,6.2,48,15.7,41.6,40.3,43.0,6.4,6.0,6.8,15896,7.1,6.4,7.8,17750,12.0,11.4,12.6,29970,3.1,2.9,3.2,7633,3
49,29,2,1,0,0,5,-2,0,8.4,4.2,4.2,0.0,-10.5,-10.5,13,3.7,31.8,41.8,22.7,16.2,24.2,23.1,12,4.6,74.5,239.2,214.5,88.2,80.3,6.8,6.2,0,32.7,43.7,41.2,46.1,8.1,7.3,9.0,31,7.4,6.2,8.7,29,11.2,10.2,12.2,43,3.2,3.0,3.5,12,6
3323,1450,613,171,182,25,476,515,691,9.0,10.0,-0.9,0.6,17.6,18.2,3059,14.9,31.6,32.1,21.4,14.1,23.1,21.3,491,3.0,88.0,228.7,202.9,79.1,71.9,7.0,6.1,0,26.5,44.3,41.8,46.6,8.8,7.8,9.8,2122,9.8,8.2,11.5,2351,13.1,11.9,14.2,3148,3.5,3.2,3.8,831,6
4071,1891,398,5458,509,121,1294,234,640,12.1,11.5,0.6,2.2,2.7,4.9,4795,16.5,30.1,34.4,19.0,17.0,25.9,24.9,1331,6.4,65.3,278.8,246.3,100.6,91.7,6.9,6.1,0,28.0,44.0,42.1,45.8,9.7,8.8,10.7,3135,9.6,8.3,11.1,3118,14.3,13.3,15.4,4634,4.0,3.8,4.4,1308,6
2453,1232,4735,284,404,107,817,196,441,11.7,10.4,1.4,1.8,2.8,4.6,3611,16.1,40.7,26.4,16.9,13.2,19.9,18.6,688,3.8,68.2,386.0,306.1,116.2,97.6,9.6,7.5,0,21.0,53.4,51.6,55.2,8.3,7.6,9.0,2106,9.6,8.3,10.9,2445,14.6,13.6,15.6,3709,3.4,3.2,3.7,871,6
6348,2989,658,3328,765,146,2882,864,1033,12.1,12.2,0.0,0.0,12.9,12.9,5838,12.6,30.1,37.9,19.4,18.5,25.0,25.4,1897,6.4,71.8,303.4,271.5,109.4,101.0,9.2,8.3,0,27.4,40.2,38.3,42.1,9.2,8.3,10.1,4857,9.8,8.3,11.2,5173,13.0,12.0,14.0,6890,3.7,3.5,4.0,1974,5
811,435,29,21,22,1,72,-36,198,8.9,13.9,-5.0,0.0,-0.1,-0.1,622,11.6,49.0,21.9,17.5,13.5,21.3,21.7,182,5.5,109.2,263.4,231.6,100.1,89.4,10.5,9.2,0,31.9,55.0,52.4,57.5,11.5,10.5,12.7,677,13.5,11.7,15.5,794,16.0,14.7,17.3,938,3.7,3.4,4.0,218,6
280,143,13,34,9,5,61,11,18,11.9,7.7,4.2,0.8,-1.2,-0.4,97,5.0,36.9,40.0,18.2,15.1,18.2,15.9,44,3.2,90.1,192.6,181.6,73.9,68.9,5.8,5.5,0,30.9,38.4,36.2,40.5,9.1,8.2,10.0,180,8.3,7.1,9.6,165,12.9,11.9,14.0,256,3.6,3.4,3.9,72,4
955,392,64,58,22,9,147,22,62,9.3,11.4,-2.1,0.0,4.1,4.1,1331,17.8,46.2,24.5,11.4,15.8,25.3,23.0,222,4.5,79.2,230.8,212.0,80.3,74.4,6.5,6.1,0,25.4,53.7,51.3,56.1,9.9,9.0,11.0,823,12.8,11.1,14.8,1064,15.3,14.1,16.6,1268,3.7,3.4,4.0,303,6
1217,598,480,58,60,15,331,112,80,11.4,10.1,1.3,0.1,5.6,5.7,1707,15.8,42.1,30.0,12.2,14.3,21.7,19.6,318,3.9,106.4,230.9,214.6,77.3,72.9,8.3,7.6,0,23.1,55.2,52.7,57.5,10.2,9.3,11.1,1253,12.8,11.2,14.7,1580,15.2,14.1,16.4,1875,3.5,3.3,3.8,434,2
1786,1052,10091,73,316,20,274,-122,438,11.9,12.6,-0.7,0.7,-5.4,-4.7,2999,19.9,39.1,27.3,13.7,27.4,43.0,40.8,456,4.9,61.6,228.7,202.9,79.1,71.9,7.0,6.1,16,23.2,52.7,51.0,54.3,10.6,9.8,11.4,1809,12.1,10.8,13.3,2066,18.8,17.9,19.8,3224,4.6,4.3,4.9,789,5
2157,1463,1671,116,713,5,515,-368,3329,8.4,9.8,-1.3,2.9,-13.9,-11.0,1188,6.5,30.6,30.5,32.4,21.9,22.9,21.0,684,5.1,65.9,284.4,240.5,99.6,87.2,7.0,5.8,7,22.5,42.1,39.6,44.7,6.9,6.2,7.6,1709,7.7,6.6,8.9,1911,9.6,8.8,10.5,2394,2.9,2.7,3.1,716,5
370,286,31,52,22,1,52,85,245,19.0,9.1,9.9,3.5,0.7,4.1,320,8.7,42.3,28.7,20.3,9.3,10.8,10.4,100,3.1,115.3,240.4,219.1,92.8,84.8,9.2,8.6,0,22.0,42.1,40.0,44.3,7.1,6.3,7.8,295,5.8,4.9,6.7,242,9.7,8.9,10.5,405,2.8,2.6,3.1,118,6
5099,2941,2181,330,3411,42,1927,1401,877,11.4,5.2,6.3,0.5,7.0,7.4,2346,3.6,19.0,29.3,48.1,3.8,3.7,3.0,1422,2.5,148.3,302.7,265.0,104.9,96.0,7.4,6.6,25,15.6,32.2,30.0,34.4,4.7,4.2,5.3,3601,3.9,3.2,4.7,2953,7.2,6.5,8.0,5497,2.2,2.0,2.4,1665,2
4766,2205,311,289,368,18,806,171,705,8.8,10.8,-2.0,0.0,5.4,5.4,4527,12.1,40.2,31.2,16.5,16.1,21.1,18.9,1101,4.8,78.7,330.2,305.7,128.9,119.7,12.1,11.7,4,26.9,46.6,44.5,48.6,9.4,8.5,10.4,3865,10.8,9.3,12.4,4433,12.5,11.4,13.6,5117,3.6,3.3,3.9,1483,6
19438,13286,36981,608,2103,125,5231,-368,9138,10.6,12.6,-2.0,2.0,-1.5,0.5,14934,9.1,38.0,28.8,24.1,16.5,24.3,21.6,6144,5.9,85.5,292.7,248.6,93.7,83.7,8.3,7.1,67,26.9,53.3,51.4,55.2,9.4,8.5,10.2,17216,10.0,8.6,11.4,18372,14.9,13.7,15.9,27287,3.6,3.3,3.8,6553,3
5868,2390,1050,311,498,53,1302,785,340,10.4,8.2,2.3,-0.1,7.6,7.5,6587,12.0,41.6,32.2,14.2,9.5,12.6,11.6,1726,4.1,121.6,230.9,214.6,77.3,72.9,8.3,7.6,0,21.0,56.7,54.3,58.8,8.4,7.7,9.2,5311,10.4,9.1,11.8,6572,12.8,11.8,13.8,8127,2.9,2.7,3.1,1850,2
3612,1937,235,160,157,6,541,-303,517,11.8,13.4,-1.6,0.3,-6.4,-6.1,3391,12.3,32.7,39.1,15.9,19.4,26.0,24.1,1049,6.1,64.7,284.4,240.5,99.6,87.2,7.0,5.8,0,26.0,52.6,50.2,54.9,9.3,8.4,10.2,2802,10.8,9.3,12.5,3261,13.0,12.0,14.1,3921,3.6,3.4,3.9,1097,6
5252,2390,11814,500,258,35,715,28,515,9.3,13.2,-3.8,0.1,4.4,4.5,4188,12.4,33.6,34.6,19.4,18.1,27.5,26.2,900,4.6,86.1,255.0,223.5,86.2,78.1,7.1,6.2,8,29.7,53.6,51.8,55.5,10.2,9.3,11.1,3832,10.5,9.2,11.9,3949,15.9,14.9,17.0,5985,4.1,3.9,4.4,1554,5
992,383,42,783,34,9,364,61,70,10.9,11.9,-1.0,0.1,7.5,7.6,748,11.7,38.9,34.2,15.1,14.7,22.8,20.6,186,4.6,87.3,192.6,181.6,73.9,68.9,5.8,5.5,0,30.7,46.4,44.2,48.4,9.9,9.0,10.9,705,9.8,8.5,11.3,702,14.4,13.3,15.5,1026,3.9,3.6,4.2,278,6
951,510,62,7604,132,10,339,129,359,13.6,7.8,5.8,1.6,1.0,2.6,1440,16.2,30.6,34.8,18.4,22.6,26.8,24.5,359,6.2,60.2,216.2,199.9,65.3,62.2,5.8,5.4,1,18.6,48.4,46.8,50.0,8.8,8.2,9.5,949,8.9,7.9,10.0,957,15.4,14.5,16.3,1652,4.0,3.8,4.2,428,6
1410,1017,668,89,329,4,250,-104,3652,10.6,7.6,3.0,0.3,-8.0,-7.7,938,7.5,38.6,26.1,27.8,19.8,13.8,13.7,312,2.9,85.8,273.1,236.3,86.6,79.0,7.0,6.3,0,19.2,38.6,36.3,41.0,6.6,6.0,7.2,1233,7.9,6.7,9.0,1476,9.3,8.5,10.0,1739,2.7,2.5,2.9,498,5
8023,3502,4712,280,3454,243,2679,922,834,12.7,7.6,5.0,1.2,0.8,2.0,6092,7.2,27.9,33.3,31.6,6.4,8.7,7.8,2379,3.4,154.8,230.9,214.6,77.3,72.9,8.3,7.6,18,17.9,48.0,45.8,50.2,6.9,6.2,7.7,6763,8.2,6.9,9.6,7992,11.3,10.3,12.3,11000,2.6,2.4,2.8,2505,2
852,626,40,33,115,20,93,-77,163,11.3,11.8,-0.5,0.8,-9.5,-8.7,577,9.6,37.5,34.1,18.9,8.2,11.5,10.8,182,3.7,85.3,302.7,265.0,104.9,96.0,7.4,6.6,0,31.8,46.8,44.4,49.4,8.3,7.4,9.3,538,6.7,5.6,7.9,431,11.3,10.2,12.3,728,3.4,3.1,3.7,218,6
2227,1135,205,163,81,12,476,87,454,10.0,10.7,-0.7,0.5,3.9,4.4,1914,11.8,44.3,30.1,13.8,17.6,25.2,22.9,483,4.4,80.5,287.0,249.7,97.8,87.6,7.9,6.7,4,26.9,49.2,46.9,51.3,10.4,9.4,11.4,1883,12.0,10.3,13.7,2175,13.8,12.7,14.9,2511,3.8,3.5,4.1,681,6
1644,789,1810,57,50,6,253,126,377,8.5,12.8,-4.3,0.2,16.0,16.2,1154,14.0,32.2,32.0,21.8,12.7,22.9,22.5,139,2.6,75.6,263.2,231.8,90.3,81.7,7.3,6.3,0,39.9,47.8,45.5,50.2,10.1,9.1,11.2,912,9.8,8.3,11.5,882,14.6,13.5,15.8,1318,4.0,3.7,4.3,359,6
1279,804,144,188,115,10,197,-28,1229,10.8,10.1,0.7,2.5,-5.4,-2.9,693,7.4,29.1,39.0,24.5,12.9,18.0,16.2,226,3.3,83.0,207.9,199.6,79.8,76.2,10.6,10.4,0,27.5,41.8,39.8,43.9,8.1,7.3,9.0,868,7.9,6.8,9.3,850,10.7,9.8,11.6,1141,3.3,3.1,3.6,351,6
11324,6479,12630,546,4453,85,4005,181,5869,10.6,10.1,0.5,1.4,-0.7,0.7,9302,8.4,29.1,32.4,30.1,11.1,15.5,14.7,3166,3.9,105.1,375.1,304.1,112.9,94.8,10.2,7.4,12,22.5,40.7,38.8,42.6,6.8,6.2,7.6,8759,7.9,6.7,9.2,10169,10.4,9.6,11.4,13369,2.8,2.6,3.1,3626,3
9488,4258,27536,512,6055,138,2662,830,457,7.9,7.6,0.3,2.2,4.9,7.1,3926,5.2,20.7,27.5,46.5,5.0,7.6,6.5,2010,3.5,162.1,228.7,202.9,79.1,71.9,7.0,6.1,37,22.9,36.1,34.3,37.8,6.3,5.7,6.9,5497,6.1,5.2,7.1,5342,11.2,10.4,12.0,9793,2.9,2.7,3.1,2542,2
1146,545,5760,65,91,4,181,-21,441,12.1,12.2,-0.1,0.1,-1.4,-1.4,1631,16.9,42.7,26.2,14.2,25.9,41.2,45.9,288,5.4,66.6,228.7,202.9,79.1,71.9,7.0,6.1,0,24.6,49.9,48.1,51.6,9.3,8.6,10.0,1019,10.6,9.5,11.9,1168,17.2,16.2,18.1,1891,4.1,3.9,4.4,453,6
596,227,45,103,72,20,152,205,7,12.4,3.3,9.1,1.5,7.2,8.7,521,7.1,16.2,35.2,41.5,7.6,10.9,10.4,144,2.2,123.8,192.6,181.6,73.9,68.9,5.8,5.5,0,13.9,34.6,32.3,37.0,5.5,4.9,6.2,487,5.4,4.4,6.5,470,9.2,8.3,10.1,807,2.5,2.3,2.7,221,5
1647,820,73,185,48,9,249,8,207,8.2,13.6,-5.4,0.1,5.9,6.0,1429,12.6,42.3,33.4,11.8,15.9,24.1,22.4,425,7.1,75.1,287.0,249.7,97.8,87.6,7.9,6.7,5,32.4,51.8,49.2,54.0,11.2,10.1,12.3,1380,12.6,10.7,14.3,1547,14.4,13.1,15.5,1776,4.0,3.7,4.3,491,6
9420,5677,14147,509,9359,91,4173,-17,10507,11.2,7.0,4.2,4.7,-9.1,-4.3,4324,4.1,25.1,26.0,44.8,14.4,10.5,8.6,3680,4.2,103.1,284.4,240.5,99.6,87.2,7.0,5.8,30,17.2,37.1,34.9,39.2,5.5,4.9,6.1,7429,6.1,5.1,7.2,8247,8.2,7.6,9.0,11180,2.4,2.3,2.6,3312,4
2827,1632,266,809,295,35,797,78,998,11.1,11.8,-0.7,4.2,-1.3,2.9,1911,8.2,33.8,31.7,26.4,16.7,20.1,18.5,692,4.0,85.6,247.1,236.2,91.5,88.0,9.8,9.4,11,24.7,40.2,38.0,42.4,7.8,7.0,8.6,2177,7.6,6.4,8.7,2108,11.2,10.3,12.1,3133,3.2,3.0,3.5,895,5
6386,3041,13133,200,308,21,874,-392,1067,8.3,12.4,-4.1,0.3,-2.5,-2.3,8121,18.0,35.3,32.8,13.9,16.4,22.3,21.1,1085,3.6,61.6,263.2,231.8,90.3,81.7,7.3,6.3,0,28.3,48.0,46.0,49.6,9.6,8.8,10.4,4757,10.4,9.0,11.8,5124,14.7,13.8,15.7,7288,3.9,3.7,4.2,1939,5
1892,986,97,234,136,20,454,-73,429,9.8,13.0,-3.2,0.4,-1.6,-1.2,1237,10.4,32.9,34.4,22.3,15.4,22.7,20.8,383,5.5,72.8,303.4,271.5,109.4,101.0,9.2,8.3,2,33.0,46.2,43.7,48.4,9.9,8.9,11.0,1275,9.9,8.4,11.6,1274,13.5,12.3,14.8,1739,3.8,3.5,4.1,489,6
2908,1616,21174,160,263,14,376,-39,898,13.4,13.3,0.1,1.3,-2.4,-1.1,4670,18.3,35.6,30.5,15.5,30.6,46.2,47.8,833,5.7,76.0,191.3,174.8,65.9,61.2,7.1,6.7,28,21.8,55.8,54.3,57.5,10.0,9.3,10.8,2946,11.2,10.0,12.4,3280,18.4,17.4,19.3,5383,4.4,4.1,4.6,1283,5
1866,982,5453,285,73,198,279,120,287,11.2,9.9,1.3,3.5,1.2,4.7,2923,20.8,36.2,26.9,16.1,14.9,23.8,23.9,273,3.1,87.7,229.5,205.0,80.1,72.3,7.0,6.2,0,24.2,48.7,47.0,50.4,9.3,8.5,10.1,1498,9.8,8.6,11.0,1576,15.7,14.7,16.6,2527,3.9,3.7,4.2,629,3
2574,1666,311,102,155,9,398,-226,468,11.3,12.1,-0.8,0.3,-7.7,-7.4,2157,10.8,39.9,33.8,15.4,9.9,16.6,15.0,645,4.5,84.9,284.4,240.5,99.6,87.2,7.0,5.8,0,28.1,50.8,48.3,53.2,9.0,8.1,10.0,1954,10.0,8.5,11.6,2162,12.3,11.3,13.4,2669,3.5,3.3,3.8,761,6
496,273,28,71,54,78,116,36,75,9.4,11.6,-2.2,4.7,6.4,11.1,245,8.1,24.0,43.1,24.9,13.3,19.0,17.9,100,5.6,72.5,278.8,246.3,100.6,91.7,6.9,6.1,0,34.3,44.5,42.1,46.6,9.5,8.6,10.5,314,8.4,7.0,9.9,277,13.0,11.9,14.1,429,3.8,3.5,4.1,125,4
819,326,2647,84,72,59,142,-63,79,9.1,10.7,-1.7,-0.5,-5.4,-5.8,1412,23.1,38.1,25.8,13.1,22.8,36.7,34.3,174,5.1,66.7,228.7,202.9,79.1,71.9,7.0,6.1,0,25.6,48.8,46.9,50.6,10.0,9.2,10.8,657,11.3,10.0,12.7,742,17.4,16.4,18.4,1143,4.2,4.0,4.5,279,3
5024,2119,2687,640,422,33,1578,200,611,8.3,10.1,-1.8,0.1,5.6,5.7,4441,12.1,33.2,35.6,19.1,11.2,17.3,15.9,992,4.1,98.8,287.0,249.7,97.8,87.6,7.9,6.7,0,27.2,44.1,41.8,46.4,8.9,7.9,9.8,3634,10.1,8.6,11.6,4131,12.2,11.2,13.2,5021,3.4,3.1,3.6,1382,3
627,364,56,48,21,1,60,-16,146,7.9,12.6,-4.7,0.6,0.8,1.4,666,19.5,30.4,31.9,18.2,14.6,24.6,22.7,66,3.5,77.6,224.8,199.9,72.9,66.5,6.2,5.4,0,35.1,50.4,47.8,52.6,11.5,10.3,12.8,451,10.7,8.9,12.5,418,15.9,14.6,17.2,624,4.2,3.9,4.6,166,6
1308,764,8623,61,75,11,159,-122,1013,8.7,13.2,-4.5,0.3,-4.3,-4.0,1726,17.7,33.2,30.4,18.7,26.7,39.1,37.1,325,6.5,69.1,229.5,205.0,80.1,72.3,7.0,6.2,0,26.3,56.3,54.3,58.0,9.4,8.6,10.1,1088,9.6,8.5,10.7,1108,18.4,17.3,19.4,2125,4.5,4.2,4.8,518,6
1282,685,762,27,89,11,190,71,86,6.4,14.3,-7.9,1.1,14.8,16.0,643,9.4,32.0,30.7,28.0,9.3,16.6,15.4,124,3.0,85.1,263.2,231.8,90.3,81.7,7.3,6.3,0,37.3,42.0,39.8,44.4,9.7,8.7,10.7,721,9.1,7.6,10.7,674,13.5,12.3,14.7,1002,3.7,3.5,4.1,278,2
152,78,29,3556,8,1,167,-59,60,19.4,14.8,4.6,0.7,-18.7,-18.0,380,16.0,32.2,35.6,16.2,32.9,37.6,32.3,51,4.1,56.7,237.6,217.1,87.0,79.6,10.5,9.7,0,12.3,56.1,53.8,58.2,10.4,9.5,11.2,290,11.2,9.8,12.6,314,18.2,17.1,19.4,511,4.4,4.1,4.7,122,4
672,419,239,571,405,12,352,20,2254,10.2,6.1,4.1,3.8,-6.3,-2.5,286,4.1,21.7,25.8,48.4,19.5,16.3,14.3,209,2.9,81.3,240.4,219.1,92.8,84.8,9.2,8.6,0,15.7,36.5,33.8,39.2,5.1,4.7,5.6,595,4.4,3.8,5.1,512,7.4,6.8,8.0,860,2.3,2.1,2.4,263,5
3093,1704,1270,311,492,70,675,37,539,12.3,8.5,3.8,2.7,-5.7,-2.9,3544,12.4,34.7,30.9,22.0,11.8,16.0,14.7,575,2.6,97.3,218.2,193.1,84.8,77.9,6.9,6.5,5,22.4,47.1,45.0,48.9,7.0,6.3,7.7,2262,6.8,5.8,7.9,2201,10.5,9.6,11.4,3391,2.9,2.7,3.2,949,5
5920,3006,3125,264,504,46,1149,383,1318,10.5,11.7,-1.3,0.1,6.7,6.8,8731,18.1,36.2,29.7,15.9,15.5,22.2,20.2,1206,3.9,74.6,228.7,202.9,79.1,71.9,7.0,6.1,0,24.2,50.2,47.8,52.5,9.0,8.1,9.9,4872,10.5,9.0,12.1,5708,13.9,12.8,15.0,7560,3.6,3.3,3.8,1928,3
22463,12217,16294,1344,3719,404,5584,1918,7682,9.5,10.3,-0.8,0.8,7.5,8.2,16793,9.0,23.4,28.4,39.2,11.5,16.8,16.6,4134,3.0,100.1,255.0,223.5,86.2,78.1,7.1,6.2,166,25.7,36.2,34.0,38.3,7.6,6.8,8.4,16028,7.7,6.4,9.2,16336,10.6,9.6,11.5,22315,3.1,2.8,3.3,6482,3
1893,1051,8686,283,99,9,378,-235,230,9.6,13.4,-3.7,-0.1,-7.3,-7.4,2409,16.3,46.1,23.5,14.1,21.9,31.6,30.1,442,6.2,79.3,217.1,196.7,77.2,71.2,7.6,6.9,8,25.5,56.8,55.2,58.3,11.1,10.4,11.9,1838,12.2,10.9,13.5,2012,19.6,18.5,20.6,3235,4.5,4.3,4.8,750,6
539,423,44,34,60,8,89,1,82,12.6,10.8,1.8,0.7,-2.3,-1.7,468,10.9,38.5,32.4,18.1,9.4,13.3,12.0,68,1.9,100.9,218.2,193.1,84.8,77.9,6.9,6.5,0,26.4,47.9,45.4,50.3,8.6,7.7,9.6,397,7.9,6.8,9.2,366,11.9,10.8,12.9,547,3.4,3.1,3.7,156,6
1718,950,171,181,121,5,295,82,224,11.5,10.3,1.2,0.0,3.0,2.9,1748,12.6,40.3,32.7,14.4,13.6,22.0,22.9,338,3.4,94.7,230.8,212.0,80.3,74.4,6.5,6.1,4,25.9,48.4,46.1,50.6,8.6,7.8,9.4,1322,10.6,9.2,12.1,1631,13.5,12.5,14.5,2081,3.3,3.1,3.6,508,6
22147,11369,45621,1456,35822,222,13130,1755,22604,9.8,6.5,3.4,5.7,-4.4,1.4,10800,4.8,14.9,25.1,55.2,15.0,12.6,11.4,5928,3.0,127.6,287.0,249.7,97.8,87.6,7.9,6.7,92,18.2,34.8,33.0,36.4,5.5,5.0,6.0,16589,5.6,4.8,6.5,16992,8.7,8.0,9.3,26177,2.4,2.3,2.6,7294,3
1935,1000,1637,78,114,3,254,5,1032,11.0,10.8,0.2,0.3,-0.1,0.2,3375,21.5,30.2,34.8,13.4,13.7,17.5,16.8,419,4.1,102.2,191.3,174.8,65.9,61.2,7.1,6.7,0,22.8,48.7,46.6,50.7,8.9,8.0,9.7,1630,10.2,8.7,11.6,1874,13.3,12.3,14.3,2450,3.4,3.1,3.6,618,5
156,112,51,23,22,0,27,-25,25,8.7,10.9,-2.2,1.5,-18.2,-16.7,105,10.6,43.6,32.2,13.7,14.6,17.8,16.7,21,3.5,77.4,224.8,199.9,72.9,66.5,6.2,5.4,0,34.0,50.3,48.3,52.0,10.9,9.9,11.9,115,10.0,8.5,11.4,105,15.4,14.2,16.4,163,4.0,3.8,4.3,43,6
3001,1703,10860,95,90,5,315,-288,405,11.3,11.9,-0.6,-0.1,-7.4,-7.4,4683,18.9,35.8,28.1,17.2,16.4,24.5,24.5,754,4.9,99.9,191.3,174.8,65.9,61.2,7.1,6.7,9,25.9,54.3,52.3,56.1,9.3,8.5,10.1,2554,10.2,9.0,11.5,2803,15.9,14.9,16.9,4371,3.8,3.5,4.0,1037,6
8141,3736,577,3149,2266,124,3620,928,3645,9.9,7.4,2.5,1.3,4.0,5.3,3471,4.5,21.3,31.7,42.5,12.7,13.2,11.7,2100,3.3,101.7,247.1,236.2,91.5,88.0,9.8,9.4,32,19.9,27.8,26.1,29.6,5.8,5.2,6.4,5548,5.4,4.6,6.4,5228,8.2,7.5,9.0,7922,2.5,2.4,2.7,2446,4
1845,868,146,43,32,1,247,-462,56,8.6,16.0,-7.4,0.0,-14.6,-14.7,3126,20.0,49.1,21.4,9.5,24.1,29.7,26.6,479,7.1,80.5,263.4,231.6,100.1,89.4,10.5,9.2,0,27.9,57.4,55.3,59.5,12.0,11.0,13.1,1987,15.6,13.7,17.7,2589,16.9,15.7,18.1,2798,3.9,3.6,4.2,642,6
5571,3272,33242,247,646,45,766,-1013,3683,12.2,11.0,1.1,-0.4,-14.2,-14.6,7507,14.5,28.8,36.7,20.0,25.5,33.9,31.7,1538,5.0,89.6,191.3,174.8,65.9,61.2,7.1,6.7,51,22.6,47.1,45.3,48.8,8.7,8.0,9.5,5024,9.2,8.1,10.4,5325,14.4,13.5,15.4,8324,3.7,3.5,4.0,2161,5
1372,652,11003,75,72,4,196,-125,1603,10.5,16.5,-6.0,0.0,-1.1,-1.1,2591,21.3,42.1,24.3,12.3,28.1,42.8,43.9,302,4.6,63.3,229.5,205.0,80.1,72.3,7.0,6.2,0,23.2,52.2,50.3,54.0,9.3,8.6,9.9,1270,10.3,9.3,11.4,1408,18.6,17.6,19.6,2548,4.5,4.2,4.8,614,6
36494,20921,32709,1457,30539,327,10263,3112,13495,10.1,8.0,2.2,2.0,1.9,3.9,23654,6.7,21.4,20.0,51.8,6.7,7.8,7.1,8931,3.2,163.0,320.5,273.3,100.8,88.2,8.7,7.2,93,21.3,33.0,30.7,35.0,5.8,5.1,6.4,23274,5.6,4.5,6.8,22674,9.2,8.2,10.0,36979,2.6,2.4,2.8,10383,2
6851,3497,7153,1618,9334,147,3493,1786,1313,12.6,4.5,8.1,1.2,2.9,4.1,4801,5.2,22.6,32.8,39.3,5.2,6.1,5.7,2062,2.5,144.3,302.7,265.0,104.9,96.0,7.4,6.6,0,14.3,35.7,33.8,37.7,4.7,4.2,5.2,5031,4.1,3.4,4.9,4384,7.7,7.0,8.4,8182,2.2,2.0,2.4,2358,2
2177,1028,1332,70,190,49,448,137,413,10.8,8.8,2.0,0.8,2.5,3.2,1969,10.9,27.5,28.8,32.9,9.4,13.2,12.2,457,3.1,131.8,230.9,214.6,77.3,72.9,8.3,7.6,0,23.7,48.3,45.6,50.7,8.8,7.9,9.8,1828,10.0,8.2,11.8,2066,13.2,12.0,14.4,2733,3.2,3.0,3.5,659,3
1307,817,8272,86,73,4,201,-58,2920,10.8,12.8,-2.0,0.0,-1.6,-1.6,2234,18.8,41.4,25.1,14.7,32.7,41.1,41.6,303,5.2,70.1,260.3,231.8,84.1,75.8,9.1,7.8,4,24.3,58.9,56.9,60.8,10.9,10.1,11.7,1421,12.0,10.8,13.4,1572,19.1,18.0,20.2,2494,4.6,4.3,4.9,594,6
10629,6886,2455,204,874,34,1848,-683,3710,9.9,13.2,-3.3,0.2,-2.4,-2.2,8029,9.1,45.4,24.7,20.8,14.4,19.4,18.5,2505,4.2,80.9,320.5,273.3,100.8,88.2,8.7,7.2,50,26.6,48.0,45.6,50.1,8.3,7.5,9.1,8090,9.0,7.7,10.5,8814,11.7,10.7,12.7,11432,3.3,3.1,3.6,3231,4
2837,1279,12972,738,657,58,792,1841,4191,12.8,6.2,6.6,1.2,27.3,28.5,5292,19.2,32.4,28.6,19.9,15.9,19.9,19.0,977,4.3,98.6,224.8,199.9,72.9,66.5,6.2,5.4,0,16.2,45.7,43.9,47.5,6.6,6.2,7.1,2675,6.9,6.2,7.7,2776,11.9,11.2,12.5,4775,2.9,2.8,3.1,1187,2
454,337,256,248,22,8,162,-146,1053,9.4,9.6,-0.2,0.5,-25.6,-25.1,568,13.2,39.1,27.6,20.2,15.2,18.5,17.4,64,2.2,102.0,206.7,189.1,73.9,68.5,6.2,5.8,0,25.6,48.2,45.9,50.7,9.1,8.1,10.0,419,8.6,7.3,10.0,399,12.5,11.4,13.5,576,3.2,3.0,3.5,149,6
706,215,76,241,60,3,209,200,18,11.0,8.0,3.0,0.7,26.0,26.7,919,19.6,29.8,27.8,22.9,24.6,37.0,33.7,169,4.6,51.2,285.7,262.5,95.4,88.9,7.8,7.1,0,30.2,43.8,41.5,45.9,9.4,8.5,10.4,508,9.1,7.7,10.5,487,14.1,13.0,15.2,760,4.2,3.9,4.5,225,6
4329,1964,3901,319,439,32,1038,314,550,9.4,10.2,-0.8,0.0,7.4,7.4,4438,13.4,27.2,36.3,23.2,17.5,26.2,25.3,937,5.0,111.4,191.3,174.8,65.9,61.2,7.1,6.7,6,25.8,49.5,47.1,51.7,8.8,7.9,9.7,3296,9.6,8.2,11.2,3613,13.2,12.2,14.4,4983,3.4,3.2,3.7,1273,3
25622,13738,29990,2646,22131,382,12497,3602,2824,12.2,6.2,6.0,1.4,1.1,2.5,14448,5.1,20.6,32.4,41.8,6.3,7.9,8.1,6091,2.5,122.9,302.7,265.0,104.9,96.0,7.4,6.6,12,18.4,38.0,36.1,40.0,5.2,4.6,5.8,16729,4.3,3.6,5.2,13947,8.5,7.8,9.3,27416,2.4,2.2,2.6,7730,2
520,421,367,66,31,6,162,-108,1026,9.8,11.6,-1.8,-0.6,-14.1,-14.7,618,12.3,29.6,39.3,18.8,14.2,18.1,16.6,93,3.2,80.9,227.6,206.5,88.0,80.5,6.8,6.3,0,27.5,50.0,47.5,52.1,8.4,7.5,9.3,458,8.5,7.2,9.9,467,12.8,11.8,13.8,704,3.3,3.1,3.6,182,6
3592,1754,773,9125,274,37,4097,-155,463,12.5,13.7,-1.2,0.4,-3.0,-2.6,5432,19.2,38.5,29.0,13.3,18.8,28.4,27.5,707,4.3,75.1,206.7,189.1,73.9,68.5,6.2,5.8,0,23.4,57.7,56.0,59.4,11.5,10.7,12.4,3643,12.7,11.4,14.0,4027,16.4,15.5,17.3,5198,4.2,3.9,4.5,1327,3
1451,744,93,137,97,4,304,153,246,10.5,9.4,1.1,0.3,8.1,8.4,1091,9.6,40.2,35.6,14.6,11.3,17.4,15.8,489,5.5,81.0,302.7,265.0,104.9,96.0,7.4,6.6,4,27.5,41.6,39.4,43.7,8.1,7.3,9.0,1035,7.2,6.2,8.4,919,11.8,10.8,12.8,1500,3.3,3.1,3.6,420,6
11064,6826,18276,491,2881,132,4525,638,8314,10.9,10.1,0.8,1.4,2.1,3.5,13723,13.1,36.4,29.1,21.4,11.1,16.5,15.1,3249,4.3,75.3,386.0,306.1,116.2,97.6,9.6,7.5,48,22.2,48.7,46.8,50.5,7.5,6.8,8.3,8853,8.7,7.5,10.0,10262,13.3,12.4,14.3,15727,3.1,2.9,3.4,3677,3
1534,735,4902,59,91,5,218,141,1284,8.7,11.2,-2.5,0.0,12.4,12.4,1956,17.9,33.3,26.7,22.0,17.9,28.6,26.5,209,3.7,83.6,265.2,240.7,86.8,80.1,6.9,6.0,0,30.7,49.1,47.2,50.7,10.0,9.1,10.9,1184,10.9,9.6,12.4,1297,15.9,14.8,16.9,1880,4.0,3.8,4.3,478,3
25875,14672,104174,3255,9767,474,8657,3375,10802,11.7,8.7,3.0,1.5,4.5,6.0,27935,11.2,25.6,29.3,33.8,16.4,25.1,23.0,7109,3.8,92.9,255.0,223.5,86.2,78.1,7.1,6.2,259,20.6,43.2,41.6,45.0,7.4,6.7,8.1,21568,7.7,6.6,8.9,22548,12.6,11.8,13.5,36949,3.2,3.0,3.5,9440,3
1175,756,1588,67,77,6,170,-235,2420,9.2,13.4,-4.2,0.1,-10.6,-10.6,1793,15.3,37.0,34.2,13.5,17.5,20.9,20.5,352,5.9,67.3,284.4,240.5,99.6,87.2,7.0,5.8,0,23.0,50.0,47.7,52.1,7.9,7.2,8.8,1018,9.5,8.2,10.7,1213,11.5,10.6,12.4,1474,3.2,3.0,3.5,413,6
11630,5644,9477,1613,2128,144,2512,202,1259,10.8,10.9,-0.1,0.4,1.1,1.6,18335,18.6,33.8,31.8,15.8,13.8,20.6,19.1,2484,3.7,89.7,255.0,223.5,86.2,78.1,7.1,6.2,12,23.0,46.2,44.2,48.2,9.1,8.2,10.0,10054,10.0,8.6,11.6,11162,13.3,12.3,14.3,14759,3.5,3.2,3.8,3861,3
1015,435,147,24,23,14,143,-10,54,9.1,7.6,1.5,0.0,-2.3,-2.3,832,11.4,49.0,25.9,13.6,9.1,13.3,11.7,158,2.8,105.8,273.1,236.3,86.6,79.0,7.0,6.3,0,27.4,47.9,45.4,50.2,9.1,8.1,10.0,732,10.4,9.0,12.0,837,12.5,11.4,13.6,1011,3.3,3.1,3.6,268,5
506,306,1691,41,22,3,158,-78,21,13.8,11.5,2.4,0.5,-17.1,-16.5,568,14.3,34.2,39.2,12.3,19.7,33.4,32.8,169,8.2,59.0,284.4,240.5,99.6,87.2,7.0,5.8,0,27.5,55.0,53.6,56.4,10.4,9.7,11.2,447,11.6,10.3,12.9,496,17.0,16.1,17.9,727,4.5,4.2,4.7,192,6
2691,2014,431,1216,323,48,556,-224,884,13.2,11.5,1.7,1.2,-9.1,-7.9,3016,12.5,28.9,36.3,22.4,14.3,19.0,17.4,591,3.2,84.1,239.2,214.5,88.2,80.3,6.8,6.2,22,24.7,50.0,48.3,51.8,8.0,7.3,8.7,2151,7.5,6.4,8.6,2018,12.8,11.9,13.7,3454,3.3,3.1,3.6,903,5
553,374,630,126,51,6,139,-19,644,11.5,10.2,1.3,0.4,-4.3,-3.9,1355,26.8,31.7,28.7,12.8,19.2,29.2,26.7,115,4.3,71.1,224.8,199.9,72.9,66.5,6.2,5.4,0,24.1,53.4,51.9,54.9,10.0,9.2,10.7,560,9.6,8.5,10.7,538,16.2,15.4,17.1,908,4.1,3.8,4.3,228,6
357,317,8,39,32,0,42,-17,56,9.1,12.1,-3.0,1.8,-4.2,-2.4,325,12.9,36.0,34.6,16.5,13.3,16.8,15.3,71,4.8,73.5,237.6,217.1,87.0,79.6,10.5,9.7,0,35.2,49.0,46.6,51.5,10.4,9.3,11.7,275,8.6,7.2,10.2,227,13.6,12.4,14.9,360,3.8,3.5,4.2,100,6
455,355,17,32,12,3,68,-66,111,11.1,10.4,0.8,1.7,-14.9,-13.2,294,8.0,33.0,37.9,21.1,8.5,11.8,10.1,68,2.3,100.2,239.2,214.5,88.2,80.3,6.8,6.2,0,29.6,43.5,41.4,45.7,8.0,7.2,8.9,328,7.6,6.5,8.9,312,10.9,9.9,11.9,445,3.3,3.0,3.5,133,6
1730,804,790,115,69,14,286,65,2298,9.0,11.0,-2.0,0.0,5.1,5.1,2930,18.7,50.3,23.6,7.3,20.4,26.9,23.9,351,4.5,77.1,253.1,225.8,85.1,77.8,8.1,7.4,0,23.1,53.9,51.9,56.0,10.5,9.6,11.5,1829,13.3,11.8,15.0,2317,15.2,14.2,16.3,2655,3.7,3.4,4.0,644,3
4874,3045,9204,373,660,31,1432,-231,1258,10.0,11.9,-1.9,1.5,-3.3,-1.8,5464,12.3,37.7,29.0,20.9,11.2,16.2,15.6,1569,5.4,78.9,306.5,271.0,97.7,87.5,7.6,6.7,19,24.5,46.1,44.1,47.9,8.0,7.3,8.7,3928,8.4,7.3,9.5,4125,12.7,11.8,13.6,6244,3.3,3.1,3.5,1609,2
81,33,7,2,1,0,0,13,0,9.8,13.1,-3.3,0.0,24.5,24.5,10,2.2,35.4,39.3,23.2,17.1,28.1,24.7,12,3.0,80.0,239.2,214.5,88.2,80.3,6.8,6.2,0,32.0,47.5,44.9,50.0,8.8,7.9,9.7,44,8.0,6.8,9.2,40,12.7,11.6,13.9,64,3.5,3.3,3.8,18,6
2549,1483,155,147,195,14,435,297,436,11.8,9.2,2.7,0.3,5.9,6.2,1699,7.3,39.7,32.1,20.9,7.1,9.5,8.5,504,2.9,121.6,230.8,212.0,80.3,74.4,6.5,6.1,0,24.1,40.5,38.0,42.7,7.6,6.8,8.3,1980,9.2,7.8,10.6,2398,11.9,10.9,12.8,3107,2.9,2.7,3.2,771,3
1647,865,101,139,106,7,203,151,149,8.7,10.9,-2.1,0.1,11.9,12.0,1310,11.6,41.8,32.5,14.2,10.8,16.3,15.6,274,3.5,77.3,264.9,238.3,94.6,86.4,7.9,7.1,0,31.5,48.1,45.7,50.7,9.2,8.3,10.1,1145,8.6,7.3,10.0,1077,12.2,11.1,13.3,1525,3.6,3.3,3.9,449,6
2905,1688,881,306,305,87,652,269,954,12.1,11.3,0.9,0.2,6.1,6.4,3577,14.2,35.8,31.0,18.9,14.5,20.3,18.4,662,4.1,96.8,207.6,188.2,79.9,75.0,7.0,6.5,12,23.5,44.7,42.5,46.8,9.3,8.5,10.3,2658,10.0,8.6,11.6,2867,12.3,11.3,13.3,3520,3.4,3.1,3.7,964,5
372,223,13,19,27,1,28,-18,69,9.0,11.8,-2.7,0.0,-1.9,-1.9,160,5.9,39.1,37.3,17.7,12.7,20.3,19.7,41,1.9,85.9,218.2,193.1,84.8,77.9,6.9,6.5,0,30.2,48.3,45.8,50.7,8.5,7.6,9.4,244,7.8,6.6,9.0,224,11.5,10.4,12.5,330,3.3,3.0,3.6,95,6
761,603,38,74,39,4,105,-46,239,11.3,11.1,0.2,0.4,-5.9,-5.4,396,6.3,31.9,35.8,25.9,9.5,11.9,10.6,110,2.2,98.8,239.2,214.5,88.2,80.3,6.8,6.2,0,26.3,43.2,40.9,45.5,7.3,6.5,8.2,502,6.8,5.8,8.0,470,10.3,9.3,11.2,706,3.0,2.8,3.3,208,6
798,488,324,970,34,6,527,-25,107,14.8,11.3,3.6,1.2,-7.4,-6.2,1232,17.5,34.5,31.5,16.6,16.0,23.4,22.4,90,2.0,95.4,206.7,189.1,73.9,68.5,6.2,5.8,0,24.3,48.8,46.5,50.7,10.3,9.4,11.3,723,10.6,9.3,12.2,746,14.6,13.6,15.6,1026,3.8,3.6,4.1,268,6
12731,7682,12606,1320,2437,171,5044,1250,3669,14.9,8.1,6.8,0.6,-1.3,-0.7,24218,18.8,35.2,26.8,19.2,11.5,16.0,14.2,3012,2.6,106.3,230.8,212.0,80.3,74.4,6.5,6.1,35,19.1,44.2,42.3,46.1,7.5,6.7,8.3,11210,9.6,8.2,11.1,14325,12.6,11.6,13.5,18736,3.1,2.9,3.4,4647,4
788,403,1883,31,16,2,100,31,47,12.4,14.4,-2.0,-0.1,5.5,5.4,1025,15.4,36.8,30.5,17.3,18.1,25.9,24.2,194,5.0,96.9,191.3,174.8,65.9,61.2,7.1,6.7,0,22.3,50.7,48.6,52.7,9.3,8.5,10.1,692,10.4,9.1,11.9,780,14.3,13.4,15.3,1071,3.7,3.4,3.9,273,6
124,106,2,13,5,0,6,-62,27,12.9,10.8,2.2,0.0,-47.4,-47.4,50,5.1,38.9,35.1,20.9,14.6,23.6,23.0,22,2.4,80.8,239.2,214.5,88.2,80.3,6.8,6.2,0,36.6,47.2,44.6,49.7,8.7,7.8,9.7,95,8.0,6.7,9.3,87,11.8,10.7,13.0,129,3.4,3.2,3.7,37,6
715,599,30,54,14,0,82,-69,128,12.6,12.1,0.5,-0.1,-8.5,-8.6,428,7.4,35.2,37.9,19.4,8.7,11.7,11.2,104,2.3,108.1,239.2,214.5,88.2,80.3,6.8,6.2,0,28.3,42.3,40.1,44.4,7.9,7.0,8.8,495,7.3,6.2,8.6,460,10.3,9.4,11.3,650,3.2,2.9,3.5,200,6
1520,816,146,178,78,7,190,-13,150,10.3,13.6,-3.3,0.9,1.6,2.5,1530,16.2,36.2,27.8,19.8,16.4,25.0,23.4,196,3.6,86.2,224.8,199.9,72.9,66.5,6.2,5.4,0,31.8,49.1,46.7,51.2,10.3,9.3,11.5,1086,9.6,8.2,11.2,1010,15.0,13.8,16.2,1576,3.9,3.6,4.2,410,6
1731,1126,963,62,78,5,257,-119,1651,11.7,9.9,1.8,0.1,-7.5,-7.4,2606,17.0,39.7,31.6,11.7,14.9,20.9,20.1,519,5.3,73.0,284.4,240.5,99.6,87.2,7.0,5.8,4,23.5,49.2,46.7,51.4,9.1,8.1,10.0,1531,10.7,9.1,12.3,1805,12.5,11.4,13.4,2104,3.5,3.2,3.8,596,6
7334,3302,23109,660,1175,104,2581,663,3680,13.2,9.3,3.8,1.0,0.9,1.8,11868,16.3,33.2,30.0,20.6,16.8,21.5,22.3,2220,4.0,89.5,228.7,202.9,79.1,71.9,7.0,6.1,18,17.8,44.1,42.2,45.9,7.2,6.6,7.8,6456,8.6,7.4,9.8,7702,12.7,11.9,13.6,11447,3.1,2.9,3.3,2796,2
330,225,3101,8,32,0,31,-46,108,11.8,12.3,-0.5,0.5,-10.7,-10.2,791,26.3,24.2,30.9,18.7,33.6,49.1,46.6,118,7.0,64.6,191.3,174.8,65.9,61.2,7.1,6.7,0,21.5,63.3,61.1,65.3,12.3,11.2,13.3,407,13.3,11.6,15.0,441,23.1,21.6,24.5,766,5.5,5.1,6.0,184,6
2720,1383,273,413,249,34,510,101,1042,10.6,10.9,-0.3,0.4,3.3,3.7,1018,4.8,24.3,40.9,30.0,8.7,11.0,9.7,631,4.0,93.7,207.9,199.6,79.8,76.2,10.6,10.4,11,27.8,33.6,31.6,35.4,6.7,6.1,7.4,1603,6.9,5.8,8.0,1641,9.1,8.3,9.9,2154,2.9,2.7,3.1,687,5
262,104,51,31,13,0,49,-100,1,7.5,6.5,1.0,-0.3,-34.3,-34.6,430,21.5,24.0,38.0,16.5,16.5,23.8,21.2,40,2.9,78.0,224.8,199.9,72.9,66.5,6.2,5.4,0,22.8,47.8,45.8,49.7,8.2,7.4,8.9,176,7.2,6.2,8.1,154,14.2,13.3,15.1,306,3.4,3.2,3.7,74,6
8142,4111,31412,1877,4282,616,8814,2845,21384,19.9,5.5,14.4,-2.8,2.8,0.1,9045,8.8,29.2,40.7,21.4,15.1,20.8,21.3,3040,4.7,93.7,255.0,223.5,86.2,78.1,7.1,6.2,14,11.9,40.0,38.3,41.8,5.1,4.8,5.5,7645,6.1,5.5,6.8,9041,8.4,8.0,8.8,12516,2.3,2.2,2.4,3393,4
14320,5395,54184,1511,5931,285,6271,6621,3837,12.7,7.5,5.2,0.9,24.2,25.0,15484,11.2,29.7,35.3,23.8,12.8,18.2,17.7,3069,3.0,118.6,229.5,205.0,80.1,72.3,7.0,6.2,0,18.1,48.2,46.5,49.7,6.2,5.7,6.7,10444,7.0,6.2,7.9,11855,12.4,11.6,13.1,20863,2.9,2.7,3.0,4825,3
1589,653,1698,168,128,17,292,170,74,12.0,10.4,1.6,-0.4,7.5,7.1,2119,16.3,44.0,27.7,11.9,18.1,27.4,24.4,334,3.8,75.7,228.7,202.9,79.1,71.9,7.0,6.1,0,22.1,47.3,45.3,49.3,8.6,7.8,9.3,1253,10.2,9.0,11.5,1493,13.5,12.5,14.3,1961,3.5,3.2,3.7,506,5
2675,1400,5010,845,406,83,459,412,696,13.8,7.6,6.2,12.1,-8.3,3.8,8664,34.3,34.8,22.7,8.2,24.0,33.5,31.5,947,6.1,80.1,265.2,240.7,86.8,80.1,6.9,6.0,3,17.4,50.4,49.0,51.8,9.6,9.0,10.2,2936,10.5,9.6,11.5,3227,16.6,15.9,17.4,5079,4.0,3.8,4.2,1225,5
277,125,41,3787,142,0,140,15,57,19.8,14.2,5.6,3.2,-5.6,-2.4,233,8.8,43.4,30.6,17.2,26.5,43.3,42.4,92,5.7,66.9,264.9,238.3,94.6,86.4,7.9,7.1,0,18.1,53.2,51.3,55.0,10.6,9.9,11.3,325,10.8,9.6,11.9,332,17.5,16.4,18.4,537,4.6,4.3,4.8,141,5
333,251,12,45,46,0,40,-47,420,11.0,10.5,0.5,2.3,-15.1,-12.8,262,9.7,35.3,29.5,25.5,11.5,15.7,15.3,56,2.7,103.4,240.4,219.1,92.8,84.8,9.2,8.6,0,28.0,39.1,36.6,41.7,8.1,7.2,9.1,240,6.3,5.3,7.5,187,10.4,9.4,11.5,307,3.2,2.9,3.5,93,5
2130,1002,140,65,81,5,288,155,261,11.1,10.7,0.3,0.0,5.3,5.3,2967,15.4,43.6,27.7,13.2,13.4,20.4,19.1,485,3.5,79.9,230.8,212.0,80.3,74.4,6.5,6.1,0,22.9,46.6,44.1,49.1,8.4,7.6,9.3,1813,11.1,9.5,12.7,2388,12.9,11.8,14.1,2782,3.2,3.0,3.5,692,2
18167,10953,16705,474,1102,57,4152,-1687,3136,10.2,12.6,-2.4,0.0,-6.1,-6.1,15747,10.9,44.9,25.7,18.5,17.6,25.7,22.2,5469,6.2,84.5,292.7,248.6,93.7,83.7,8.3,7.1,42,27.3,51.1,49.0,53.0,9.5,8.6,10.4,14942,11.0,9.5,12.5,17367,13.5,12.5,14.5,21283,3.6,3.3,3.9,5660,3
395,290,61,19,20,6,79,-27,184,10.4,9.1,1.2,0.2,-6.5,-6.3,254,7.5,32.0,44.3,16.2,13.7,19.6,18.7,78,2.4,66.5,285.7,262.5,95.4,88.9,7.8,7.1,0,26.7,36.8,34.7,38.9,7.8,7.1,8.6,295,7.6,6.5,8.8,289,10.0,9.2,10.9,380,3.3,3.1,3.6,126,6
3672,2001,3221,3814,238,13,714,-151,6186,9.5,10.4,-0.9,0.4,-2.5,-2.1,4702,13.2,37.6,29.8,19.4,16.7,22.1,20.0,1014,5.2,72.0,375.1,304.1,112.9,94.8,10.2,7.4,13,22.6,50.9,49.0,52.6,8.0,7.3,8.8,3248,9.5,8.3,10.9,3857,12.8,11.9,13.8,5193,3.2,3.0,3.5,1311,5
12992,7933,33691,718,7461,124,5456,-1957,4811,13.0,9.9,3.1,2.0,-15.9,-13.9,11824,9.6,27.0,33.1,30.4,16.6,22.8,21.6,4846,5.5,86.8,284.4,240.5,99.6,87.2,7.0,5.8,107,21.9,50.9,48.8,52.9,7.3,6.6,8.1,10091,8.1,6.9,9.3,11113,11.3,10.5,12.2,15659,3.2,3.0,3.4,4357,3
1437,865,294,254,1235,20,482,297,94,9.7,5.3,4.3,3.6,7.8,11.4,283,2.2,9.9,21.5,66.5,3.9,3.1,2.7,308,3.4,263.6,244.8,213.8,91.1,82.1,7.7,7.3,6,23.9,32.2,30.4,34.1,5.0,4.6,5.6,747,4.1,3.4,4.9,609,7.8,7.2,8.5,1154,2.4,2.3,2.6,359,5
2198,1335,503,611,481,65,790,265,3306,14.2,8.8,5.5,0.8,2.5,3.3,3767,19.1,30.3,36.7,13.8,21.0,29.0,28.2,575,4.6,67.5,303.4,271.5,109.4,101.0,9.2,8.3,8,22.1,49.5,47.8,51.2,8.8,8.0,9.6,1996,9.3,8.2,10.5,2118,13.7,12.9,14.6,3124,3.6,3.4,3.9,826,5
18094,10882,6849,377,2422,71,3860,50,5490,9.6,12.1,-2.5,0.5,2.3,2.8,10551,7.1,38.2,25.1,29.5,9.0,10.8,9.6,4589,4.3,103.7,320.5,273.3,100.8,88.2,8.7,7.2,50,26.7,47.7,45.1,50.1,7.5,6.7,8.3,12529,7.7,6.5,9.0,12914,11.2,10.2,12.3,18737,3.0,2.8,3.3,5053,2
178,120,11,22,7,0,36,-30,19,11.8,10.1,1.8,0.0,-20.1,-20.1,82,6.8,41.1,36.0,16.1,14.2,17.9,17.0,18,1.8,79.0,247.1,236.2,91.5,88.0,9.8,9.4,0,31.8,39.5,37.0,41.8,8.6,7.7,9.5,115,7.6,6.5,8.8,102,11.3,10.2,12.2,151,3.4,3.1,3.7,45,6
257,106,155,5210,599,174,505,41,2652,15.8,7.0,8.8,2.8,-7.5,-4.7,666,10.2,43.0,30.2,16.6,11.1,15.2,14.5,240,7.0,119.2,276.9,256.7,112.8,105.6,9.6,8.5,0,11.9,43.4,41.5,45.3,6.5,6.1,7.1,475,7.2,6.4,8.1,521,11.2,10.5,11.9,814,2.8,2.6,2.9,200,6
1878,916,766,466,1394,42,977,171,2195,9.9,5.0,4.9,6.4,-6.8,-0.4,848,4.0,16.0,30.0,49.9,20.4,13.5,11.7,668,3.3,76.4,207.9,199.6,79.8,76.2,10.6,10.4,4,15.5,30.8,28.8,32.7,4.8,4.4,5.3,1558,5.4,4.5,6.2,1732,7.4,6.8,8.0,2391,2.3,2.1,2.4,732,5
2032,1411,859,467,919,40,1027,62,1450,12.2,8.1,4.0,0.9,-3.0,-2.1,2326,11.6,30.9,30.1,27.3,16.1,15.2,13.5,587,3.5,82.5,227.6,206.5,88.0,80.5,6.8,6.3,6,19.2,42.8,40.8,44.7,7.0,6.3,7.6,1807,7.1,6.1,8.2,1848,11.0,10.2,11.8,2860,2.9,2.7,3.1,757,5
727,593,156,104,89,4,207,-135,381,12.7,10.0,2.8,0.3,-17.3,-16.9,485,7.8,24.8,39.2,28.1,12.0,16.7,14.5,137,2.8,90.4,227.6,206.5,88.0,80.5,6.8,6.3,6,26.0,43.5,41.3,45.7,7.8,6.9,8.6,549,7.6,6.5,8.9,540,11.5,10.4,12.5,810,3.1,2.9,3.4,222,6
1367,1197,166,59,91,12,172,-62,238,11.0,10.6,0.5,0.7,-5.4,-4.6,597,5.6,37.6,38.5,18.3,10.1,12.1,11.3,172,2.0,92.4,218.2,193.1,84.8,77.9,6.9,6.5,0,29.7,46.7,44.2,48.9,8.7,7.7,9.6,1010,7.6,6.4,8.8,885,12.0,10.9,13.0,1393,3.4,3.1,3.7,394,6
4942,2964,1068,1160,655,78,1830,-441,1699,12.4,9.3,3.2,1.1,-9.8,-8.7,4111,7.5,29.0,40.8,22.7,9.9,13.0,11.9,1813,4.6,103.9,207.9,199.6,79.8,76.2,10.6,10.4,14,19.8,41.4,39.5,43.2,6.4,5.8,7.0,3868,7.1,6.1,8.1,4261,9.8,9.0,10.5,5864,2.7,2.5,2.9,1636,4
800,389,206,65,48,1,181,102,123,12.7,12.7,0.0,0.4,12.4,12.7,1439,25.8,35.5,27.2,11.5,17.6,26.4,25.3,139,4.3,80.1,253.1,225.8,85.1,77.8,8.1,7.4,0,27.0,55.3,52.9,57.5,12.1,11.0,13.3,762,14.8,12.8,16.8,928,17.0,15.8,18.2,1071,4.3,3.9,4.6,269,6
12565,6866,24541,1720,1191,73,5277,-68,5490,11.9,10.1,1.8,0.4,-2.6,-2.1,10771,9.2,34.5,37.3,19.1,15.7,21.9,21.0,3557,4.5,88.2,287.0,249.7,97.8,87.6,7.9,6.7,37,22.0,48.8,47.0,50.4,8.7,8.0,9.5,11594,9.8,8.6,11.2,13067,13.4,12.5,14.3,17847,3.4,3.2,3.6,4527,4
1477,830,17429,40,110,11,163,-557,756,15.2,12.6,2.7,-0.2,-26.9,-27.1,3116,21.3,24.5,37.1,17.1,35.9,50.3,49.3,592,6.8,65.7,191.3,174.8,65.9,61.2,7.1,6.7,10,19.8,59.6,57.6,61.4,10.2,9.4,11.0,1689,11.2,9.8,12.6,1852,20.0,18.7,21.2,3307,4.8,4.5,5.1,790,5
351,371,45,41,22,5,45,-11,60,12.1,12.3,-0.2,4.2,-6.5,-2.3,336,11.8,27.6,35.1,25.5,10.8,15.6,15.7,51,1.9,72.8,285.7,262.5,95.4,88.9,7.8,7.1,0,24.0,35.7,33.2,38.0,7.8,6.9,8.8,253,7.2,6.0,8.7,233,9.9,8.9,10.9,319,3.4,3.1,3.8,111,6
1513,1230,327,31,613,6,220,-35,844,11.9,12.1,-0.2,2.4,-4.1,-1.6,1247,9.3,40.9,17.0,32.8,10.1,13.8,13.3,317,3.5,100.7,320.5,273.3,100.8,88.2,8.7,7.2,42,27.6,44.0,41.3,46.7,7.8,6.9,8.7,1128,8.1,6.6,9.6,1170,11.1,10.0,12.2,1612,3.2,2.9,3.5,458,4
13024,7647,22993,1010,3302,137,4034,-221,3488,10.8,11.1,-0.3,2.5,-3.6,-1.1,11190,10.4,28.9,33.0,27.7,15.3,21.1,18.4,3152,4.3,90.9,287.0,249.7,97.8,87.6,7.9,6.7,20,25.2,46.1,44.1,48.1,8.7,8.0,9.7,10550,9.6,8.3,11.3,11623,12.3,11.4,13.4,14885,3.5,3.3,3.8,4263,4
1355,786,73,41,65,4,167,-213,221,11.0,12.9,-1.9,0.0,-11.7,-11.7,999,9.1,38.8,34.5,17.6,11.1,16.2,15.3,402,5.2,83.1,284.4,240.5,99.6,87.2,7.0,5.8,0,25.3,48.1,45.5,50.5,8.3,7.5,9.2,1004,9.5,8.2,11.0,1149,11.6,10.5,12.5,1394,3.3,3.0,3.6,396,6
544,427,21,514,47,0,109,-10,139,9.6,15.8,-6.2,1.3,2.9,4.2,409,10.4,37.8,31.2,20.6,15.3,18.1,16.0,119,4.2,84.2,240.4,219.1,92.8,84.8,9.2,8.6,0,31.9,46.6,44.1,49.0,10.4,9.3,11.6,443,8.1,6.7,9.5,344,13.2,12.0,14.4,563,3.9,3.6,4.3,167,6
1238,720,6046,435,1130,377,2083,-1039,845,26.2,5.9,20.4,-3.9,-47.8,-51.7,1109,6.0,26.1,46.1,21.9,10.3,16.0,18.3,551,4.8,87.5,227.6,206.5,88.0,80.5,6.8,6.3,6,11.1,44.9,43.2,46.6,4.6,4.3,4.9,1043,5.2,4.7,5.7,1163,8.9,8.5,9.3,2002,2.2,2.1,2.3,502,5
2643,1220,2791,239,231,13,468,232,198,11.2,9.2,2.0,0.5,5.3,5.8,3402,16.9,29.3,30.2,23.5,10.2,16.9,15.5,509,3.6,98.9,224.8,199.9,72.9,66.5,6.2,5.4,0,24.9,44.3,42.3,46.4,8.3,7.5,9.2,1904,8.0,6.7,9.4,1827,13.2,12.2,14.2,3028,3.4,3.1,3.6,771,2
15136,8084,4975,2672,7370,2821,9515,4832,3066,16.1,4.9,11.2,0.8,1.9,2.7,8908,4.5,20.9,37.1,37.5,5.7,6.4,5.7,5005,2.9,118.2,216.2,199.9,65.3,62.2,5.8,5.4,22,13.6,33.6,31.8,35.4,4.2,3.8,4.6,10048,4.1,3.5,4.7,9685,8.2,7.6,8.9,19682,2.2,2.1,2.3,5239,3
2058,1133,1327,58,230,17,524,-13,1338,13.3,12.5,0.7,1.5,-2.6,-1.1,2354,14.2,39.5,27.0,19.2,19.2,26.7,26.9,535,4.3,90.5,230.9,214.6,77.3,72.9,8.3,7.6,8,23.2,52.3,50.0,54.4,10.1,9.2,11.1,2010,12.6,10.9,14.3,2496,14.8,13.7,15.9,2943,3.6,3.3,3.9,715,5
4824,2314,452,78,277,21,462,-460,1443,9.7,13.8,-4.2,0.3,-4.0,-3.6,10198,23.9,38.5,24.6,13.0,23.8,31.5,29.3,1182,5.9,74.0,230.9,214.6,77.3,72.9,8.3,7.6,76,23.2,59.0,56.7,61.1,11.9,10.7,13.1,5520,15.2,13.1,17.4,7044,17.2,15.8,18.5,7964,4.0,3.6,4.3,1841,6
268,92,12,27,25,4,40,-31,9,9.2,7.8,1.5,5.2,-18.1,-12.9,213,11.5,21.9,41.4,25.2,12.9,17.2,16.4,86,6.0,66.1,216.2,199.9,65.3,62.2,5.8,5.4,0,26.4,37.5,35.0,39.9,7.4,6.5,8.2,150,6.7,5.6,7.9,135,11.3,10.2,12.4,230,3.2,3.0,3.5,65,6
2594,1173,731,3394,684,138,1350,89,792,13.6,6.9,6.7,-0.2,-4.8,-5.0,4906,14.8,29.6,37.4,18.2,8.3,10.1,9.3,888,3.3,134.7,213.5,185.8,72.3,65.0,5.6,5.0,7,15.3,41.2,39.4,42.8,6.4,5.9,7.1,2456,7.6,6.6,8.7,2886,9.7,9.0,10.3,3692,2.7,2.6,2.9,1036,5
894,612,117,65,59,12,145,-35,193,12.9,11.3,1.6,0.9,-5.9,-5.0,672,9.4,36.0,36.9,17.7,9.9,16.0,15.6,123,2.1,98.8,218.2,193.1,84.8,77.9,6.9,6.5,0,28.1,50.7,48.3,53.0,8.8,7.9,9.8,686,8.1,7.0,9.5,633,12.6,11.6,13.7,979,3.5,3.2,3.8,270,6
6629,3714,8471,2350,1998,395,2406,4951,2805,17.0,7.8,9.1,2.0,19.8,21.8,22442,23.9,30.1,30.4,15.6,12.9,17.9,17.3,2289,2.7,99.7,224.8,199.9,72.9,66.5,6.2,5.4,50,13.9,48.3,46.3,50.4,6.0,5.6,6.5,6840,5.9,5.2,6.6,6677,11.6,10.9,12.3,13132,2.8,2.6,3.0,3165,4
4045,2304,1386,155,261,15,688,-519,2109,9.9,12.4,-2.4,-0.1,-8.4,-8.5,3933,11.5,32.5,35.8,20.2,18.3,26.8,26.2,1071,5.9,95.7,230.9,214.6,77.3,72.9,8.3,7.6,50,26.0,54.4,52.1,56.6,10.4,9.5,11.4,3861,12.1,10.5,14.0,4495,15.3,14.1,16.5,5674,3.6,3.3,3.9,1324,3
5979,3694,5275,651,1433,371,2478,-323,4348,12.4,9.9,2.5,3.0,-9.1,-6.1,7106,11.8,37.0,30.5,20.7,15.6,22.4,20.5,1319,3.0,96.5,273.1,236.3,86.6,79.0,7.0,6.3,21,20.8,49.1,47.2,51.0,7.8,7.1,8.6,5361,9.3,8.0,10.6,6356,12.4,11.4,13.3,8492,3.1,2.8,3.3,2101,4
1137,559,3309,64,15,18,142,-42,248,8.4,11.4,-3.0,1.3,-2.1,-0.8,1675,20.4,38.6,29.5,11.6,18.9,30.1,30.5,183,4.2,85.0,217.1,196.7,77.2,71.2,7.6,6.9,0,28.7,57.2,55.4,59.0,11.2,10.2,12.1,997,12.0,10.6,13.5,1075,18.6,17.5,19.6,1662,4.3,4.0,4.6,385,5
4201,1346,5115,1168,425,44,801,1015,4327,10.2,13.0,-2.8,2.6,20.4,23.0,6800,19.8,36.7,29.5,14.0,15.0,24.7,23.8,900,5.0,75.9,224.8,199.9,72.9,66.5,6.2,5.4,8,27.1,52.6,50.6,54.6,9.6,8.7,10.6,3825,10.1,8.6,11.7,4017,15.1,14.0,16.2,6030,3.7,3.4,4.0,1468,6
1434,837,7785,87,76,4,203,-277,1480,12.6,12.6,0.0,-0.1,-14.1,-14.1,3070,22.9,41.4,22.9,12.8,27.2,38.7,35.2,489,7.0,74.6,260.3,231.8,84.1,75.8,9.1,7.8,5,22.5,58.2,56.4,60.0,10.6,9.8,11.5,1585,12.6,11.2,14.0,1870,17.8,16.9,18.8,2652,4.4,4.1,4.7,651,5
1458,789,1457,44,57,4,291,-42,2372,11.6,10.4,1.2,0.0,-3.5,-3.5,2048,16.0,45.1,22.8,16.1,15.9,20.5,20.8,277,3.6,80.1,273.1,236.3,86.6,79.0,7.0,6.3,0,23.0,47.9,45.7,50.1,8.4,7.6,9.3,1219,10.0,8.6,11.5,1438,12.2,11.3,13.2,1765,3.2,3.0,3.5,461,6
3872,1812,287,2447,353,40,892,-27,470,8.7,9.9,-1.1,0.9,-0.4,0.4,2610,10.9,26.3,34.8,28.0,21.4,28.6,27.7,975,6.5,81.0,244.8,213.8,91.1,82.1,7.7,7.3,6,31.5,37.0,35.4,38.6,9.0,8.3,9.8,2439,7.8,6.9,8.9,2123,15.2,14.3,16.2,4118,4.3,4.1,4.6,1166,5
16689,8882,12619,1403,16051,183,6336,3504,3553,10.8,6.5,4.3,0.7,8.7,9.4,6889,4.0,21.1,31.6,43.2,4.2,4.5,4.0,3558,2.5,136.3,302.7,265.0,104.9,96.0,7.4,6.6,31,19.6,35.4,33.5,37.4,5.3,4.7,5.8,10308,4.3,3.5,5.1,8362,8.5,7.8,9.3,16716,2.4,2.2,2.6,4704,2
412,280,19,87,33,1,69,-122,78,9.3,9.7,-0.4,1.1,-26.3,-25.3,450,13.4,32.9,35.6,18.1,14.5,18.9,16.7,69,2.7,82.3,239.2,214.5,88.2,80.3,6.8,6.2,0,27.0,45.9,43.6,48.1,8.3,7.4,9.2,300,7.9,6.6,9.2,283,12.2,11.2,13.2,439,3.4,3.1,3.6,121,6
1901,876,614,121,72,8,382,-65,1092,11.3,11.2,0.1,0.0,-2.6,-2.6,4026,23.3,38.7,28.6,9.4,21.7,27.9,25.2,453,4.4,70.9,273.1,236.3,86.6,79.0,7.0,6.3,0,22.0,52.5,50.2,54.6,9.5,8.6,10.5,1836,12.1,10.5,13.8,2322,13.7,12.6,14.8,2639,3.5,3.3,3.8,682,6
92,87,2,14,2,0,8,-32,0,6.0,7.5,-1.5,0.0,-46.2,-46.2,46,12.0,32.9,30.8,24.3,16.7,20.3,22.6,15,5.3,79.2,244.8,213.8,91.1,82.1,7.7,7.3,0,47.4,47.7,45.4,50.1,11.5,10.4,12.8,66,8.9,7.4,10.3,51,16.9,15.6,18.3,97,4.9,4.6,5.3,28,6
1716,895,104,138,100,26,191,21,197,9.1,15.3,-6.2,1.3,6.4,7.7,1721,15.5,33.6,32.1,18.8,16.1,23.9,23.2,270,4.5,81.5,255.0,223.5,86.2,78.1,7.1,6.2,0,32.0,46.3,43.8,48.7,10.2,9.1,11.3,1251,10.7,8.9,12.4,1307,13.7,12.4,14.9,1678,3.8,3.4,4.1,461,6
3098,1541,1578,143,2674,24,937,1038,2739,11.6,6.4,5.2,1.3,11.6,12.9,2781,7.4,34.1,25.4,33.0,5.0,5.1,4.5,980,3.5,151.1,292.7,248.6,93.7,83.7,8.3,7.1,7,15.9,44.5,42.1,46.8,6.1,5.4,6.8,2643,7.2,6.1,8.4,3149,9.5,8.6,10.3,4132,2.4,2.2,2.6,1047,2
67123,48473,160896,9255,62271,1280,24117,-1667,27966,10.4,7.9,2.5,2.8,-7.0,-4.2,81329,12.2,19.6,20.0,48.2,8.3,10.3,8.9,18828,3.9,139.7,375.1,304.1,112.9,94.8,10.2,7.4,179,22.0,36.5,34.9,38.0,6.2,5.6,6.9,46990,6.0,5.0,7.0,45204,10.4,9.7,11.2,78841,2.9,2.7,3.1,21928,2
6038,3461,2757,189,1032,43,1565,605,3253,11.8,9.7,2.1,1.2,3.3,4.5,5834,9.2,29.9,27.3,33.5,13.1,14.4,14.0,1665,3.3,121.3,230.9,214.6,77.3,72.9,8.3,7.6,21,21.0,45.8,43.3,48.2,7.6,6.7,8.5,5599,9.3,7.7,11.2,6884,11.8,10.7,13.0,8720,2.8,2.6,3.1,2077,2
189981,124757,495637,7707,45768,1288,34080,16703,42228,11.4,7.9,3.4,21.3,-18.8,2.6,355875,18.5,27.7,24.9,28.8,16.0,22.6,21.9,53279,3.9,93.9,265.2,240.7,86.8,80.1,6.9,6.0,593,20.9,38.2,36.4,39.9,7.7,7.1,8.4,169691,6.7,5.9,7.6,148237,14.2,13.1,15.1,312317,3.7,3.5,4.0,81776,1
2633,1466,4137,505,689,47,626,-259,367,14.8,10.4,4.4,0.2,-11.6,-11.4,5250,21.7,31.7,29.9,16.7,18.4,27.8,28.2,1036,6.1,80.5,224.8,199.9,72.9,66.5,6.2,5.4,6,23.1,52.2,50.3,54.0,9.2,8.5,9.8,2492,8.7,7.7,9.7,2369,15.9,15.0,16.7,4317,3.8,3.6,4.0,1043,5
139,141,10,27,3,2,18,-16,52,14.1,4.5,9.6,0.0,-18.6,-18.6,100,7.7,24.8,39.4,28.1,11.2,16.3,16.1,18,2.0,89.0,237.6,217.1,87.0,79.6,10.5,9.7,0,27.2,45.8,42.9,48.5,8.9,7.8,10.0,122,7.4,6.0,8.9,101,11.9,10.6,13.1,163,3.4,3.2,3.8,47,6
2360,1184,113,595,131,16,408,331,154,9.8,9.2,0.6,0.3,14.7,15.0,1085,7.1,30.8,34.9,27.2,12.0,18.9,16.5,490,5.0,79.2,302.7,265.0,104.9,96.0,7.4,6.6,0,32.9,41.6,39.3,43.8,8.5,7.5,9.4,1422,6.8,5.6,8.0,1136,11.7,10.6,12.8,1974,3.4,3.2,3.7,574,6
1814,831,50,75,39,7,125,39,127,5.5,16.8,-11.3,0.1,14.9,15.0,973,11.4,39.2,33.7,15.7,19.5,31.6,32.1,252,6.6,70.4,287.0,249.7,97.8,87.6,7.9,6.7,0,45.2,50.5,47.8,53.1,12.9,11.6,14.2,1166,13.2,11.1,15.3,1193,16.0,14.6,17.3,1445,4.5,4.1,4.9,408,6
13929,6882,16507,1298,2729,111,2892,1301,1607,10.4,10.8,-0.4,0.4,7.8,8.3,19082,16.6,33.0,31.9,18.5,15.0,23.2,20.0,2926,3.7,88.6,255.0,223.5,86.2,78.1,7.1,6.2,29,23.0,50.0,47.8,52.0,9.0,8.2,9.8,11680,9.9,8.6,11.4,12887,13.2,12.3,14.2,17220,3.5,3.2,3.7,4502,3
2198,938,589,1337,755,99,1073,451,304,12.0,10.4,1.5,-0.8,17.9,17.1,1492,9.1,32.4,41.1,17.5,11.4,18.0,17.2,436,3.9,99.5,213.5,185.8,72.3,65.0,5.6,5.0,0,23.7,45.6,43.8,47.3,8.1,7.5,8.9,1536,8.8,7.7,9.9,1661,11.9,11.2,12.7,2253,3.2,3.0,3.4,609,5
17595,11303,11064,699,1644,101,1841,1364,1734,8.6,15.6,-7.0,6.5,13.5,20.0,11910,15.3,38.0,29.8,17.0,20.8,38.5,39.0,1756,4.8,72.1,265.2,240.7,86.8,80.1,6.9,6.0,38,41.3,50.8,48.7,52.5,13.6,12.2,15.0,11879,13.3,11.2,15.2,11603,17.3,16.0,18.6,15100,4.9,4.5,5.3,4277,4
511,448,31,29,40,3,69,-46,114,12.1,15.4,-3.3,0.4,-5.7,-5.3,362,9.3,37.6,32.8,20.3,12.4,17.1,17.2,80,2.7,82.7,227.6,206.5,88.0,80.5,6.8,6.3,0,30.9,45.3,42.8,47.6,9.3,8.3,10.3,390,9.0,7.6,10.5,377,13.1,11.9,14.3,553,3.6,3.3,3.9,150,6
1259,763,7629,62,80,8,310,-18,496,12.9,11.6,1.3,2.7,-4.9,-2.3,3142,27.7,37.0,22.9,12.4,20.3,27.1,26.1,349,5.0,83.7,191.3,174.8,65.9,61.2,7.1,6.7,0,23.0,54.5,52.8,56.0,9.7,9.0,10.4,1251,11.0,9.9,12.2,1424,16.9,16.0,17.8,2185,4.1,3.9,4.4,529,6
2124,1122,7328,165,134,5,440,66,1363,8.7,10.7,-2.0,0.7,4.3,5.0,3424,20.5,33.3,30.7,15.5,17.1,28.1,26.5,429,4.4,84.4,255.0,223.5,86.2,78.1,7.1,6.2,0,26.8,49.2,47.5,50.9,9.7,9.0,10.4,1778,10.3,9.1,11.5,1889,16.1,15.1,17.0,2959,4.0,3.8,4.3,742,6
112,53,0,17,5,1,21,-42,0,6.0,9.0,-3.0,1.0,-40.0,-39.0,16,3.8,41.4,42.3,12.4,6.5,7.4,6.5,18,4.4,82.5,216.2,199.9,65.3,62.2,5.8,5.4,0,22.2,41.0,38.6,43.1,8.0,7.2,8.8,61,6.5,5.7,7.4,50,11.7,10.8,12.6,90,3.2,2.9,3.4,24,6
3130,1547,2258,178,226,12,451,-198,3422,9.6,8.6,1.0,0.1,-6.1,-6.0,3022,10.4,40.7,32.4,16.5,9.9,12.2,11.8,838,4.6,85.3,375.1,304.1,112.9,94.8,10.2,7.4,5,23.3,47.3,45.3,49.0,7.8,7.1,8.6,2548,9.0,7.7,10.4,2925,11.6,10.7,12.5,3780,3.0,2.8,3.3,988,6
3562,1902,160,326,258,43,763,-6,465,12.8,12.1,0.7,0.0,-0.8,-0.8,3375,13.0,33.8,37.2,16.0,14.8,21.5,20.0,561,3.5,94.5,207.6,188.2,79.9,75.0,7.0,6.5,24,26.4,48.4,46.1,50.7,10.1,9.1,11.0,2904,10.6,9.1,12.1,3048,13.0,11.9,13.9,3742,3.5,3.3,3.8,1021,5
2689,1778,822,72,127,8,464,-331,226,7.7,15.0,-7.3,-0.1,-3.9,-4.0,2337,10.6,41.2,29.7,18.5,13.2,19.5,18.0,758,5.9,107.4,263.4,231.6,100.1,89.4,10.5,9.2,10,28.9,56.8,54.5,59.0,10.7,9.8,11.8,2529,13.1,11.3,14.9,3090,15.3,14.1,16.5,3613,3.7,3.4,3.9,862,4
476,289,240,1369,140,14,427,905,148,19.2,4.9,14.3,0.5,53.6,54.1,625,8.2,28.8,36.8,26.1,9.2,10.4,9.4,150,1.7,116.8,237.6,217.1,87.0,79.6,10.5,9.7,0,14.2,43.4,41.2,45.5,6.0,5.4,6.5,556,5.8,5.0,6.6,538,8.9,8.2,9.6,830,2.5,2.3,2.6,231,6
9026,4769,10426,317,2064,66,2177,938,1141,9.7,9.1,0.7,1.4,10.3,11.7,2674,5.0,18.7,26.8,49.6,7.0,9.3,8.3,1046,2.9,119.2,263.2,231.8,90.3,81.7,7.3,6.3,26,31.0,39.8,37.7,42.1,7.6,6.8,8.6,4663,6.7,5.5,8.0,4069,11.4,10.4,12.4,6942,3.1,2.9,3.4,1917,2
242,138,122,6082,63,18,465,-96,396,21.5,10.2,11.3,1.6,-25.3,-23.7,759,18.1,47.3,22.8,11.7,21.1,27.7,25.3,416,14.2,79.2,276.9,256.7,112.8,105.6,9.6,8.5,0,11.0,50.4,48.3,52.5,8.7,8.0,9.4,432,10.6,9.5,11.8,526,14.9,14.0,15.8,739,3.7,3.5,4.0,186,6
1015,659,127,2360,55,3,880,-119,574,11.6,10.4,1.2,0.2,-12.8,-12.6,869,12.2,36.2,34.3,17.2,17.9,24.1,22.9,193,6.0,73.7,206.7,189.1,73.9,68.5,6.2,5.8,0,26.3,53.7,51.8,55.6,11.4,10.5,12.4,919,11.3,10.1,12.6,910,15.5,14.5,16.5,1245,4.1,3.8,4.4,329,6
507,292,225,32,17,3,58,18,272,6.7,8.3,-1.7,0.0,5.7,5.7,479,14.0,34.4,38.1,13.4,18.6,27.1,26.7,107,6.1,66.2,284.4,240.5,99.6,87.2,7.0,5.8,0,36.8,47.9,45.6,50.3,9.7,8.7,10.8,359,10.5,8.9,12.3,390,13.0,11.9,14.2,480,3.7,3.4,4.0,136,6
3855,2283,15807,531,1140,250,2438,419,6095,20.1,8.6,11.5,-1.3,-4.2,-5.6,5758,14.0,32.1,36.5,17.3,18.2,26.3,27.9,1304,5.2,80.3,230.9,214.6,77.3,72.9,8.3,7.6,18,15.6,52.3,50.4,54.0,7.9,7.3,8.5,4143,9.8,8.8,11.0,5143,13.4,12.7,14.2,7028,3.1,2.9,3.2,1599,3
734,434,2969,45,17,4,127,-172,401,10.5,11.3,-0.8,0.0,-22.7,-22.7,862,16.4,43.4,26.6,13.7,21.3,34.2,32.4,124,4.4,79.1,207.6,188.2,79.9,75.0,7.0,6.5,0,29.1,55.1,53.3,56.8,10.9,10.1,11.7,614,10.7,9.6,12.0,607,17.9,16.9,19.0,1011,4.3,4.1,4.6,244,6
1902,967,876,274,289,100,595,310,227,10.3,9.2,1.1,0.9,12.5,13.5,1362,9.4,28.1,42.5,20.0,12.9,20.2,18.1,343,3.7,91.0,224.8,199.9,72.9,66.5,6.2,5.4,0,25.3,49.5,47.4,51.5,8.7,8.0,9.5,1440,8.3,7.2,9.5,1374,13.5,12.6,14.5,2238,3.4,3.2,3.7,566,3
1091,533,201,255,138,15,286,-271,791,12.4,9.7,2.7,0.5,-21.1,-20.7,1039,9.8,35.2,34.7,20.3,13.4,15.9,13.6,295,3.8,99.2,207.9,199.6,79.8,76.2,10.6,10.4,6,21.8,42.6,40.7,44.4,7.1,6.5,7.9,825,7.7,6.6,8.8,886,10.7,9.9,11.5,1238,3.0,2.8,3.3,351,6
1177,794,467,133,176,6,383,-23,409,13.0,10.5,2.5,0.7,-4.8,-4.1,846,8.8,30.8,39.7,20.6,16.0,22.5,21.3,298,4.2,71.9,227.6,206.5,88.0,80.5,6.8,6.3,0,24.8,51.0,48.8,53.3,9.0,8.1,9.9,976,9.5,8.1,11.0,1033,14.0,12.9,15.1,1530,3.6,3.3,3.8,389,6
321,237,24,52,7,1,54,-40,79,9.3,17.3,-8.0,0.3,-5.9,-5.5,183,8.3,30.9,38.1,22.7,10.8,11.2,9.6,48,3.4,76.8,237.6,217.1,87.0,79.6,10.5,9.7,0,35.9,49.9,47.1,52.3,9.6,8.5,10.7,222,7.9,6.5,9.3,182,12.8,11.5,14.1,297,3.6,3.3,4.0,84,6
64171,42188,139802,5043,52233,1100,22838,-234,26012,10.3,9.3,1.0,6.1,-7.4,-1.3,65170,10.5,26.9,24.9,37.8,11.2,15.5,14.8,20380,4.2,95.6,352.1,302.9,105.7,93.7,8.6,7.1,216,22.4,37.4,35.7,39.0,6.1,5.5,6.7,42859,5.9,5.0,6.9,41736,10.3,9.6,11.0,72956,2.9,2.7,3.1,20145,1
6800,2866,3743,575,988,115,1921,3100,2074,11.0,9.4,1.6,0.4,42.0,42.4,5553,11.5,27.6,32.5,28.4,11.4,18.6,18.7,946,3.1,110.0,265.2,240.7,86.8,80.1,6.9,6.0,28,26.2,44.5,42.4,46.4,9.1,8.2,10.1,5184,10.1,8.5,11.7,5730,12.2,11.2,13.3,6964,3.4,3.2,3.7,1941,4
1723,899,328,1835,69,15,1042,393,329,11.9,9.6,2.3,1.3,20.0,21.3,2155,19.2,35.4,29.7,15.7,18.0,25.6,25.0,252,3.8,81.4,206.7,189.1,73.9,68.5,6.2,5.8,0,28.0,54.5,52.5,56.3,11.0,10.1,12.0,1426,11.0,9.5,12.6,1423,15.6,14.5,16.6,2016,4.0,3.7,4.3,519,6
8204,5343,2526,249,427,30,1183,-684,3732,9.8,12.1,-2.3,0.0,-5.2,-5.1,8667,12.9,50.0,21.1,16.0,13.3,19.0,17.3,2258,5.2,77.6,320.5,273.3,100.8,88.2,8.7,7.2,6,26.8,47.3,44.9,49.4,8.9,8.0,9.8,6516,9.7,8.3,11.2,7118,12.7,11.7,13.7,9333,3.5,3.2,3.8,2547,5
794,407,122,276,77,35,283,157,23,14.6,7.0,7.6,2.1,4.3,6.4,1748,24.7,32.5,31.9,10.9,15.4,21.1,18.9,248,4.3,87.6,303.4,271.5,109.4,101.0,9.2,8.3,0,22.5,47.6,45.7,49.4,8.9,8.1,9.7,731,9.5,8.3,10.7,782,13.7,12.8,14.5,1127,3.6,3.4,3.9,300,5
2514,850,230,122,219,16,369,759,102,10.5,9.2,1.3,0.2,29.1,29.3,2376,14.0,28.6,27.1,30.4,8.7,13.4,12.4,401,3.3,117.4,228.7,202.9,79.1,71.9,7.0,6.1,0,26.5,38.0,35.4,40.4,7.4,6.5,8.3,1471,8.0,6.6,9.6,1592,11.0,10.0,12.1,2190,2.9,2.7,3.2,587,2
8035,3066,34162,693,2008,147,3810,4492,474,11.0,6.6,4.4,0.9,22.4,23.3,9937,9.9,33.1,32.8,24.1,7.8,11.7,10.6,2887,3.4,125.0,228.7,202.9,79.1,71.9,7.0,6.1,8,14.0,42.5,40.7,44.4,5.7,5.2,6.2,6899,7.0,6.1,8.0,8429,10.4,9.8,11.1,12599,2.6,2.5,2.8,3196,2
4594,1954,3232,234,596,57,1040,584,437,10.1,8.2,1.9,1.0,8.8,9.8,2748,7.9,29.6,27.7,34.9,6.5,8.6,7.8,917,3.3,112.8,386.0,306.1,116.2,97.6,9.6,7.5,0,24.6,38.9,36.8,40.9,6.7,6.0,7.5,2656,7.2,6.0,8.6,2855,10.4,9.4,11.4,4113,2.8,2.6,3.1,1118,2
152420,65641,286291,27371,231352,19377,107138,48337,22978,12.3,7.9,4.4,1.4,16.0,17.4,208782,14.3,28.6,33.2,23.9,14.0,19.7,18.7,52643,4.8,97.3,213.5,185.8,72.3,65.0,5.6,5.0,535,19.2,44.0,42.7,45.3,7.0,6.5,7.6,120639,7.4,6.6,8.3,127559,11.9,11.2,12.5,203181,3.1,3.0,3.3,53399,1
6519,3317,16569,516,3316,109,3993,251,2791,12.1,7.6,4.6,0.4,-2.7,-2.3,7479,10.2,30.0,28.4,31.5,8.0,10.6,10.0,2102,3.8,108.3,386.0,306.1,116.2,97.6,9.6,7.5,12,17.1,47.7,45.7,49.7,6.2,5.6,6.9,5301,6.9,5.9,8.1,5925,10.8,10.0,11.6,9244,2.6,2.5,2.8,2249,4
1252,718,232,112,98,14,265,26,73,11.4,13.1,-1.7,0.5,3.1,3.6,1139,11.8,38.0,31.1,19.1,12.0,20.2,19.5,202,3.4,83.0,224.8,199.9,72.9,66.5,6.2,5.4,0,26.7,49.3,46.8,51.7,9.4,8.5,10.4,1017,9.2,7.9,10.7,1002,13.6,12.5,14.7,1470,3.5,3.3,3.8,383,4
33881,19219,31206,1625,6849,327,10056,2551,8691,10.9,9.1,1.7,1.9,2.2,4.0,32691,10.6,40.2,25.0,24.2,8.8,12.8,12.1,9024,3.9,107.1,320.5,273.3,100.8,88.2,8.7,7.2,60,22.5,39.5,37.4,41.5,7.2,6.4,8.0,25143,7.9,6.6,9.2,27440,11.2,10.2,12.1,39033,3.0,2.7,3.2,10353,3
7639,3843,2178,606,1822,63,2505,2094,1105,12.8,6.2,6.6,0.4,8.5,8.9,4727,5.5,29.1,37.0,28.4,4.9,4.7,3.6,2219,3.0,124.3,302.7,265.0,104.9,96.0,7.4,6.6,3,16.9,39.4,37.2,41.6,5.3,4.8,5.9,5256,4.8,4.0,5.7,4695,8.1,7.3,8.8,7922,2.4,2.2,2.5,2317,2
1015,522,4512,38,70,2,72,-152,100,12.6,12.0,0.6,0.5,-16.0,-15.5,1475,20.5,34.3,24.9,20.4,22.9,36.0,34.7,213,5.3,81.2,191.3,174.8,65.9,61.2,7.1,6.7,0,26.4,55.3,53.4,57.1,10.5,9.7,11.4,814,11.1,9.7,12.4,859,18.1,17.0,19.1,1403,4.4,4.1,4.7,341,6
422,192,82,210,53,4,195,71,152,9.9,3.6,6.3,-1.0,3.7,2.7,792,14.5,27.1,24.4,34.0,12.6,18.5,17.9,129,2.6,72.0,285.7,262.5,95.4,88.9,7.8,7.1,0,19.2,35.5,33.2,37.6,6.4,5.7,7.1,400,6.4,5.4,7.5,402,9.6,8.8,10.4,602,3.0,2.8,3.2,188,6
2859,1136,486,396,232,116,492,112,273,12.1,10.1,2.0,0.6,0.2,0.9,8051,30.7,37.8,22.2,9.4,15.2,22.1,21.0,847,5.3,79.8,228.7,202.9,79.1,71.9,7.0,6.1,0,19.1,44.6,42.5,46.7,8.5,7.7,9.4,2566,10.7,9.3,12.2,3216,13.7,12.7,14.7,4103,3.4,3.1,3.7,1018,4
6991,4326,2329,174,507,17,740,-387,5497,9.2,11.9,-2.7,0.7,-2.8,-2.1,7748,13.1,49.1,23.5,14.3,15.4,22.6,21.9,1784,5.0,76.7,320.5,273.3,100.8,88.2,8.7,7.2,27,26.2,52.2,49.9,54.3,8.9,8.0,9.8,5756,9.7,8.4,11.3,6324,13.0,11.8,14.1,8411,3.4,3.1,3.7,2217,5
4862,3156,1000,262,303,14,957,-321,1011,10.4,11.1,-0.7,-0.1,-4.9,-5.0,3809,9.7,37.1,34.8,18.5,10.5,17.1,15.9,1302,4.6,87.9,284.4,240.5,99.6,87.2,7.0,5.8,9,26.4,46.2,44.1,48.4,8.1,7.3,8.9,3532,8.9,7.6,10.3,3879,11.9,10.9,12.8,5164,3.3,3.1,3.6,1438,5
19723,11573,53174,1156,13783,251,9450,1266,6789,12.2,9.3,2.9,4.5,-2.8,1.7,19478,10.3,33.6,25.6,30.5,13.2,20.5,20.3,5663,4.0,95.2,320.5,273.3,100.8,88.2,8.7,7.2,142,22.3,41.1,39.3,43.0,7.0,6.3,7.7,14948,7.2,6.2,8.4,15560,11.4,10.5,12.3,24525,3.1,2.9,3.3,6550,3
6627,3441,623,240,1322,35,1201,308,4624,8.4,9.4,-1.0,0.7,4.3,5.0,3713,7.0,31.3,29.1,32.6,10.2,12.9,11.3,1030,2.5,80.0,315.1,287.6,105.9,99.6,9.7,8.6,27,25.5,40.7,38.4,43.0,7.0,6.3,7.9,4407,8.1,6.8,9.5,5094,10.5,9.5,11.5,6566,2.8,2.6,3.1,1781,5
63458,37342,107028,2882,36296,299,21334,2783,7517,10.6,9.7,0.9,2.7,-0.3,2.4,62977,10.3,29.7,35.4,24.5,11.0,16.0,14.6,18038,4.0,109.8,287.0,249.7,97.8,87.6,7.9,6.7,122,22.3,44.8,42.9,46.6,7.6,6.9,8.3,52383,8.3,7.1,9.6,57499,11.7,10.8,12.6,80943,3.0,2.8,3.2,20848,2
2530,944,2777,125,182,43,408,498,1118,8.2,8.7,-0.6,0.6,17.1,17.8,2059,9.8,30.3,31.1,28.8,6.9,8.1,6.8,374,2.7,121.9,263.2,231.8,90.3,81.7,7.3,6.3,0,23.5,42.9,40.3,45.4,7.0,6.2,7.7,1663,7.3,6.1,8.6,1746,10.5,9.6,11.4,2516,2.8,2.6,3.0,672,2
806,369,6504,33,68,4,86,-98,1143,8.2,11.6,-3.5,0.1,-7.5,-7.4,1444,22.3,44.0,24.4,9.4,37.3,51.6,49.9,159,5.8,55.5,229.5,205.0,80.1,72.3,7.0,6.2,0,25.2,57.0,55.2,58.7,10.2,9.5,10.9,737,10.7,9.6,11.9,776,21.2,20.0,22.3,1530,4.9,4.5,5.2,351,6
46016,25565,125602,34070,28923,1017,42939,5385,15000,14.9,8.9,5.9,1.8,-0.9,0.9,65034,12.8,25.3,30.1,31.8,16.9,25.4,24.1,12620,3.3,100.8,206.7,189.1,73.9,68.5,6.2,5.8,300,18.2,45.2,43.7,46.7,7.7,7.1,8.4,45307,7.4,6.5,8.6,43888,12.2,11.4,12.9,71630,3.1,2.9,3.3,17973,1
1100,550,53,38,7,0,99,-101,139,10.4,11.3,-1.0,0.0,-6.5,-6.5,2497,26.3,40.2,22.5,11.0,25.2,33.1,29.5,396,8.4,71.2,230.9,214.6,77.3,72.9,8.3,7.6,0,23.7,60.1,57.5,62.4,12.7,11.5,14.0,1324,16.1,13.9,18.5,1679,17.6,16.1,19.0,1831,4.2,3.8,4.6,434,6
1648,933,5399,144,141,12,352,-119,2758,10.1,10.9,-0.8,0.2,-4.8,-4.6,1422,10.8,30.5,31.0,27.6,19.9,26.4,25.1,366,3.8,96.4,207.6,188.2,79.9,75.0,7.0,6.5,0,22.2,44.0,42.0,45.8,7.6,7.0,8.2,1352,7.7,6.8,8.7,1377,11.8,11.0,12.5,2101,3.1,2.9,3.2,546,5
18484,9820,49460,920,13777,265,8683,1587,13133,12.4,7.2,5.1,4.0,-4.2,-0.2,18841,9.1,20.0,27.9,42.9,14.6,17.3,16.1,5801,3.3,110.3,230.9,214.6,77.3,72.9,8.3,7.6,260,17.5,42.5,40.5,44.3,6.9,6.3,7.6,17708,7.9,6.7,9.2,20300,11.8,10.9,12.6,30179,2.8,2.6,3.0,7062,3
1350,849,196,134,39,8,306,10,311,10.1,11.1,-1.0,0.0,1.7,1.7,1503,13.3,46.2,25.6,14.9,14.2,20.3,18.7,303,3.8,84.5,273.1,236.3,86.6,79.0,7.0,6.3,0,25.9,46.5,44.2,48.8,9.0,8.1,9.9,1122,10.6,9.1,12.2,1326,12.7,11.7,13.8,1594,3.4,3.1,3.7,422,2
12498,7111,1444,2349,1537,206,3661,1801,4660,11.1,9.7,1.5,-0.4,10.7,10.3,10188,9.9,27.3,35.4,27.4,14.4,19.7,19.8,3111,4.1,71.1,285.7,262.5,95.4,88.9,7.8,7.1,44,24.0,35.0,33.0,37.0,7.0,6.2,7.7,8383,7.0,5.8,8.2,8380,9.1,8.3,9.9,10939,3.1,2.9,3.4,3765,4
328,269,21,18,7,0,38,33,64,13.9,11.9,2.0,7.1,-0.5,6.6,307,11.4,25.2,42.6,20.8,9.5,11.6,10.2,49,2.2,91.9,239.2,214.5,88.2,80.3,6.8,6.2,0,29.2,46.9,44.5,49.1,7.8,6.9,8.8,232,7.3,6.0,8.6,215,10.9,9.9,11.8,322,3.2,3.0,3.5,96,6
2576,1533,777,137,155,5,381,143,501,6.4,10.5,-4.1,1.1,9.5,10.6,2290,13.5,33.5,26.5,26.5,12.0,16.7,14.5,315,3.0,73.6,263.2,231.8,90.3,81.7,7.3,6.3,0,32.7,46.8,44.2,49.1,9.9,8.8,11.0,1853,10.1,8.3,11.7,1886,13.7,12.4,14.9,2562,3.7,3.4,4.1,700,6
282,263,17,31,12,2,48,28,66,11.4,8.8,2.6,0.0,6.2,6.2,252,11.1,26.8,38.9,23.1,13.8,19.6,19.1,45,2.7,75.9,227.6,206.5,88.0,80.5,6.8,6.3,0,31.2,46.8,44.1,49.3,9.5,8.4,10.6,232,9.0,7.5,10.7,221,13.5,12.3,14.8,330,3.6,3.3,4.0,89,6
952,478,401,1194,260,24,317,78,162,19.7,5.4,14.2,2.1,-12.5,-10.4,3778,35.4,27.1,23.9,13.6,15.6,20.4,18.6,511,5.4,70.3,278.8,246.3,100.6,91.7,6.9,6.1,0,15.1,41.5,39.9,43.1,7.9,7.2,8.5,1001,7.7,6.7,8.7,981,12.8,12.1,13.6,1633,3.6,3.4,3.8,458,5
505,458,24,33,12,0,52,-22,137,12.2,14.2,-2.0,0.2,-2.2,-2.0,357,9.8,43.5,31.7,15.0,11.3,15.4,16.1,96,3.8,72.6,302.7,265.0,104.9,96.0,7.4,6.6,0,33.6,47.5,44.7,49.7,9.3,8.3,10.4,365,7.5,6.3,8.9,295,12.1,11.0,13.2,478,3.7,3.3,4.0,144,6
45891,28074,46982,1730,35218,416,11396,-973,6782,9.4,9.4,0.0,1.2,-2.7,-1.5,29723,6.8,24.0,24.2,44.9,6.7,9.1,8.8,11870,3.7,121.3,306.5,271.0,97.7,87.5,7.6,6.7,152,22.7,36.9,34.8,39.0,6.3,5.6,6.9,30634,6.0,5.0,7.3,29527,9.9,9.1,10.8,48296,2.7,2.6,2.9,13401,2
2608,1430,14724,185,202,13,637,-834,813,14.1,12.3,1.8,-0.4,-21.5,-21.9,5305,19.3,38.6,29.3,12.8,25.7,35.9,35.0,995,5.7,78.0,207.6,188.2,79.9,75.0,7.0,6.5,5,20.0,58.4,56.7,59.9,9.7,9.0,10.4,2959,11.0,9.8,12.3,3341,16.4,15.6,17.3,5006,3.9,3.7,4.1,1179,5
16402,7865,4868,5066,5588,504,7195,9031,4949,14.3,5.9,8.4,1.1,19.6,20.7,22517,11.9,27.5,33.8,26.7,10.5,13.2,12.5,4970,3.0,105.1,285.7,262.5,95.4,88.9,7.8,7.1,26,16.9,36.0,34.4,37.7,5.2,4.7,5.7,12026,5.4,4.6,6.2,12435,8.9,8.3,9.6,20680,2.6,2.4,2.7,5933,3
2484,1528,150,93,144,8,329,48,321,13.5,10.2,3.3,0.1,-1.8,-1.7,2338,11.4,37.6,29.1,21.8,13.6,21.3,19.3,448,2.9,85.0,264.9,238.3,94.6,86.4,7.9,7.1,0,25.6,44.6,42.2,47.3,8.7,7.8,9.6,1977,8.4,7.1,9.8,1923,11.3,10.2,12.4,2579,3.5,3.2,3.8,792,6
6247,3520,721,1590,967,202,1782,557,931,11.6,8.7,2.9,0.7,3.6,4.3,8575,16.7,27.2,29.5,26.7,10.9,14.8,14.5,2063,4.5,77.3,278.8,246.3,100.6,91.7,6.9,6.1,20,24.5,41.1,39.2,43.0,7.5,6.7,8.4,4427,7.0,5.9,8.2,4120,11.2,10.4,12.2,6629,3.2,3.0,3.5,1904,4
18544,9404,4480,546,6795,100,4396,1061,3400,9.5,8.8,0.8,0.6,3.3,3.9,9508,5.9,24.5,28.2,41.4,6.3,7.4,6.1,4187,3.5,123.0,375.1,304.1,112.9,94.8,10.2,7.4,19,23.0,39.5,37.3,41.5,6.6,5.9,7.4,12210,6.9,5.7,8.2,12682,9.4,8.5,10.4,17334,2.7,2.5,2.9,4896,3
475,408,47,47,37,0,47,-37,186,11.2,14.6,-3.4,0.0,-3.2,-3.2,331,8.1,36.1,35.9,19.9,8.9,11.8,11.5,78,2.5,94.9,239.2,214.5,88.2,80.3,6.8,6.2,0,30.1,50.6,48.3,52.8,8.0,7.2,8.9,356,7.5,6.4,8.7,334,11.0,10.0,12.0,489,3.2,3.0,3.5,142,6
7759,3858,54060,589,867,32,1253,-739,3017,10.4,13.2,-2.8,0.9,-6.6,-5.7,8541,14.4,32.3,33.8,19.5,25.9,36.5,34.1,1987,5.8,70.8,229.5,205.0,80.1,72.3,7.0,6.2,20,25.1,53.9,52.3,55.4,8.6,8.0,9.2,5829,9.3,8.2,10.3,6282,17.6,16.6,18.6,11961,4.4,4.1,4.6,2955,5
2883,1459,521,81,142,1,319,-71,2316,10.0,12.4,-2.4,0.3,-0.2,0.1,3398,16.2,48.4,19.1,16.3,19.4,25.9,23.3,663,5.5,91.0,263.4,231.6,100.1,89.4,10.5,9.2,0,27.1,56.1,53.7,58.3,11.3,10.2,12.4,2633,14.1,12.2,16.1,3298,15.7,14.5,17.0,3683,3.7,3.4,4.0,864,5
1403,663,191,538,140,48,380,256,106,16.1,6.4,9.7,2.6,-1.5,1.0,3150,22.3,32.7,30.1,14.9,12.5,17.5,16.2,304,2.5,97.3,192.6,181.6,73.9,68.9,5.8,5.5,0,18.0,42.6,40.8,44.5,7.5,6.9,8.3,1248,7.8,6.8,9.0,1299,12.2,11.5,13.1,2032,3.3,3.0,3.5,541,5
92019,61767,378974,3304,41763,543,28163,-4514,29963,11.5,11.0,0.5,3.1,-7.2,-4.1,93264,10.7,28.0,29.5,31.9,17.9,26.6,25.7,32050,5.2,89.1,292.7,248.6,93.7,83.7,8.3,7.1,680,23.7,45.2,43.5,46.8,8.1,7.4,8.8,79547,8.7,7.6,10.0,86130,13.3,12.4,14.1,130681,3.5,3.3,3.7,34175,1
1285,654,2791,120,85,2,266,-184,725,8.9,13.2,-4.3,0.0,-9.1,-9.1,1582,16.3,41.7,33.1,8.9,22.3,29.2,26.9,351,6.6,71.5,224.8,199.9,72.9,66.5,6.2,5.4,0,27.3,55.2,53.3,57.0,10.2,9.4,11.0,1120,10.7,9.5,11.9,1172,15.8,14.9,16.7,1730,4.0,3.7,4.2,434,3
3385,1738,3306,437,215,24,859,109,445,11.6,11.4,0.2,0.4,2.1,2.5,4321,15.7,34.1,33.2,17.0,15.9,21.1,20.2,746,4.2,80.1,224.8,199.9,72.9,66.5,6.2,5.4,0,23.8,49.1,46.8,51.3,8.8,8.0,9.6,2776,9.2,7.9,10.5,2883,13.3,12.4,14.3,4189,3.4,3.2,3.7,1082,4
3060,1672,4645,151,168,12,742,-108,559,12.0,12.0,-0.1,0.5,-3.2,-2.7,4055,15.4,42.1,28.0,14.5,19.1,26.7,23.8,684,3.4,81.3,273.1,236.3,86.6,79.0,7.0,6.3,12,23.5,52.0,50.0,53.9,9.0,8.2,9.9,2641,10.8,9.4,12.2,3157,13.1,12.1,13.9,3812,3.5,3.2,3.8,1019,5
5203,2526,17001,2067,335,48,1042,-332,3085,10.1,13.6,-3.5,0.1,-2.6,-2.4,7262,18.4,34.7,33.8,13.1,25.3,36.2,34.0,1115,5.0,68.4,255.0,223.5,86.2,78.1,7.1,6.2,10,24.9,50.8,49.1,52.4,10.3,9.5,11.0,4513,11.2,10.0,12.4,4941,16.5,15.6,17.3,7244,4.2,4.0,4.5,1861,6
14979,9176,13389,611,5857,277,6143,1632,5272,12.4,7.8,4.5,1.5,1.3,2.8,7943,5.3,27.1,34.6,33.0,9.4,11.4,10.7,3313,2.8,108.0,218.2,193.1,84.8,77.9,6.9,6.5,44,20.8,41.2,39.3,43.1,6.1,5.5,6.8,10568,5.9,5.0,6.9,10173,9.3,8.5,10.1,16070,2.7,2.5,2.9,4608,3
66,56,8,20,0,0,7,-5,0,15.7,1.3,14.4,0.0,-19.6,-19.6,56,10.7,28.0,34.7,26.5,12.7,17.3,15.9,9,2.3,76.4,237.6,217.1,87.0,79.6,10.5,9.7,0,34.4,44.4,41.4,47.2,8.6,7.5,9.7,52,7.1,5.8,8.6,43,11.4,10.2,12.7,69,3.2,2.9,3.5,20,6
131,43,5,11,6,0,25,20,56,2.5,5.0,-2.5,0.0,27.5,27.5,45,6.2,25.7,24.3,43.9,8.6,17.0,16.5,12,2.6,86.4,285.7,262.5,95.4,88.9,7.8,7.1,0,40.1,35.1,32.2,37.7,8.2,7.1,9.4,56,7.1,5.6,8.7,49,10.4,9.1,11.6,71,3.5,3.2,3.8,24,6
4352,2523,954,157,237,15,793,-156,721,10.5,11.5,-1.0,0.3,-2.4,-2.1,3397,9.8,33.8,33.7,22.6,11.5,16.6,15.2,1259,5.0,89.2,284.4,240.5,99.6,87.2,7.0,5.8,3,26.0,47.2,44.7,49.8,8.0,7.1,8.9,3033,8.8,7.5,10.2,3349,11.0,10.0,12.1,4195,3.2,3.0,3.5,1221,3
2091,975,322,69,69,10,316,57,768,10.8,11.1,-0.3,0.2,2.3,2.5,3547,19.9,41.7,28.0,10.4,21.4,28.7,28.5,540,4.9,81.3,230.9,214.6,77.3,72.9,8.3,7.6,6,23.2,57.7,55.3,59.7,11.3,10.3,12.3,2274,14.4,12.5,16.5,2911,15.8,14.6,17.0,3196,3.8,3.5,4.1,768,6
1803,1285,1072,531,238,92,461,330,563,14.8,8.9,5.9,3.3,2.4,5.7,3657,19.9,31.1,31.4,17.6,12.2,15.3,15.3,483,2.9,77.0,285.7,262.5,95.4,88.9,7.8,7.1,6,21.5,39.3,37.5,41.0,6.9,6.3,7.6,1461,7.0,6.0,8.0,1469,9.7,9.1,10.4,2060,3.2,3.0,3.4,668,5
1525,724,5914,74,47,15,170,-173,158,8.2,12.9,-4.7,0.1,-7.3,-7.2,1532,14.3,37.2,29.3,19.2,18.4,28.0,26.5,283,4.2,86.5,229.5,205.0,80.1,72.3,7.0,6.2,0,28.8,50.5,48.6,52.3,9.0,8.3,9.8,1064,9.2,8.0,10.5,1084,16.4,15.4,17.5,1931,4.0,3.8,4.3,477,3
246,191,22,27,33,5,52,-31,35,9.9,10.8,-0.9,0.9,-13.4,-12.5,167,9.9,30.0,39.3,20.8,14.9,25.9,25.4,32,2.6,55.6,285.7,262.5,95.4,88.9,7.8,7.1,0,32.7,37.8,35.6,40.1,9.3,8.3,10.3,170,8.5,7.2,10.0,156,11.7,10.8,12.8,215,3.9,3.6,4.2,72,6
5471,3022,9528,300,1054,52,1572,127,4917,11.6,8.9,2.7,1.3,-2.3,-1.0,4246,8.1,30.7,28.3,32.9,8.9,12.0,11.2,956,2.5,115.4,273.1,236.3,86.6,79.0,7.0,6.3,25,21.2,43.9,41.6,46.1,6.8,6.0,7.5,4040,7.7,6.4,9.0,4611,10.7,9.7,11.6,6402,2.8,2.6,3.0,1668,4
210,167,7,15,8,0,31,-26,53,11.0,11.0,0.0,6.8,-20.9,-14.1,191,13.4,36.1,34.1,16.4,12.9,17.9,17.0,23,2.6,76.8,237.6,217.1,87.0,79.6,10.5,9.7,0,37.4,46.6,44.2,48.9,9.9,8.8,11.0,145,8.1,6.8,9.6,119,12.6,11.4,13.7,185,3.6,3.3,4.0,53,6
9463,5254,3060,400,1444,45,2135,255,3243,8.9,9.9,-1.0,1.7,1.8,3.5,5046,6.6,26.8,32.2,34.5,8.5,11.1,10.3,2172,3.9,93.0,375.1,304.1,112.9,94.8,10.2,7.4,27,25.6,38.8,36.6,40.9,7.1,6.3,7.8,6203,7.7,6.4,9.2,6751,10.2,9.2,11.2,8931,2.9,2.7,3.2,2580,2
1403,815,19006,84,108,12,167,-411,4108,10.8,11.7,-0.9,0.2,-15.2,-15.0,4773,27.1,29.5,28.0,15.4,32.6,42.3,41.6,611,7.8,70.0,191.3,174.8,65.9,61.2,7.1,6.7,0,17.4,60.3,58.3,62.3,8.9,8.2,9.6,1785,10.2,9.1,11.5,2050,18.8,17.6,19.9,3771,4.2,3.9,4.5,839,5
887,522,7575,24,25,2,86,-85,108,12.7,13.0,-0.4,0.0,-7.6,-7.6,1662,23.1,40.3,24.1,12.5,33.4,50.6,50.5,262,9.6,50.9,217.1,196.7,77.2,71.2,7.6,6.9,0,25.2,58.9,57.1,60.8,11.2,10.4,12.1,911,12.2,10.9,13.6,991,21.8,20.7,23.1,1770,5.0,4.7,5.3,405,6
2661,1239,205,112,160,7,454,0,729,9.0,8.5,0.5,1.0,-1.5,-0.5,1731,8.2,35.5,27.2,29.1,10.2,12.9,12.5,426,2.7,102.3,367.1,322.7,130.3,121.5,11.7,9.9,2,27.3,37.7,35.5,39.9,7.0,6.3,7.8,1663,7.7,6.5,9.1,1813,10.4,9.4,11.4,2459,3.0,2.8,3.3,721,5
1958,1509,516,237,68,17,459,-321,672,12.0,11.8,0.2,0.0,-12.4,-12.5,2052,11.4,32.4,37.8,18.4,14.5,18.9,17.4,443,3.3,86.0,227.6,206.5,88.0,80.5,6.8,6.3,4,24.8,49.1,46.9,51.0,8.5,7.7,9.4,1696,8.8,7.5,10.2,1757,13.6,12.5,14.7,2708,3.4,3.2,3.7,681,5
241,180,3,29,17,2,9,-7,34,8.7,10.2,-1.5,0.0,-1.5,-1.5,82,5.4,41.7,34.6,18.2,13.9,25.1,24.0,32,3.0,71.0,239.2,214.5,88.2,80.3,6.8,6.2,0,34.4,45.7,43.1,48.1,9.7,8.7,10.7,153,8.5,7.3,10.0,135,12.7,11.6,13.9,202,3.7,3.5,4.1,59,6
3638,1778,14347,1444,411,69,1039,62,1150,11.7,12.4,-0.6,0.1,2.1,2.1,6035,19.7,34.9,31.4,13.9,19.9,31.1,29.1,902,5.5,71.4,255.0,223.5,86.2,78.1,7.1,6.2,0,24.0,55.0,53.3,56.6,9.8,9.1,10.6,3404,11.0,9.7,12.4,3803,16.3,15.4,17.2,5648,4.1,3.8,4.4,1413,5
1094,537,3614,66,43,12,258,58,60,8.9,12.3,-3.4,0.8,7.4,8.2,1145,13.7,36.3,35.5,14.4,15.2,21.1,19.5,212,4.0,96.0,255.0,223.5,86.2,78.1,7.1,6.2,0,25.0,50.3,48.4,52.2,8.6,8.0,9.4,797,9.1,8.1,10.2,843,14.7,13.8,15.6,1356,3.7,3.4,3.9,337,2
2828,2385,1473,283,1911,173,805,312,632,12.6,9.8,2.8,2.9,2.3,5.1,3473,13.1,31.6,33.7,21.7,11.6,13.4,12.7,547,2.7,75.9,302.7,265.0,104.9,96.0,7.4,6.6,0,24.3,43.5,41.3,45.4,7.5,6.7,8.4,2254,6.5,5.4,7.6,1939,10.6,9.6,11.5,3173,3.2,2.9,3.5,947,5
5043,2308,647,2226,688,154,2378,-60,576,10.4,12.8,-2.4,0.3,0.8,1.1,3181,10.0,25.5,41.9,22.5,17.1,24.2,23.6,1166,6.7,63.2,279.6,243.8,96.2,87.1,7.2,6.2,4,32.2,40.8,38.6,42.9,9.2,8.3,10.1,3211,9.3,8.0,10.7,3241,12.9,11.9,13.9,4500,4.0,3.7,4.3,1387,6
2275,984,266,93,182,11,308,310,490,8.8,13.0,-4.2,0.7,22.0,22.6,1978,15.8,34.0,25.4,24.8,14.2,25.1,24.4,284,4.0,75.4,228.7,202.9,79.1,71.9,7.0,6.1,0,34.0,48.6,46.0,51.0,10.8,9.6,12.2,1517,11.4,9.5,13.5,1603,15.7,14.2,17.1,2194,4.1,3.8,4.5,579,6
373,210,20,34,76,0,106,22,53,9.9,10.7,-0.8,0.8,5.6,6.4,242,8.4,39.0,33.3,19.3,10.4,14.0,12.9,91,3.8,74.1,302.7,265.0,104.9,96.0,7.4,6.6,0,32.1,44.0,41.4,46.5,8.7,7.8,9.7,266,7.2,6.0,8.5,220,12.0,10.8,13.1,365,3.5,3.2,3.8,105,6
1352,834,1245,106,110,12,431,-40,1543,10.3,10.4,-0.1,0.7,-2.9,-2.2,1349,11.0,38.8,28.7,21.4,14.0,20.7,17.8,230,3.1,96.5,273.1,236.3,86.6,79.0,7.0,6.3,0,23.2,45.8,43.4,48.1,7.8,7.0,8.6,1075,9.0,7.7,10.4,1246,11.3,10.3,12.2,1560,3.0,2.8,3.3,419,6
195,138,9,26,20,5,45,-88,34,13.2,8.4,4.7,0.0,-34.4,-34.4,93,4.8,35.7,42.1,17.3,9.2,11.4,11.0,32,1.9,112.3,247.1,236.2,91.5,88.0,9.8,9.4,0,25.2,39.8,37.5,42.0,7.1,6.4,7.8,151,6.8,5.9,7.9,145,9.9,9.1,10.8,212,2.9,2.7,3.2,62,6
24065,12271,3489,697,6895,147,4622,1895,2504,8.7,7.9,0.8,0.8,4.6,5.4,11565,5.2,25.1,29.0,40.7,5.3,6.7,5.6,5100,2.8,124.3,315.1,287.6,105.9,99.6,9.7,8.6,43,23.1,39.2,36.8,41.5,6.4,5.7,7.2,15962,7.0,5.7,8.3,17362,9.4,8.5,10.4,23425,2.6,2.4,2.8,6409,2
1789,803,430,105,74,2,317,237,300,12.5,10.4,2.2,0.5,9.0,9.5,2486,17.8,44.6,26.6,11.1,18.8,23.7,22.6,429,5.4,94.2,230.9,214.6,77.3,72.9,8.3,7.6,0,25.8,55.8,53.6,57.9,10.8,9.8,11.9,1696,13.1,11.5,15.0,2068,15.5,14.3,16.7,2433,3.6,3.4,4.0,572,6
2960,2032,864,139,249,22,464,162,1743,10.8,10.5,0.3,0.0,4.1,4.1,1623,6.3,42.4,33.5,17.9,10.2,11.2,9.9,506,2.6,100.5,218.2,193.1,84.8,77.9,6.9,6.5,4,25.2,45.2,43.0,47.3,7.5,6.7,8.2,2147,7.2,6.2,8.3,2070,10.9,9.9,11.8,3133,3.0,2.8,3.2,867,5
297,258,15,5,6,0,49,-1,39,11.8,11.4,0.4,0.0,-1.1,-1.1,230,11.8,40.1,30.6,17.5,13.8,21.2,21.1,37,2.5,76.2,239.2,214.5,88.2,80.3,6.8,6.2,0,32.7,50.9,48.5,53.4,10.6,9.3,11.8,218,9.5,8.0,11.1,197,13.7,12.5,15.0,284,4.0,3.6,4.4,83,6
13087,5807,11588,1574,3860,305,5905,5280,6035,10.8,8.9,1.9,-0.3,28.1,27.8,10001,8.4,27.2,36.3,28.1,9.5,12.2,11.6,2678,3.3,125.5,265.2,240.7,86.8,80.1,6.9,6.0,16,20.6,47.7,45.4,49.6,7.7,7.0,8.4,10776,8.6,7.3,10.0,12054,11.1,10.2,12.0,15533,2.9,2.7,3.1,4017,3
2849,1297,740,186,196,22,623,302,830,11.9,12.0,-0.2,2.4,6.9,9.3,4785,21.7,37.1,26.0,15.2,18.4,27.2,25.3,731,5.6,84.3,253.1,225.8,85.1,77.8,8.1,7.4,3,24.0,54.5,52.1,56.7,10.3,9.3,11.4,2633,12.6,10.8,14.5,3221,15.0,13.8,16.2,3835,3.7,3.4,4.0,940,5
236,150,182,97,15,0,58,-16,54,10.1,7.7,2.4,0.3,-8.1,-7.7,479,23.9,30.6,27.1,18.4,17.3,26.7,23.7,38,3.2,65.2,224.8,199.9,72.9,66.5,6.2,5.4,0,25.5,49.6,47.6,51.6,9.5,8.6,10.4,208,9.4,8.1,10.7,206,14.7,13.7,15.7,321,3.8,3.5,4.1,82,6
131,93,6,34,2,0,24,-17,0,12.9,5.7,7.1,2.1,-21.4,-19.3,43,4.7,34.7,35.1,25.5,8.8,10.3,10.3,21,2.6,104.2,240.4,219.1,92.8,84.8,9.2,8.6,0,27.0,42.1,39.6,44.8,8.4,7.5,9.3,93,6.1,5.2,7.1,67,11.0,9.9,12.0,121,3.2,3.0,3.5,36,5
283,260,10,37,27,0,32,-42,55,11.7,10.5,1.2,-0.3,-14.2,-14.5,181,7.8,28.3,39.8,24.1,8.7,10.4,9.9,42,2.6,89.0,237.6,217.1,87.0,79.6,10.5,9.7,0,28.8,45.9,43.1,48.5,8.4,7.5,9.4,213,7.0,5.8,8.2,177,11.4,10.3,12.5,289,3.2,3.0,3.5,82,6
665,478,73,235,57,7,217,-30,77,12.0,9.1,2.9,0.8,-7.8,-7.1,616,11.7,40.4,28.5,19.4,10.8,15.3,13.6,85,2.1,108.1,206.7,189.1,73.9,68.5,6.2,5.8,0,26.7,47.9,45.5,50.2,9.2,8.3,10.2,525,9.0,7.7,10.5,517,12.6,11.6,13.7,718,3.3,3.1,3.6,190,6
3205,1688,508,189,254,26,584,148,813,12.1,9.4,2.8,0.3,0.1,0.4,4985,15.9,40.7,29.2,14.3,9.1,12.1,11.2,694,2.9,110.1,230.8,212.0,80.3,74.4,6.5,6.1,0,21.0,44.1,42.1,46.1,7.6,6.9,8.4,2728,9.7,8.3,11.1,3503,12.2,11.3,13.2,4400,3.0,2.8,3.2,1073,5
500,339,199,389,90,11,244,15,34,15.5,5.3,10.2,1.7,-10.4,-8.8,658,11.0,36.2,40.9,11.9,10.5,11.7,11.4,182,4.3,111.4,242.0,224.0,78.1,73.2,6.9,6.1,0,17.4,42.3,40.8,43.9,6.4,6.0,6.9,444,6.4,5.8,7.1,443,10.9,10.3,11.5,751,3.1,2.9,3.3,213,6
3453,1449,983,204,290,22,684,386,150,8.7,9.7,-0.9,0.5,11.1,11.5,1793,6.7,23.2,37.1,33.0,8.3,13.6,12.9,1015,5.1,120.1,255.0,223.5,86.2,78.1,7.1,6.2,0,27.9,43.0,40.6,45.5,8.0,7.2,8.9,2380,8.0,6.7,9.4,2372,11.2,10.1,12.3,3330,3.1,2.9,3.4,929,5
490,403,39,14,26,3,54,-61,175,12.6,11.6,1.0,0.6,-13.6,-13.0,268,7.7,38.9,32.8,20.6,14.3,23.1,21.6,70,2.8,81.2,218.2,193.1,84.8,77.9,6.9,6.5,0,30.7,47.3,44.8,49.8,9.1,8.1,10.2,344,8.2,6.9,9.7,311,12.0,11.0,13.2,457,3.5,3.3,3.9,134,6
317,212,4,50,13,2,90,-14,40,11.5,12.3,-0.8,0.0,-5.2,-5.2,250,13.2,40.4,31.4,15.0,17.7,27.8,27.7,39,3.3,64.2,227.6,206.5,88.0,80.5,6.8,6.3,0,36.2,53.2,50.6,55.7,11.5,10.4,12.8,227,11.1,9.6,12.9,218,16.3,15.0,17.7,321,4.2,3.9,4.6,83,6
2984,1504,32612,120,324,23,320,-1139,732,13.2,13.3,-0.1,0.1,-25.1,-25.0,6523,21.5,30.5,29.2,18.8,32.6,52.0,53.4,1180,7.1,76.0,191.3,174.8,65.9,61.2,7.1,6.7,22,20.5,56.4,54.4,58.1,9.7,8.9,10.5,3232,10.9,9.6,12.2,3643,19.6,18.3,20.8,6548,4.5,4.2,4.9,1520,5
2185,1101,7465,126,190,16,391,18,373,11.8,14.1,-2.3,0.0,3.0,3.0,3612,20.1,35.9,30.3,13.7,21.6,32.7,33.9,501,4.4,69.9,228.7,202.9,79.1,71.9,7.0,6.1,28,24.0,46.9,45.1,48.7,9.3,8.5,10.1,1898,10.8,9.5,12.0,2201,15.6,14.7,16.5,3181,3.9,3.7,4.2,799,5
3379,2006,173,125,187,4,288,-105,524,10.0,14.6,-4.6,0.3,1.1,1.4,2577,11.1,42.2,31.3,15.5,12.6,18.4,17.1,729,4.6,80.9,287.0,249.7,97.8,87.6,7.9,6.7,4,32.0,48.8,46.3,51.0,10.4,9.5,11.5,2621,11.1,9.6,12.7,2797,13.1,12.0,14.2,3303,3.7,3.4,4.0,939,6
6094,2805,1258,4749,633,143,1812,462,1549,10.7,9.0,1.8,0.3,4.1,4.4,8685,17.0,32.8,33.2,17.1,17.3,24.2,22.4,1650,5.5,97.8,244.8,213.8,91.1,82.1,7.7,7.3,0,22.5,48.3,46.6,49.8,7.8,7.3,8.4,4573,7.4,6.5,8.2,4305,14.2,13.4,15.0,8305,3.8,3.6,4.0,2207,3
1244,613,883,47,37,4,150,31,1273,8.9,11.1,-2.2,0.0,4.8,4.8,1639,17.8,31.5,34.2,16.5,12.2,16.4,15.1,320,7.8,82.8,284.4,240.5,99.6,87.2,7.0,5.8,0,24.8,48.0,45.5,50.4,8.7,7.7,9.7,880,9.9,8.4,11.6,1004,12.0,11.0,13.1,1220,3.4,3.1,3.7,345,6
36371,22118,68909,4954,21908,528,19643,4555,11539,13.4,7.3,6.0,2.2,-1.2,1.0,41102,9.7,24.4,30.7,35.2,11.3,14.6,13.4,10654,3.0,108.9,287.0,249.7,97.8,87.6,7.9,6.7,150,18.2,40.0,38.1,41.8,6.5,5.9,7.2,32341,7.2,6.1,8.4,35772,9.9,9.1,10.7,49037,2.8,2.6,3.0,13860,1
114,51,1,263,22,0,45,-20,24,7.2,5.4,1.8,0.0,-20.7,-20.7,87,11.1,28.7,30.2,30.0,17.3,34.7,29.7,25,4.6,73.6,279.6,243.8,96.2,87.1,7.2,6.2,0,35.7,43.7,41.4,45.9,9.7,8.8,10.8,89,9.9,8.4,11.5,90,14.3,13.2,15.4,130,4.1,3.8,4.4,37,6
752,498,66,822,29,1,336,-27,115,12.7,10.1,2.6,0.6,-6.1,-5.6,864,14.3,35.0,34.6,16.1,12.8,17.8,16.4,364,8.1,73.2,302.7,265.0,104.9,96.0,7.4,6.6,0,26.4,47.3,45.1,49.4,9.1,8.2,10.1,606,8.0,6.8,9.3,532,12.8,11.8,13.8,849,3.7,3.4,4.0,244,6
282,235,18,77,17,0,144,-77,85,11.0,11.8,-0.9,6.9,-28.0,-21.1,195,7.6,29.3,39.4,23.6,10.9,13.2,11.8,42,2.4,93.6,247.1,236.2,91.5,88.0,9.8,9.4,0,30.1,40.5,38.0,42.9,8.2,7.3,9.1,222,7.2,6.1,8.5,197,11.0,9.9,12.0,299,3.3,3.0,3.6,90,6
36152,20893,29534,2361,30989,262,15431,6271,5163,12.1,6.7,5.4,0.9,4.3,5.2,16315,4.1,14.4,26.2,55.3,5.5,6.0,5.2,9723,2.9,149.8,227.6,206.5,88.0,80.5,6.8,6.3,110,19.0,34.4,32.4,36.3,5.4,4.9,6.1,24502,4.7,3.9,5.8,21432,8.2,7.5,9.0,37119,2.4,2.2,2.6,10687,2
1089,673,102,40,37,7,184,-135,152,10.2,12.8,-2.6,0.5,-9.1,-8.6,922,11.0,46.0,27.5,15.4,16.7,25.7,23.3,241,4.7,82.7,273.1,236.3,86.6,79.0,7.0,6.3,0,26.6,48.2,45.7,50.7,9.1,8.3,10.1,841,10.6,9.1,12.2,972,12.7,11.6,13.8,1169,3.4,3.2,3.7,315,6
462,168,44,13238,23,8,234,-55,92,19.9,12.6,7.4,-0.3,-11.0,-11.3,1732,24.0,25.3,38.9,11.8,54.0,56.6,52.4,370,10.3,55.5,240.4,219.1,92.8,84.8,9.2,8.6,0,9.5,54.2,51.9,56.3,10.9,10.0,11.8,979,11.5,10.0,13.1,1034,17.9,16.7,19.0,1607,4.8,4.5,5.2,434,6
516,335,25,63,18,0,73,-82,46,12.0,10.4,1.5,0.2,-16.0,-15.9,422,10.1,34.1,35.9,19.8,11.9,12.4,10.6,123,3.9,84.0,237.6,217.1,87.0,79.6,10.5,9.7,0,27.0,51.5,48.9,53.9,8.5,7.6,9.5,377,7.2,6.0,8.4,318,11.1,10.1,12.2,492,3.2,2.9,3.4,139,5
1422,795,1061,69,53,5,166,2,2146,8.0,12.7,-4.7,0.1,4.7,4.8,2477,20.3,44.4,24.1,11.2,21.3,27.6,25.1,298,4.9,74.2,253.1,225.8,85.1,77.8,8.1,7.4,0,24.8,52.0,49.8,54.2,10.0,9.1,11.0,1370,12.1,10.5,13.8,1663,14.4,13.4,15.5,1985,3.6,3.3,3.9,491,6
2885,1614,153,813,149,10,425,88,284,8.0,10.3,-2.3,0.6,5.8,6.4,797,4.8,21.8,30.6,42.8,7.0,10.6,10.0,445,4.2,118.9,287.0,249.7,97.8,87.6,7.9,6.7,0,38.4,44.0,41.1,46.7,9.2,8.1,10.4,1686,8.7,7.1,10.5,1586,11.6,10.3,12.9,2122,3.4,3.2,3.8,630,5
2807,1294,384,2804,213,39,2205,651,194,11.3,9.3,2.0,0.2,14.2,14.4,2591,10.1,33.3,32.4,24.2,9.1,12.7,11.1,537,2.8,126.8,206.7,189.1,73.9,68.5,6.2,5.8,0,20.8,43.8,41.7,45.8,7.6,6.9,8.3,2263,7.8,6.8,9.0,2329,11.0,10.2,11.9,3276,2.9,2.7,3.1,857,2
3538,2362,2042,129,534,104,857,-463,3296,9.6,9.6,0.0,1.5,-10.6,-9.1,3140,9.5,30.0,34.9,25.6,20.0,21.8,20.5,1171,4.8,72.7,284.4,240.5,99.6,87.2,7.0,5.8,9,21.3,44.4,41.9,46.8,7.5,6.7,8.2,3108,8.7,7.4,10.1,3629,10.7,9.7,11.6,4444,3.1,2.8,3.3,1283,5
4518,2547,27145,2028,443,36,683,-708,1401,10.8,14.3,-3.5,0.3,-10.8,-10.4,8203,22.5,37.8,25.2,14.4,22.0,33.6,31.3,1229,6.1,68.2,255.0,223.5,86.2,78.1,7.1,6.2,16,26.5,57.2,55.4,58.9,10.9,10.1,11.7,4329,11.6,10.4,13.0,4630,19.3,18.2,20.4,7678,4.8,4.5,5.1,1900,5
4464,2084,4675,522,689,59,1566,779,572,12.8,9.3,3.5,0.7,6.5,7.2,5363,11.3,35.1,33.3,20.3,11.9,15.9,14.5,1087,3.2,120.3,207.6,188.2,79.9,75.0,7.0,6.5,0,17.8,46.6,44.4,48.6,7.3,6.6,8.0,3985,8.0,6.9,9.2,4377,10.8,10.0,11.6,5913,2.8,2.6,3.0,1518,3
1844,1061,2912,133,374,12,822,292,192,15.2,10.3,4.8,3.0,5.2,8.2,2031,13.4,32.8,28.9,25.0,15.1,25.0,24.0,338,3.2,64.9,263.2,231.8,90.3,81.7,7.3,6.3,0,23.3,44.9,42.6,47.1,8.3,7.5,9.0,1431,9.0,7.8,10.3,1548,12.6,11.7,13.5,2169,3.4,3.2,3.6,588,4
14630,9191,2491,278,2754,64,2110,884,5446,9.5,10.4,-0.9,0.4,5.3,5.6,7163,5.4,33.2,26.0,35.4,8.7,9.0,8.1,3844,3.9,110.3,320.5,273.3,100.8,88.2,8.7,7.2,35,24.1,43.5,41.0,45.9,6.8,6.1,7.6,10245,6.9,5.8,8.2,10440,10.0,9.0,10.9,14996,2.8,2.6,3.0,4212,2
2631,1337,290,115,159,16,395,-89,932,11.2,9.9,1.2,0.1,-4.1,-3.9,2634,11.8,42.3,31.1,14.9,9.4,12.3,11.4,649,3.9,119.7,230.8,212.0,80.3,74.4,6.5,6.1,4,22.4,45.1,43.0,47.3,7.7,6.9,8.5,1970,9.6,8.3,11.0,2471,12.2,11.2,13.2,3133,3.0,2.8,3.2,769,2
23055,10947,200032,1515,12220,609,9941,3105,31195,11.3,7.7,3.6,1.8,2.1,3.9,22729,8.9,22.4,30.9,37.7,16.7,20.2,19.0,6772,3.4,100.3,229.5,205.0,80.1,72.3,7.0,6.2,211,17.0,42.6,41.0,44.3,5.8,5.3,6.2,18763,5.8,5.1,6.6,18970,11.0,10.3,11.7,35795,2.8,2.7,3.0,9167,3
33718,20190,100352,7526,111027,1320,18193,3139,9477,15.1,6.6,8.5,14.9,-18.7,-3.9,75223,15.8,25.7,17.6,40.9,14.3,22.3,22.5,13852,3.9,89.7,306.5,271.0,97.7,87.5,7.6,6.7,105,16.2,29.9,28.5,31.2,5.4,5.1,5.8,29169,4.8,4.3,5.4,25934,11.1,10.4,11.7,59570,2.7,2.6,2.8,14524,1
21440,12721,101116,1173,29756,220,8065,2113,2749,11.5,8.4,3.1,5.1,-1.7,3.4,19203,8.5,21.7,26.8,42.9,9.0,12.6,11.5,5387,3.0,94.5,263.2,231.8,90.3,81.7,7.3,6.3,53,20.1,41.2,39.4,42.8,6.1,5.6,6.7,15651,6.0,5.2,7.0,15414,11.1,10.4,11.8,28279,2.8,2.7,3.0,7239,2
3059,1563,26994,111,223,17,335,-925,852,11.9,13.7,-1.9,0.1,-22.1,-22.0,5135,19.3,35.2,30.4,15.1,31.4,48.0,45.3,973,6.5,68.2,217.1,196.7,77.2,71.2,7.6,6.9,18,23.2,58.8,57.0,60.5,10.6,9.9,11.4,3103,11.4,10.2,12.7,3327,21.1,19.9,22.2,6160,4.8,4.5,5.1,1392,5
5142,2281,1140,270,311,31,711,280,1501,8.9,12.6,-3.7,0.4,8.4,8.9,5827,15.5,38.9,29.1,16.4,13.8,20.9,20.0,917,3.8,94.7,253.1,225.8,85.1,77.8,8.1,7.4,6,25.7,53.9,51.5,56.2,9.5,8.6,10.4,4118,11.4,9.8,13.1,4957,14.1,13.0,15.2,6128,3.5,3.2,3.7,1500,4
756,440,2578,34,44,2,140,-2,157,12.5,12.1,0.4,-0.5,0.1,-0.4,787,13.2,43.8,27.6,15.4,21.3,30.0,28.1,128,3.5,79.9,207.6,188.2,79.9,75.0,7.0,6.5,0,25.0,57.0,55.2,58.7,10.8,10.0,11.6,694,10.9,9.7,12.2,705,17.1,16.2,18.1,1104,4.1,3.9,4.4,266,6
1892,1285,232,266,175,40,327,4,288,11.3,9.8,1.4,1.6,-2.8,-1.2,1180,7.0,33.8,38.1,21.0,8.1,9.4,8.9,279,1.9,110.5,218.2,193.1,84.8,77.9,6.9,6.5,0,24.5,42.7,40.4,45.0,7.2,6.5,8.0,1360,6.8,5.8,7.9,1279,10.2,9.3,11.0,1914,2.9,2.7,3.2,553,4
203,113,8,21,9,3,31,-19,65,6.8,8.5,-1.7,0.0,-8.0,-8.0,92,7.2,32.8,41.4,18.6,11.2,14.6,12.1,22,2.5,80.5,227.6,206.5,88.0,80.5,6.8,6.3,0,33.4,44.8,42.2,47.2,8.4,7.6,9.3,112,8.0,6.8,9.3,107,12.4,11.4,13.6,166,3.3,3.1,3.6,44,6
202,171,20,7,4,0,19,-9,52,11.2,10.8,0.5,0.0,-4.9,-4.9,191,12.9,42.1,27.5,17.5,14.1,20.0,18.8,34,2.8,79.2,273.1,236.3,86.6,79.0,7.0,6.3,0,30.7,47.7,45.0,50.1,10.2,9.1,11.4,166,11.0,9.4,12.9,179,13.5,12.3,14.7,219,3.7,3.4,4.1,61,6
1017,515,664,401,41,1,285,-40,1051,6.5,12.2,-5.7,0.1,1.1,1.2,759,10.8,44.3,27.5,17.4,12.6,18.5,17.4,254,7.8,83.8,287.0,249.7,97.8,87.6,7.9,6.7,0,33.8,48.8,46.4,51.1,10.2,9.2,11.3,787,11.0,9.4,12.7,852,13.4,12.2,14.5,1034,3.7,3.4,4.0,285,6
5134,2690,1605,530,279,90,997,817,571,11.6,12.1,-0.5,1.1,14.2,15.2,6181,16.5,33.3,33.2,17.1,15.6,20.8,19.3,904,3.5,84.4,224.8,199.9,72.9,66.5,6.2,5.4,0,27.1,50.0,47.7,52.1,9.5,8.6,10.5,4100,9.6,8.2,11.1,4127,13.6,12.5,14.6,5855,3.6,3.3,3.9,1533,6
52679,26992,467706,2950,78463,366,21944,11230,34253,12.1,7.1,5.1,3.6,2.1,5.7,54469,7.9,18.3,22.4,51.4,13.5,19.3,18.6,22310,4.0,120.8,228.7,202.9,79.1,71.9,7.0,6.1,538,15.8,33.1,31.7,34.6,5.1,4.7,5.5,41504,5.3,4.6,6.1,43493,10.1,9.5,10.8,83072,2.7,2.6,2.9,22450,1
2421,1227,647,407,148,17,358,138,1619,10.4,10.0,0.4,0.2,4.7,4.9,2299,11.9,41.8,32.7,13.6,13.4,18.4,17.1,416,3.1,87.0,264.9,238.3,94.6,86.4,7.9,7.1,0,27.0,45.2,42.9,47.4,8.7,7.9,9.6,1844,8.4,7.3,9.6,1776,11.6,10.7,12.5,2458,3.4,3.2,3.7,731,6
1821,791,106,83,114,1,262,52,197,9.8,12.4,-2.6,0.2,5.0,5.2,2215,14.8,42.6,29.9,12.6,12.6,19.5,18.5,407,4.4,89.2,230.8,212.0,80.3,74.4,6.5,6.1,0,25.8,50.3,48.0,52.6,9.4,8.5,10.3,1542,11.9,10.3,13.7,1960,14.7,13.6,15.9,2421,3.5,3.2,3.8,575,4
164,76,68,53,5,6,51,-13,0,13.8,7.3,6.5,3.4,-14.9,-11.5,354,22.4,35.1,24.3,18.2,14.1,19.6,19.1,32,2.0,88.7,227.6,206.5,88.0,80.5,6.8,6.3,0,17.4,49.5,47.4,51.7,7.7,6.9,8.4,142,8.4,7.2,9.7,156,13.0,12.0,14.0,241,3.2,3.0,3.4,59,6
7921,4246,1258,499,1171,62,1380,762,3074,9.0,9.0,0.0,0.3,7.0,7.4,6394,9.4,31.6,30.7,28.3,10.1,11.3,9.1,1708,2.9,105.7,264.9,238.3,94.6,86.4,7.9,7.1,16,22.0,37.8,35.5,39.9,6.8,6.0,7.5,5557,6.4,5.3,7.5,5244,9.3,8.4,10.1,7663,2.9,2.7,3.1,2374,5
3947,1689,350,544,701,117,1260,645,841,9.9,10.5,-0.6,0.2,16.8,17.0,2357,8.4,25.1,41.9,24.6,11.0,16.0,15.3,795,4.1,85.2,303.4,271.5,109.4,101.0,9.2,8.3,4,28.4,41.8,39.5,43.9,8.3,7.4,9.2,2654,8.5,7.1,10.0,2741,11.9,10.7,12.9,3814,3.3,3.1,3.6,1068,5
21103,12129,18613,3145,11698,380,9950,-1042,11134,9.7,9.6,0.0,2.0,-5.9,-3.9,15250,8.1,29.8,28.8,33.3,9.8,12.5,12.3,5431,4.0,88.8,352.1,302.9,105.7,93.7,8.6,7.1,32,23.4,38.9,37.0,40.7,6.7,6.0,7.4,14446,6.7,5.6,7.9,14489,10.2,9.3,11.1,22006,2.8,2.6,3.0,5951,3
13072,6746,1272,936,48701,17955,39981,804,2808,11.1,8.1,2.9,3.8,-1.9,1.9,9341,8.0,31.8,33.6,26.6,8.6,10.5,9.1,2109,2.4,97.5,314.1,273.7,118.5,104.7,9.4,8.4,20,23.1,34.2,33.1,35.3,6.4,6.0,6.8,8376,5.4,4.9,5.9,7107,10.4,9.9,10.9,13553,3.0,2.9,3.1,3947,4
1292,814,472,62,23,1,525,-79,188,9.8,11.5,-1.7,0.1,-3.8,-3.7,1413,13.5,45.6,29.5,11.3,17.0,25.2,22.7,403,6.0,72.2,292.7,248.6,93.7,83.7,8.3,7.1,0,28.2,57.2,54.8,59.4,11.3,10.3,12.5,1308,13.1,11.5,15.0,1516,15.5,14.3,16.7,1789,3.9,3.6,4.3,455,6
5359,2752,329,1552,526,56,1737,851,1960,11.5,9.3,2.2,-0.2,10.4,10.2,2356,5.0,24.5,32.0,38.6,10.5,13.4,11.7,1178,3.3,115.6,247.1,236.2,91.5,88.0,9.8,9.4,8,24.6,36.0,33.8,38.2,6.7,5.9,7.4,3590,6.2,5.2,7.4,3369,9.8,8.9,10.7,5299,2.8,2.6,3.1,1531,5
62683,41750,120100,4887,54887,1019,20289,366,19596,10.3,7.5,2.8,5.1,-7.6,-2.5,64890,10.1,21.7,20.9,47.4,10.0,12.7,12.2,19017,4.0,119.4,352.1,302.9,105.7,93.7,8.6,7.1,173,20.8,31.7,30.0,33.4,5.5,4.9,6.1,40301,5.5,4.5,6.5,39898,8.6,7.9,9.3,62779,2.6,2.5,2.8,19329,3
1569,1009,323,689,177,39,588,29,558,11.5,11.5,-0.1,0.1,1.6,1.7,1797,14.6,29.2,38.4,17.7,20.8,29.9,28.2,430,5.0,55.7,285.7,262.5,95.4,88.9,7.8,7.1,506,26.3,42.9,41.0,44.6,8.6,7.9,9.3,1200,8.1,7.2,9.2,1139,12.9,12.1,13.7,1804,4.0,3.8,4.2,559,6
2731,1992,263,107,300,10,441,-236,1005,10.0,10.4,-0.5,0.3,-6.0,-5.7,1422,5.5,32.1,30.9,31.6,7.1,7.7,7.1,782,4.1,111.0,284.4,240.5,99.6,87.2,7.0,5.8,0,23.1,41.5,38.9,43.9,6.8,6.1,7.5,1980,7.3,6.1,8.5,2119,9.3,8.4,10.2,2712,2.8,2.6,3.0,812,3
16831,9282,4124,599,3718,129,3085,-599,2474,7.7,10.0,-2.3,1.6,-2.5,-0.9,9986,7.4,29.7,27.8,35.1,6.9,8.1,6.9,4014,3.8,99.9,352.1,302.9,105.7,93.7,8.6,7.1,21,27.2,33.2,31.1,35.3,6.9,6.1,7.7,10150,6.6,5.4,7.9,9762,9.2,8.3,10.2,13700,2.9,2.6,3.1,4233,5
11676,6614,2748,3439,6983,127,3359,1301,2970,12.0,7.1,4.9,1.3,0.8,2.1,7813,6.3,32.3,32.5,28.9,7.2,8.0,7.5,2898,2.8,108.6,264.9,238.3,94.6,86.4,7.9,7.1,64,19.3,37.3,35.3,39.3,5.9,5.3,6.5,8447,5.8,5.0,6.8,8331,8.7,7.9,9.5,12475,2.6,2.4,2.8,3733,4
5349,2443,364,232,424,29,843,306,590,11.1,9.4,1.7,0.2,2.5,2.8,5912,12.3,40.0,30.8,16.9,10.6,14.7,14.5,1232,3.4,118.7,230.8,212.0,80.3,74.4,6.5,6.1,10,22.3,51.0,48.5,53.2,7.8,7.0,8.6,4212,10.1,8.6,11.6,5471,13.0,11.9,14.0,7052,3.0,2.8,3.3,1641,2
7515,3645,737,1590,1035,204,2777,1374,935,12.1,11.2,0.9,0.7,15.7,16.4,6631,12.2,29.5,41.5,16.8,12.5,16.9,15.0,2122,6.3,77.0,278.8,246.3,100.6,91.7,6.9,6.1,6,27.0,42.6,40.6,44.4,8.6,7.8,9.5,5393,8.5,7.2,9.8,5307,12.5,11.5,13.4,7818,3.5,3.2,3.8,2185,5
2614,1871,1262,180,402,17,530,-21,594,11.4,8.8,2.6,0.1,-3.3,-3.2,2049,8.4,34.3,32.3,25.0,9.6,12.2,10.9,605,2.9,92.9,302.7,265.0,104.9,96.0,7.4,6.6,0,22.9,41.1,38.8,43.3,6.8,6.1,7.6,1885,5.8,4.8,6.8,1602,9.9,9.0,10.8,2725,2.9,2.7,3.2,808,5
521,332,34,72,23,3,78,-131,86,10.2,17.1,-6.9,0.2,-21.6,-21.4,200,5.6,28.0,43.3,23.1,13.5,18.4,16.8,82,3.7,79.3,207.9,199.6,79.8,76.2,10.6,10.4,0,34.7,38.4,36.1,40.8,9.2,8.3,10.3,332,8.8,7.4,10.3,317,12.2,11.1,13.3,437,3.7,3.4,4.0,132,6
5487,3318,1347,152,764,39,746,-193,3684,8.4,11.1,-2.7,0.3,-0.5,-0.2,4394,10.0,43.4,24.1,22.5,12.3,14.6,12.5,1595,4.8,83.4,320.5,273.3,100.8,88.2,8.7,7.2,22,24.6,44.1,41.8,46.3,7.6,6.9,8.4,4107,8.3,7.0,9.6,4448,11.2,10.2,12.1,6014,3.1,2.8,3.3,1649,4
6150,3510,5680,3235,6061,113,5059,807,8822,9.5,5.5,4.0,2.4,0.3,2.7,3066,4.5,18.0,27.1,50.4,17.0,12.4,9.9,1995,3.1,98.2,227.6,206.5,88.0,80.5,6.8,6.3,10,15.7,34.9,33.1,36.8,5.0,4.6,5.5,4984,5.3,4.5,6.1,5244,7.9,7.2,8.5,7805,2.3,2.1,2.4,2258,4
255,96,74,354,105,26,236,-38,44,6.8,13.0,-6.2,4.3,-9.9,-5.6,219,10.3,31.9,30.3,27.6,7.2,9.5,8.9,122,8.7,88.2,276.9,256.7,112.8,105.6,9.6,8.5,0,23.8,38.3,36.2,40.4,7.4,6.7,8.1,188,7.4,6.4,8.7,190,10.9,10.0,11.8,278,3.0,2.8,3.2,77,6
1639,788,128,97,65,12,288,133,244,10.2,13.8,-3.7,0.0,11.6,11.6,2402,19.7,39.1,30.2,11.0,15.8,22.4,22.8,305,4.2,80.1,253.1,225.8,85.1,77.8,8.1,7.4,0,25.8,56.1,53.7,58.4,10.7,9.6,11.6,1448,13.0,11.3,14.8,1768,15.1,13.9,16.3,2055,3.8,3.5,4.1,511,4
5092,2785,20258,480,344,28,663,149,2233,12.8,11.7,1.1,0.4,0.8,1.2,7496,16.7,30.5,32.2,20.5,19.9,28.6,28.7,1222,4.8,94.8,191.3,174.8,65.9,61.2,7.1,6.7,14,21.7,53.6,51.8,55.3,9.0,8.3,9.9,4638,9.8,8.5,11.2,5029,14.8,13.8,15.8,7585,3.6,3.4,3.9,1857,5
1972,1196,1974,592,234,43,464,-214,2754,12.4,8.6,3.8,0.8,-10.9,-10.1,4976,23.8,33.9,25.8,16.5,18.4,26.2,25.1,604,4.8,70.6,224.8,199.9,72.9,66.5,6.2,5.4,5,17.7,50.6,48.7,52.3,7.8,7.2,8.4,1918,7.3,6.5,8.1,1792,14.2,13.4,15.0,3492,3.4,3.2,3.6,838,5
4018,2710,1966,421,1275,44,1643,-128,1470,11.5,9.1,2.4,-0.2,-4.5,-4.7,3419,9.2,31.0,33.5,26.2,11.0,15.8,14.6,924,3.1,92.8,227.6,206.5,88.0,80.5,6.8,6.3,18,22.4,46.4,44.4,48.4,7.2,6.5,8.0,3023,7.4,6.3,8.5,3097,11.7,10.7,12.6,4882,3.0,2.8,3.3,1264,5
1214,685,1868,72,32,0,257,-92,255,9.6,13.3,-3.7,-0.1,-3.2,-3.2,2275,24.5,36.3,29.1,10.2,17.6,25.8,25.0,233,3.9,78.6,217.1,196.7,77.2,71.2,7.6,6.9,4,26.0,52.7,50.5,54.6,10.6,9.7,11.6,1117,12.2,10.6,13.8,1287,16.4,15.3,17.4,1732,4.0,3.7,4.3,418,6
552,406,36,19,29,9,59,43,51,10.9,12.6,-1.8,0.2,8.6,8.8,422,9.8,39.2,36.1,14.9,12.8,15.6,14.4,64,2.0,79.5,218.2,193.1,84.8,77.9,6.9,6.5,0,28.1,48.7,46.5,50.8,9.0,8.1,10.0,425,8.3,7.1,9.6,393,12.3,11.3,13.4,585,3.5,3.2,3.8,164,6
1681,1196,161,35,46,16,167,-94,270,10.4,11.1,-0.7,0.6,-5.3,-4.7,1113,8.8,43.6,30.5,17.2,9.4,13.2,12.0,321,3.2,89.8,218.2,193.1,84.8,77.9,6.9,6.5,0,30.3,45.2,42.8,47.8,9.0,8.1,10.0,1246,8.3,7.0,9.8,1154,12.2,11.0,13.4,1691,3.5,3.2,3.8,482,6
2665,1208,747,324,248,28,475,300,268,12.1,12.3,-0.1,0.6,10.0,10.5,3099,16.1,36.0,31.4,16.5,15.9,25.0,23.4,454,3.4,76.0,224.8,199.9,72.9,66.5,6.2,5.4,8,25.7,50.8,48.9,52.8,9.5,8.6,10.4,2112,9.6,8.3,11.0,2132,14.4,13.4,15.4,3199,3.6,3.4,3.9,806,5
696,291,3450,42,18,3,84,15,0,8.1,13.1,-4.9,0.0,7.5,7.5,926,19.5,44.3,24.1,12.0,24.8,39.5,39.0,143,5.0,63.6,228.7,202.9,79.1,71.9,7.0,6.1,0,31.8,54.9,53.1,56.7,10.8,10.0,11.5,566,11.7,10.5,13.0,617,20.9,19.8,22.0,1100,4.9,4.6,5.2,255,6
422,290,153,236,61,9,88,-27,106,18.6,5.1,13.5,3.0,-20.3,-17.3,1142,25.9,35.2,21.1,17.7,15.8,26.1,24.1,116,4.4,74.3,224.8,199.9,72.9,66.5,6.2,5.4,0,21.4,48.9,46.7,50.9,8.4,7.8,9.1,406,7.7,6.8,8.6,370,14.7,13.8,15.6,708,3.6,3.4,3.8,172,6
19550,10129,118622,1042,8447,387,6632,-65,14891,12.8,8.8,4.0,1.8,-5.9,-4.1,19951,10.4,24.3,32.1,33.2,14.4,20.0,19.8,5252,3.7,92.4,228.7,202.9,79.1,71.9,7.0,6.1,78,19.6,39.1,37.6,40.6,6.4,5.9,6.9,14538,7.0,6.1,7.8,15929,12.6,11.9,13.4,28675,3.1,2.9,3.3,7079,3
4536,2899,1837,665,380,7,1161,-305,1947,9.8,11.0,-1.2,0.3,-4.4,-4.1,3277,7.9,36.6,33.9,21.5,9.9,14.1,12.3,1245,4.2,87.1,375.1,304.1,112.9,94.8,10.2,7.4,10,23.8,45.4,43.3,47.2,7.8,7.1,8.6,3581,9.1,7.8,10.4,4149,11.7,10.8,12.6,5362,3.1,2.9,3.4,1420,5
595,413,41,33,21,8,90,83,110,11.4,9.0,2.3,0.0,11.5,11.5,270,6.4,33.7,40.5,19.4,9.9,14.4,13.7,131,4.0,78.1,302.7,265.0,104.9,96.0,7.4,6.6,0,29.4,43.9,41.4,46.2,8.2,7.4,9.1,382,6.7,5.7,7.8,312,11.0,9.9,12.0,511,3.3,3.1,3.6,155,6
219,99,20,2731,22,2,138,-42,1,23.7,14.1,9.6,0.7,-20.1,-19.4,390,16.9,34.2,31.9,17.0,33.6,41.4,36.7,57,4.1,59.6,240.4,219.1,92.8,84.8,9.2,8.6,0,15.9,59.6,57.7,61.3,12.1,11.2,13.0,317,11.3,10.0,12.5,296,18.4,17.3,19.5,484,4.9,4.6,5.2,128,6
10477,5312,32667,337,2091,153,1838,983,5893,11.2,7.9,3.3,1.1,2.1,3.2,10913,10.5,26.3,34.0,29.2,9.6,12.0,11.2,2595,3.4,148.2,191.3,174.8,65.9,61.2,7.1,6.7,18,19.5,47.0,45.1,48.9,6.6,6.0,7.2,7786,7.2,6.2,8.3,8554,11.0,10.1,11.8,12996,2.8,2.6,2.9,3264,3
2343,1432,949,230,91,17,528,-114,1894,11.0,10.7,0.4,-0.3,-4.5,-4.8,3048,16.6,39.9,29.4,14.1,24.6,34.8,31.8,370,4.1,64.0,273.1,236.3,86.6,79.0,7.0,6.3,4,26.3,55.3,53.1,57.3,10.7,9.6,11.7,2153,12.4,10.7,14.1,2507,14.8,13.6,16.0,2989,3.9,3.6,4.3,795,6
542,263,20,76,8,1,133,-113,40,13.1,16.0,-2.9,-0.2,-15.5,-15.7,708,16.9,37.3,29.3,16.5,22.6,35.3,35.2,129,5.1,62.7,273.1,236.3,86.6,79.0,7.0,6.3,0,25.9,49.5,47.1,52.1,9.7,8.7,10.8,450,11.5,9.7,13.4,533,13.5,12.3,14.7,628,3.6,3.3,3.9,167,6
4498,2270,19319,505,411,59,1051,741,4100,9.7,9.9,-0.2,-0.2,12.9,12.6,6522,15.8,31.3,30.6,22.3,13.0,19.1,18.4,1014,3.4,109.3,255.0,223.5,86.2,78.1,7.1,6.2,6,22.5,46.2,44.4,48.2,8.1,7.5,8.9,3886,8.7,7.6,10.0,4164,14.0,13.1,14.9,6678,3.5,3.3,3.7,1664,5
2400,889,4253,240,240,30,702,360,2592,10.2,8.1,2.1,0.8,8.3,9.2,2773,12.1,35.9,33.6,18.4,11.9,16.2,15.4,460,3.1,105.0,265.2,240.7,86.8,80.1,6.9,6.0,0,20.0,44.4,42.5,46.2,7.8,7.1,8.5,1998,9.1,7.9,10.3,2313,11.7,10.9,12.5,2987,3.0,2.8,3.2,774,3
416,192,58,326,91,1,140,-29,16,14.3,6.4,7.9,1.3,-14.3,-13.1,558,15.1,38.7,34.7,11.6,11.1,13.7,13.2,117,3.7,135.0,213.5,185.8,72.3,65.0,5.6,5.0,0,19.6,44.5,42.6,46.3,8.1,7.4,8.8,331,9.1,8.0,10.4,374,11.9,11.1,12.6,486,3.2,3.0,3.5,133,6
6855,4522,2223,124,415,23,583,-404,4973,8.6,12.8,-4.2,0.7,-1.9,-1.2,6647,11.9,50.1,22.4,15.5,12.0,18.6,17.3,1713,5.1,82.9,320.5,273.3,100.8,88.2,8.7,7.2,14,28.4,52.5,50.2,54.8,9.1,8.2,10.1,5513,9.7,8.4,11.2,5915,12.7,11.7,13.8,7728,3.5,3.2,3.8,2100,5
935,490,714,221,177,17,210,55,2077,11.7,6.5,5.2,-0.1,-1.6,-1.7,3225,30.5,36.5,23.3,9.8,19.5,24.3,24.2,233,3.6,77.5,224.8,199.9,72.9,66.5,6.2,5.4,0,17.4,49.6,47.6,51.6,7.6,7.0,8.2,895,6.7,6.0,7.4,789,14.7,13.8,15.6,1743,3.3,3.2,3.6,397,6
2290,1102,674,93,261,10,646,11,593,10.7,11.4,-0.7,0.5,0.8,1.2,2713,13.9,47.2,22.8,16.1,15.1,23.0,20.2,582,4.1,85.0,292.7,248.6,93.7,83.7,8.3,7.1,6,22.8,55.6,53.4,57.7,9.0,8.1,9.9,1969,11.1,9.5,12.8,2444,13.4,12.3,14.5,2949,3.3,3.1,3.6,731,5
474,248,166,90,46,0,102,-135,40,12.6,12.6,0.0,0.8,-26.6,-25.9,694,18.7,29.9,34.8,16.6,14.0,20.9,19.9,78,3.2,79.2,224.8,199.9,72.9,66.5,6.2,5.4,0,23.0,50.1,48.0,52.3,9.7,8.8,10.6,376,9.5,8.1,10.9,371,14.4,13.4,15.5,561,3.7,3.5,4.0,145,6
602,480,312,272,112,5,269,-167,999,11.4,11.0,0.3,0.8,-19.7,-18.9,627,10.8,29.8,28.7,30.6,15.2,17.0,17.1,100,2.2,99.6,206.7,189.1,73.9,68.5,6.2,5.8,0,21.9,43.7,41.3,46.0,7.4,6.6,8.2,524,7.4,6.3,8.6,526,9.9,9.0,10.8,699,2.8,2.6,3.0,197,6
788,392,57,40,22,7,121,-46,152,13.3,10.4,2.9,0.1,-8.6,-8.5,844,15.3,40.8,25.8,18.1,14.9,26.0,24.4,122,3.0,94.2,273.1,236.3,86.6,79.0,7.0,6.3,0,26.3,49.4,46.8,51.8,9.7,8.7,10.7,602,11.1,9.4,12.9,688,13.1,11.9,14.2,809,3.5,3.2,3.8,218,6
549,305,24,56,33,5,70,19,31,13.7,10.8,3.0,0.3,-0.2,0.2,244,6.2,38.8,34.7,20.3,10.7,14.4,13.6,82,2.9,96.9,192.6,181.6,73.9,68.9,5.8,5.5,0,26.3,41.5,39.3,43.7,8.3,7.5,9.2,369,7.9,6.8,9.2,351,12.1,11.1,13.2,538,3.4,3.2,3.7,150,6
41463,22418,62512,14881,128220,6012,40619,10144,15023,13.6,7.4,6.2,1.5,5.9,7.4,96905,21.1,28.2,32.2,18.4,14.3,20.5,20.5,19571,6.0,84.5,279.6,243.8,96.2,87.1,7.2,6.2,121,17.1,43.4,42.1,44.7,6.3,5.9,6.8,34534,6.3,5.6,7.0,34614,12.0,11.4,12.7,66030,3.1,3.0,3.3,17092,3
3437,1458,3573,281,603,103,1101,1023,1819,12.2,7.1,5.1,2.7,13.5,16.2,4683,14.7,31.0,30.0,24.2,10.0,13.6,12.4,868,3.5,131.6,230.9,214.6,77.3,72.9,8.3,7.6,4,20.6,48.7,46.4,50.9,8.2,7.4,9.1,3074,10.1,8.7,11.7,3781,13.0,12.0,14.1,4863,3.0,2.8,3.3,1135,2
982,592,1810,63,26,1,145,-60,179,10.2,14.4,-4.2,0.0,-3.0,-3.0,1175,19.2,39.0,28.5,13.3,22.2,34.3,33.3,195,6.5,64.0,224.8,199.9,72.9,66.5,6.2,5.4,0,32.2,56.5,54.5,58.4,12.3,11.3,13.4,812,11.9,10.4,13.5,788,18.6,17.4,19.8,1228,4.7,4.4,5.1,311,6
2972,1517,13446,103,446,15,423,-143,458,10.6,13.7,-3.1,0.6,-1.7,-1.1,4383,18.6,38.4,29.7,13.2,18.7,30.7,30.3,597,3.9,80.0,217.1,196.7,77.2,71.2,7.6,6.9,0,25.1,55.7,54.2,57.4,9.8,9.1,10.6,2618,10.8,9.6,12.0,2870,17.5,16.6,18.5,4664,4.0,3.8,4.2,1068,5
123656,69816,154663,22370,429012,18924,114421,28934,38771,11.8,6.2,5.6,9.7,-2.2,7.5,108078,7.0,15.2,26.3,51.4,9.2,10.8,10.0,43467,3.5,128.1,278.8,246.3,100.6,91.7,6.9,6.1,450,18.2,30.5,29.1,32.0,4.7,4.3,5.2,83688,4.1,3.4,4.8,72426,8.5,7.9,9.1,151431,2.4,2.2,2.5,41889,1
29686,12393,28226,2552,3087,451,4915,5072,2843,10.0,12.2,-2.2,0.4,23.9,24.4,20067,12.3,32.8,28.4,26.5,12.3,21.6,21.5,3951,3.7,91.4,284.6,252.3,96.8,87.2,7.0,6.6,38,33.3,45.0,43.0,47.1,9.8,8.9,11.0,18376,9.6,8.1,11.4,17955,13.4,12.3,14.6,24950,3.7,3.4,4.0,6824,3
1041,828,132,94,456,38,221,0,244,12.3,13.3,-1.0,0.4,0.5,1.0,752,9.6,35.4,33.8,21.2,10.4,16.1,15.2,207,3.6,73.7,302.7,265.0,104.9,96.0,7.4,6.6,0,28.8,43.5,41.3,45.5,8.4,7.5,9.3,712,6.7,5.7,7.8,575,11.5,10.5,12.4,979,3.4,3.1,3.7,290,6
1944,1068,11338,219,165,36,356,-99,1034,14.1,12.8,1.3,-0.3,-4.8,-5.1,3272,18.4,36.1,30.9,14.6,23.2,35.7,33.8,539,4.7,65.6,228.7,202.9,79.1,71.9,7.0,6.1,10,21.6,44.7,43.1,46.2,8.9,8.3,9.6,1793,10.3,9.2,11.4,2063,16.2,15.3,17.1,3258,4.0,3.8,4.2,802,5
2771,1293,102,153,86,12,345,210,244,8.0,15.8,-7.8,0.0,18.7,18.7,2068,14.1,40.8,31.6,13.4,20.2,33.7,31.8,323,4.5,73.6,273.1,236.3,86.6,79.0,7.0,6.3,0,38.9,51.9,49.2,54.3,12.2,11.0,13.5,1946,13.1,11.2,15.1,2086,16.4,15.0,17.8,2621,4.3,4.0,4.7,687,6
45236,17704,23222,29746,8570,1906,13334,15024,25313,10.3,7.3,3.0,2.0,29.0,31.0,41961,14.6,29.7,36.8,19.0,12.9,17.5,16.7,8952,5.0,99.6,242.0,224.0,78.1,73.2,6.9,6.1,22,24.7,51.1,49.6,52.6,8.0,7.3,8.8,27761,8.3,7.2,9.5,28726,13.5,12.7,14.4,46827,3.6,3.4,3.8,12358,2
6013,2704,3659,290,926,26,1089,410,478,7.7,9.0,-1.3,0.9,7.9,8.8,2897,7.1,34.0,31.0,28.0,10.3,15.2,14.0,1329,5.4,102.9,320.5,273.3,100.8,88.2,8.7,7.2,0,28.1,45.9,43.6,48.3,8.0,7.2,8.9,3671,7.9,6.7,9.2,3611,12.1,11.1,13.1,5554,3.3,3.0,3.5,1499,2
1399,685,2979,122,87,33,316,-246,2218,12.0,12.5,-0.5,-0.1,-13.9,-14.0,2600,21.1,41.1,27.7,10.2,25.6,30.4,30.2,356,6.2,77.7,207.6,188.2,79.9,75.0,7.0,6.5,0,23.2,52.5,50.5,54.5,10.5,9.6,11.3,1408,11.8,10.3,13.2,1579,15.4,14.4,16.4,2070,3.9,3.6,4.1,520,6
758,395,929,41,13,3,117,-163,52,10.4,10.5,-0.1,0.0,-20.1,-20.1,649,11.4,47.2,25.2,16.2,15.5,21.0,18.4,129,3.9,101.1,207.6,188.2,79.9,75.0,7.0,6.5,0,26.3,53.3,51.0,55.5,10.8,9.8,11.8,677,11.1,9.6,12.7,695,14.9,13.8,16.1,936,3.8,3.5,4.1,240,4
1288,448,190,109,42,4,183,250,128,10.3,12.1,-1.8,-0.2,22.3,22.2,1334,15.5,45.4,28.5,10.5,17.8,26.6,24.4,228,4.5,96.6,253.1,225.8,85.1,77.8,8.1,7.4,0,28.3,51.7,49.3,53.9,10.3,9.4,11.3,1009,12.4,10.8,14.1,1218,15.0,13.9,16.2,1471,3.6,3.3,3.9,356,6
3849,2143,1923,111,110,10,679,-559,1840,9.6,14.9,-5.3,0.2,-7.8,-7.6,5633,17.7,43.0,24.2,15.2,22.5,28.5,26.7,1015,6.4,86.0,263.4,231.6,100.1,89.4,10.5,9.2,3,27.2,59.6,57.3,61.6,12.0,10.9,13.2,4095,14.7,12.6,16.8,5006,17.1,15.8,18.4,5847,3.9,3.6,4.2,1314,4
3501,1690,218,1702,158,11,638,-50,729,8.9,13.1,-4.2,0.7,2.0,2.7,2710,11.6,39.0,28.5,20.8,18.3,26.8,25.1,687,4.9,71.1,330.2,305.7,128.9,119.7,12.1,11.7,0,31.3,47.2,45.0,49.3,9.8,8.8,10.9,2515,10.7,9.0,12.4,2729,13.0,11.8,14.1,3317,3.9,3.6,4.2,992,6
4819,2659,560,181,571,22,1106,-143,2405,8.9,9.2,-0.3,0.8,-2.9,-2.1,2741,6.6,27.3,24.7,41.5,10.8,12.3,10.9,896,2.6,101.5,367.1,322.7,130.3,121.5,11.7,9.9,14,25.7,34.0,31.9,36.2,6.6,5.9,7.5,3117,6.6,5.4,7.9,3116,8.8,8.0,9.8,4176,2.8,2.6,3.1,1334,5
4621,2220,1345,680,817,101,976,-330,614,14.5,9.0,5.5,1.0,-11.4,-10.4,8741,20.5,32.7,31.9,14.9,17.3,26.1,25.6,1916,6.3,88.3,224.8,199.9,72.9,66.5,6.2,5.4,0,19.0,46.6,44.7,48.5,7.8,7.2,8.4,3828,7.2,6.4,8.1,3546,14.3,13.4,15.1,6988,3.4,3.2,3.6,1676,3
10140,5336,64297,936,3938,271,3855,1297,6710,11.1,7.9,3.2,1.1,3.0,4.0,11323,10.6,23.6,34.0,31.8,23.2,26.5,25.6,3811,4.2,80.3,255.0,223.5,86.2,78.1,7.1,6.2,71,17.2,44.3,42.5,46.1,6.6,6.1,7.1,9319,7.3,6.4,8.2,10298,11.7,11.1,12.4,16605,3.1,2.9,3.2,4346,4
483,278,1127,37,15,1,103,53,175,9.3,8.4,1.0,0.0,9.0,9.0,649,17.3,43.6,27.0,12.1,15.7,21.1,19.5,94,3.9,95.5,207.6,188.2,79.9,75.0,7.0,6.5,0,27.6,51.4,49.4,53.2,10.7,9.8,11.5,457,11.1,9.8,12.5,476,15.8,14.9,16.8,679,4.0,3.7,4.2,170,5
513,320,9,10,26,1,55,-39,57,11.9,11.7,0.2,-0.4,-8.0,-8.4,358,10.7,41.0,29.4,18.9,14.4,22.5,21.9,84,3.4,75.1,273.1,236.3,86.6,79.0,7.0,6.3,0,30.7,48.8,46.3,51.4,10.6,9.6,11.8,393,11.4,9.8,13.3,423,14.3,13.0,15.6,529,3.9,3.6,4.2,143,6
2189,1167,14780,74,109,5,319,-5,1034,11.4,11.4,0.0,2.0,-2.2,-0.2,3796,20.1,33.2,32.6,14.2,26.5,36.1,35.2,614,5.5,86.4,191.3,174.8,65.9,61.2,7.1,6.7,0,22.6,57.0,55.3,58.7,9.2,8.6,10.0,2033,10.1,9.0,11.3,2215,17.3,16.4,18.3,3815,4.0,3.8,4.3,877,3
12027,8231,4792,193,732,75,2109,-1324,5980,9.8,13.2,-3.5,0.4,-6.9,-6.5,8351,8.7,44.9,25.0,21.4,14.7,22.6,21.7,3031,5.2,74.2,320.5,273.3,100.8,88.2,8.7,7.2,30,28.9,45.8,43.4,48.0,8.8,7.9,9.7,9325,9.1,7.7,10.5,9729,12.8,11.6,13.8,13586,3.4,3.2,3.7,3627,4
503,340,633,14,239,7,161,54,2748,0.8,6.3,-5.5,1.4,11.7,13.1,277,10.0,26.1,24.3,39.5,23.8,13.7,10.2,97,4.7,67.1,263.2,231.8,90.3,81.7,7.3,6.3,0,18.3,36.7,33.5,39.9,5.7,5.2,6.2,368,6.3,5.5,7.3,409,8.2,7.7,8.9,533,2.5,2.3,2.6,159,6
50584,34056,257997,9220,44264,415,26510,-2387,22853,13.9,8.7,5.2,3.1,-10.9,-7.7,76720,12.2,28.2,29.1,30.5,19.1,27.2,25.3,17157,3.6,81.9,264.9,238.3,94.6,86.4,7.9,7.1,381,18.1,42.3,40.9,43.8,6.4,5.9,7.0,46192,6.6,5.8,7.5,47780,11.0,10.3,11.7,79326,3.2,3.0,3.3,22862,1
45132,28261,335030,5956,46356,1066,19359,3859,23476,12.8,8.2,4.6,7.1,-6.9,0.2,75835,14.3,28.1,22.8,34.8,14.9,21.0,20.0,18851,5.2,76.9,306.5,271.0,97.7,87.5,7.6,6.7,267,18.3,40.6,39.0,42.0,6.5,6.1,7.0,39828,6.3,5.6,7.1,38345,13.0,12.2,13.8,79216,3.2,3.1,3.4,19711,1
6022,4313,2302,3979,789,66,1751,115,3720,13.2,7.9,5.4,1.7,-5.9,-4.1,3808,6.0,23.3,35.6,35.1,7.4,7.2,6.2,1297,2.6,110.8,237.6,217.1,87.0,79.6,10.5,9.7,72,20.5,42.4,40.3,44.6,6.4,5.7,7.2,4668,5.6,4.7,6.7,4091,8.7,7.9,9.6,6375,2.6,2.4,2.8,1906,4
1294,1030,128,55,141,3,223,-85,364,12.5,11.4,1.1,0.1,-6.6,-6.5,1353,12.2,29.9,36.7,21.3,15.0,20.9,20.0,350,4.7,74.0,284.4,240.5,99.6,87.2,7.0,5.8,8,26.1,48.0,45.3,50.7,8.9,7.9,9.9,1072,9.8,8.3,11.5,1182,11.9,10.8,13.0,1443,3.5,3.2,3.8,422,6
3847,2416,2277,1192,891,277,978,230,1039,15.1,8.7,6.4,5.9,-8.6,-2.7,6026,15.3,31.0,32.7,20.9,13.0,18.4,16.0,999,3.2,90.1,239.2,214.5,88.2,80.3,6.8,6.2,16,19.4,45.8,44.1,47.3,6.7,6.0,7.4,2997,6.9,5.9,8.0,3103,11.0,10.2,11.8,4937,3.0,2.8,3.2,1331,4
998,460,188,224,102,19,226,-57,22,9.7,12.4,-2.8,2.4,-6.6,-4.2,1018,17.2,39.9,27.1,15.8,24.1,37.7,36.9,155,4.8,69.8,244.8,213.8,91.1,82.1,7.7,7.3,0,31.6,48.1,46.3,49.9,10.4,9.6,11.3,675,9.7,8.6,11.0,632,16.5,15.6,17.6,1074,4.6,4.3,4.9,296,6
4094,2476,251,318,219,14,560,144,608,9.4,12.5,-3.0,0.3,6.4,6.7,2665,8.9,42.9,33.2,15.0,12.0,16.5,15.3,791,4.0,83.4,264.9,238.3,94.6,86.4,7.9,7.1,10,30.2,46.2,43.7,48.5,9.1,8.2,10.0,2984,8.6,7.3,9.8,2799,11.8,10.7,12.8,3857,3.6,3.4,3.9,1186,5
1219,416,48,133,71,12,212,348,66,9.2,7.0,2.2,-0.6,30.1,29.5,438,5.4,29.9,34.7,30.1,8.4,13.9,13.1,200,3.8,108.6,192.6,181.6,73.9,68.9,5.8,5.5,0,36.2,38.8,36.4,41.2,7.7,6.8,8.5,693,6.9,5.8,8.2,627,11.3,10.2,12.4,1022,3.1,2.9,3.4,284,6
3569,2203,185,310,127,45,271,274,309,9.9,14.2,-4.4,1.2,13.5,14.7,2047,10.6,30.6,24.9,33.8,9.6,15.7,14.6,341,2.5,101.3,224.8,199.9,72.9,66.5,6.2,5.4,10,37.3,48.0,45.4,50.4,10.1,9.0,11.3,2173,8.6,7.0,10.3,1835,14.0,12.8,15.4,3012,3.8,3.5,4.1,817,5
1200,775,812,113,104,8,432,-108,1385,11.9,10.3,1.6,-0.2,-8.0,-8.2,761,7.6,37.6,32.9,21.9,15.5,18.3,17.0,323,4.6,84.8,227.6,206.5,88.0,80.5,6.8,6.3,4,21.4,48.8,46.6,50.9,7.8,7.0,8.5,966,8.3,7.2,9.5,1025,11.8,10.8,12.7,1462,3.1,2.9,3.3,385,5
10635,6576,12028,917,1548,166,2049,1450,794,11.5,11.9,-0.4,0.4,14.8,15.1,6633,9.6,22.0,31.5,36.9,10.5,14.9,14.1,1556,3.8,110.3,255.0,223.5,86.2,78.1,7.1,6.2,68,30.3,38.9,36.7,41.0,8.7,7.8,9.8,6755,8.2,6.8,9.6,6334,12.1,11.1,13.2,9369,3.5,3.2,3.8,2692,5
1278,944,1641,1503,364,60,1265,1955,494,18.9,6.5,12.4,1.5,42.8,44.3,1716,7.9,26.4,40.8,24.8,6.5,7.6,7.1,468,2.0,121.6,237.6,217.1,87.0,79.6,10.5,9.7,0,14.7,43.1,41.0,45.0,5.5,5.0,6.1,1394,5.1,4.4,5.9,1298,8.6,7.9,9.2,2160,2.2,2.1,2.4,567,5
3183,1649,822,167,193,16,860,-70,680,10.2,10.0,0.2,0.0,-1.9,-1.9,2501,9.3,47.5,28.2,14.9,10.0,14.8,13.4,759,3.8,102.8,292.7,248.6,93.7,83.7,8.3,7.1,0,24.0,49.1,46.7,51.1,8.5,7.7,9.3,2560,9.9,8.6,11.2,2977,12.5,11.5,13.4,3764,3.1,2.9,3.4,939,5
201400,120673,67789,32905,681242,12403,113005,6018,44926,11.6,6.7,5.0,3.2,-6.3,-3.1,320340,14.9,17.1,28.1,39.9,10.5,13.3,13.0,47541,2.9,118.8,279.6,243.8,96.2,87.1,7.2,6.2,651,19.0,32.0,30.6,33.3,5.5,5.1,6.0,137712,5.1,4.4,5.8,126211,10.1,9.4,10.7,250520,2.7,2.6,2.9,68201,1
7498,4416,7837,417,2171,43,2559,-295,9587,11.7,11.0,0.7,1.2,-4.5,-3.4,8236,11.9,32.2,31.4,24.5,19.2,21.6,18.2,2153,4.4,86.7,230.8,212.0,80.3,74.4,6.5,6.1,54,20.7,46.2,43.9,48.3,7.6,6.9,8.4,6495,9.8,8.3,11.2,8351,12.0,11.1,13.0,10277,3.1,2.9,3.3,2649,4
7468,3774,428,1885,870,180,2813,608,1230,9.6,14.6,-4.9,0.0,14.3,14.3,5253,11.2,30.2,40.7,17.9,15.9,24.1,22.2,1433,5.4,76.5,303.4,271.5,109.4,101.0,9.2,8.3,12,33.7,50.0,47.9,52.1,10.1,9.1,11.1,5285,10.4,8.9,12.1,5472,14.8,13.6,16.0,7776,4.0,3.7,4.3,2094,5
1530,1344,257,65,110,4,210,-119,405,12.5,12.6,-0.1,0.2,-6.0,-5.8,892,6.5,36.3,35.0,22.2,8.0,9.4,8.5,202,1.9,100.8,218.2,193.1,84.8,77.9,6.9,6.5,6,25.9,42.1,39.7,44.2,7.6,6.7,8.4,1151,7.0,5.8,8.2,1064,10.1,9.1,11.0,1531,3.0,2.8,3.3,463,6
1726,987,3131,288,153,5,393,154,1615,10.2,9.9,0.3,0.7,6.9,7.7,2471,17.8,32.8,36.3,13.0,13.7,19.3,18.4,384,5.8,81.3,224.8,199.9,72.9,66.5,6.2,5.4,0,25.5,53.5,51.6,55.2,9.8,9.0,10.6,1499,9.8,8.7,11.1,1505,15.6,14.7,16.5,2382,3.9,3.7,4.1,596,6
8655,4021,302,1385,861,83,2444,2014,992,11.3,8.7,2.6,-0.1,17.4,17.3,4211,6.1,29.9,34.1,29.9,11.2,15.5,13.6,2289,4.8,98.4,247.1,236.2,91.5,88.0,9.8,9.4,22,25.5,36.3,34.0,38.3,7.5,6.7,8.2,5934,6.9,5.8,8.0,5474,9.7,8.8,10.6,7720,3.0,2.8,3.3,2421,5
79,73,0,3,2,0,11,14,22,8.9,11.9,-3.0,0.0,23.7,23.7,33,6.5,34.6,35.0,23.9,8.3,12.8,11.9,15,3.7,77.4,239.2,214.5,88.2,80.3,6.8,6.2,0,46.2,43.4,40.7,46.2,9.7,8.5,10.8,51,8.2,6.8,9.7,44,12.5,11.2,13.8,66,3.8,3.5,4.2,20,6
1132,514,148,162,133,7,198,265,878,9.9,8.7,1.2,0.2,18.9,19.1,664,7.7,34.7,24.7,32.9,10.2,11.9,11.2,227,3.4,106.5,240.4,219.1,92.8,84.8,9.2,8.6,0,28.2,41.4,38.7,44.0,7.9,7.0,8.8,822,6.2,5.1,7.4,644,10.7,9.6,11.8,1115,3.1,2.9,3.4,325,6
192,99,9,16,12,2,33,62,1,14.4,5.8,8.6,2.9,14.0,16.9,19,1.4,30.6,43.5,24.4,8.9,11.4,10.6,39,3.3,85.0,216.2,199.9,65.3,62.2,5.8,5.4,0,21.3,38.3,35.9,40.5,7.1,6.4,7.9,124,6.2,5.3,7.2,109,10.8,9.8,11.7,189,3.1,2.9,3.3,54,6
69,27,1,1,1,0,7,11,3,16.8,9.2,7.6,0.0,10.7,10.7,16,3.2,37.1,34.5,25.2,10.6,17.9,19.2,11,2.6,95.0,239.2,214.5,88.2,80.3,6.8,6.2,0,31.2,45.9,43.1,48.4,9.1,8.2,10.1,45,8.4,7.2,9.7,42,12.6,11.3,13.7,63,3.6,3.3,3.9,18,6
834,394,160,35,33,6,120,-123,931,7.0,9.2,-2.2,-0.2,-12.0,-12.3,1102,17.3,45.1,21.9,15.7,19.0,25.2,23.5,158,4.0,101.6,263.4,231.6,100.1,89.4,10.5,9.2,0,28.7,52.0,49.4,54.4,10.4,9.4,11.4,735,12.7,11.1,14.5,904,14.3,13.1,15.4,1012,3.4,3.1,3.7,241,5
852,728,99,44,167,8,164,-77,110,10.9,9.8,1.0,0.9,-9.7,-8.8,489,6.9,34.2,36.9,22.0,8.8,12.1,11.5,167,2.9,82.2,302.7,265.0,104.9,96.0,7.4,6.6,0,26.8,45.2,42.8,47.8,7.9,7.0,8.8,614,6.3,5.3,7.4,490,10.9,9.9,11.9,846,3.2,3.0,3.5,250,6
120,104,9,12,3,5,20,16,14,13.1,13.1,0.0,0.0,11.6,11.6,39,4.1,38.0,36.5,21.5,13.8,19.2,19.8,17,1.8,62.1,285.7,262.5,95.4,88.9,7.8,7.1,0,27.0,37.4,35.1,39.8,8.6,7.8,9.5,93,8.3,7.1,9.5,89,10.9,10.0,11.9,117,3.7,3.4,4.0,39,6
81,28,44,109,110,1,88,-7,106,13.6,0.5,13.1,12.6,-29.6,-17.0,25,1.6,26.1,28.8,43.5,6.9,7.3,7.0,85,7.8,100.8,276.9,256.7,112.8,105.6,9.6,8.5,0,20.9,34.8,32.3,37.4,6.1,5.5,6.8,103,6.4,5.4,7.5,108,9.4,8.5,10.3,157,2.6,2.5,2.8,44,6
242,224,19,14,73,1,42,-36,53,10.8,10.4,0.4,5.2,-21.6,-16.4,76,4.5,33.6,33.3,28.6,10.4,12.8,11.6,22,2.1,81.5,237.6,217.1,87.0,79.6,10.5,9.7,0,31.4,45.5,42.7,48.0,9.2,8.2,10.3,171,7.3,6.0,8.6,135,12.2,11.0,13.3,226,3.5,3.2,3.8,65,6
1906,907,445,61,143,14,324,-387,611,12.8,16.2,-3.4,0.0,-11.4,-11.4,4385,23.2,34.8,29.6,12.3,28.9,37.0,36.9,522,6.3,66.0,230.9,214.6,77.3,72.9,8.3,7.6,32,22.5,60.6,58.5,62.6,11.6,10.4,12.8,2331,15.0,12.9,17.2,3016,16.7,15.3,18.0,3349,3.9,3.6,4.3,790,6
1532,754,2116,77,235,14,243,139,178,12.3,11.7,0.5,0.7,6.0,6.8,2864,21.9,42.3,23.9,11.8,21.8,31.1,29.8,311,4.2,67.2,228.7,202.9,79.1,71.9,7.0,6.1,0,22.4,50.3,48.2,52.4,9.9,9.0,10.8,1448,11.9,10.4,13.6,1741,15.5,14.4,16.5,2257,3.9,3.7,4.2,575,6
3396,2179,200,2426,340,49,1087,34,1063,11.8,11.4,0.4,0.1,0.4,0.5,2153,7.7,32.9,37.5,21.9,13.3,15.1,13.5,579,2.8,98.1,192.6,181.6,73.9,68.9,5.8,5.5,9,25.5,44.9,42.9,47.0,7.8,7.1,8.5,2469,7.6,6.5,8.7,2419,11.8,10.8,12.8,3764,3.3,3.0,3.5,1036,4
2960,1437,417,82,71,10,334,16,2104,9.3,11.0,-1.7,2.6,-0.4,2.2,3387,13.6,48.8,22.1,15.4,16.2,23.1,21.6,802,5.2,107.0,263.4,231.6,100.1,89.4,10.5,9.2,0,25.9,53.4,51.2,55.7,10.2,9.2,11.2,2778,12.6,10.9,14.4,3451,15.2,14.0,16.3,4150,3.4,3.1,3.6,919,4
40506,24722,81383,1195,20927,197,13564,176,10350,10.8,10.7,0.1,1.9,-1.7,0.3,31983,8.4,30.6,28.9,32.1,12.0,17.5,16.6,12634,4.7,104.9,292.7,248.6,93.7,83.7,8.3,7.1,170,23.4,45.8,43.9,47.7,7.8,7.1,8.6,33444,8.7,7.4,10.0,37203,12.6,11.7,13.6,54137,3.1,2.9,3.4,13394,3
512,324,96,890,200,0,215,39,164,12.7,7.8,4.9,4.7,-3.5,1.2,418,9.4,32.8,36.8,21.0,9.9,11.4,10.9,121,3.0,100.6,240.4,219.1,92.8,84.8,9.2,8.6,0,23.5,44.5,42.4,46.6,8.4,7.7,9.2,410,6.8,5.9,7.8,330,11.5,10.7,12.4,562,3.3,3.1,3.6,163,6
1144,607,3497,49,123,10,170,-139,1174,7.5,10.1,-2.5,-0.3,-9.7,-10.0,1627,19.6,37.5,30.5,12.4,23.9,36.6,33.7,176,4.3,69.2,228.7,202.9,79.1,71.9,7.0,6.1,6,24.6,52.6,50.7,54.5,10.1,9.3,11.0,917,11.5,10.2,12.9,1043,17.2,16.2,18.1,1557,4.3,4.1,4.6,392,4
1519,614,110,200,98,11,284,175,71,12.3,6.8,5.5,-0.3,3.9,3.6,777,6.2,31.8,39.5,22.6,7.9,9.2,8.2,332,3.8,111.8,207.9,199.6,79.8,76.2,10.6,10.4,0,22.6,37.8,35.6,40.0,7.2,6.5,8.0,1036,7.5,6.3,8.7,1071,10.1,9.2,11.1,1450,3.0,2.7,3.2,425,6
10514,4964,59554,575,2154,132,1877,-354,3164,11.4,11.2,0.2,0.6,-3.4,-2.8,14347,15.4,33.1,28.5,23.1,18.0,26.3,24.6,2412,3.7,91.4,229.5,205.0,80.1,72.3,7.0,6.2,98,22.0,50.4,48.6,52.0,7.8,7.2,8.5,8267,8.5,7.4,9.6,8935,14.9,14.0,15.8,15679,3.6,3.4,3.8,3769,4
1126,574,85,180,57,2,177,2,183,11.5,12.1,-0.6,-0.1,0.9,0.8,808,10.1,29.1,42.1,18.8,13.0,17.2,15.3,246,4.7,88.7,207.9,199.6,79.8,76.2,10.6,10.4,0,27.4,43.8,41.7,45.8,8.3,7.5,9.2,738,8.5,7.3,9.9,757,11.7,10.7,12.7,1039,3.3,3.1,3.6,296,6
3312,1408,5826,227,247,27,839,893,211,10.5,10.1,0.4,0.2,23.8,24.0,4070,15.8,33.9,26.8,23.4,11.3,14.9,13.1,539,2.7,87.8,263.2,231.8,90.3,81.7,7.3,6.3,0,26.5,47.5,45.3,49.8,8.6,7.8,9.5,2525,9.3,7.9,10.8,2740,13.4,12.4,14.5,3949,3.5,3.3,3.8,1026,6
371,296,160,46,21,6,86,-65,22,9.6,11.1,-1.5,2.3,-17.6,-15.2,383,14.1,34.3,33.4,18.2,15.5,21.3,19.2,55,3.3,74.6,224.8,199.9,72.9,66.5,6.2,5.4,0,30.3,49.9,47.7,51.9,9.9,9.1,10.9,301,8.7,7.6,10.0,264,15.0,14.0,16.0,455,3.9,3.6,4.2,117,6
2720,1577,339,256,1199,16,633,-178,3047,9.6,9.5,0.1,4.4,-9.4,-5.0,1517,7.2,33.7,25.9,33.2,19.0,15.5,13.5,824,5.1,74.7,287.0,249.7,97.8,87.6,7.9,6.7,5,22.4,39.9,37.3,42.3,7.8,7.0,8.5,2250,8.6,7.5,10.0,2503,10.2,9.3,11.0,2951,3.0,2.8,3.2,868,5
21385,14030,34372,1198,61439,271,6805,464,5281,9.6,7.9,1.7,4.3,-4.6,-0.3,12158,5.3,20.0,20.2,54.5,4.9,5.2,4.8,5811,3.4,146.4,306.5,271.0,97.7,87.5,7.6,6.7,28,20.3,33.9,32.3,35.4,5.5,5.0,6.0,14162,4.8,4.0,5.6,12290,9.5,8.9,10.1,24528,2.5,2.3,2.6,6354,2
1146,493,50,321,56,2,192,60,252,8.3,9.5,-1.3,0.1,8.0,8.2,402,5.9,30.6,38.5,25.0,10.1,17.4,17.1,163,4.0,103.1,240.4,219.1,92.8,84.8,9.2,8.6,0,36.9,44.6,42.0,47.1,9.6,8.6,10.6,708,7.1,5.9,8.5,528,12.6,11.3,13.7,928,3.7,3.4,4.0,270,4
2211,1121,220,594,301,34,705,34,728,8.4,9.0,-0.6,0.8,1.8,2.6,1316,9.6,26.5,40.4,23.4,14.9,23.2,21.9,406,5.3,68.3,279.6,243.8,96.2,87.1,7.2,6.2,0,35.7,38.8,36.5,41.1,9.1,8.1,10.0,1327,8.7,7.4,10.2,1275,12.6,11.5,13.6,1843,3.8,3.6,4.2,561,6
2607,1244,653,109,260,11,521,161,2067,11.6,10.8,0.8,0.5,3.7,4.2,2189,9.9,42.3,29.9,17.9,15.5,22.4,21.8,518,3.4,91.6,230.8,212.0,80.3,74.4,6.5,6.1,6,22.2,43.2,40.9,45.4,7.9,7.2,8.8,2033,10.1,8.7,11.6,2599,12.7,11.7,13.7,3258,3.1,2.9,3.4,798,5
93,90,3,5,4,1,8,23,0,19.9,3.3,16.6,1.1,7.7,8.8,82,11.8,26.6,43.5,18.1,16.2,18.7,19.7,13,2.2,78.8,239.2,214.5,88.2,80.3,6.8,6.2,0,30.7,49.9,47.3,52.4,11.0,9.8,12.3,78,9.6,8.1,11.3,68,14.1,12.7,15.3,100,4.1,3.8,4.6,29,6
716,392,3224,41,74,14,94,-3,386,13.1,13.0,0.1,-0.1,-0.4,-0.5,966,17.6,40.4,29.5,12.5,27.9,42.2,42.6,162,5.1,56.7,228.7,202.9,79.1,71.9,7.0,6.1,0,24.9,53.0,51.2,54.7,9.9,9.2,10.6,593,11.1,10.0,12.3,667,17.6,16.7,18.6,1058,4.4,4.1,4.6,261,6
413,227,21,17,14,0,55,-28,87,11.6,11.4,0.3,0.0,-7.3,-7.3,320,12.0,46.1,26.2,15.8,16.6,27.5,26.4,54,2.8,72.2,273.1,236.3,86.6,79.0,7.0,6.3,0,27.9,47.7,45.2,50.2,9.9,8.9,11.0,299,11.2,9.6,12.9,339,13.5,12.3,14.6,409,3.6,3.3,4.0,110,6
176,156,8,26,26,2,50,6,57,11.5,9.5,2.0,0.0,1.0,1.0,91,6.4,27.5,34.5,31.5,13.1,19.5,17.8,26,2.4,88.1,227.6,206.5,88.0,80.5,6.8,6.3,0,28.1,49.2,46.6,51.6,8.4,7.4,9.4,128,7.8,6.6,9.3,119,12.3,11.2,13.5,188,3.4,3.1,3.7,52,6
40336,14349,9606,519,1228,88,1281,3821,8197,3.6,15.1,-11.5,0.1,41.3,41.4,9130,8.4,30.2,30.2,31.1,9.3,26.6,26.1,1592,5.1,99.8,265.2,240.7,86.8,80.1,6.9,6.0,0,64.2,49.7,46.5,52.7,13.7,12.0,15.8,16450,11.8,9.3,14.7,14072,16.6,14.7,18.7,19838,4.8,4.3,5.3,5704,4
4837,2684,15035,821,449,249,942,-6,374,11.0,9.8,1.2,1.9,-3.2,-1.3,10317,25.8,32.5,30.6,11.1,20.4,30.7,27.3,1080,4.3,79.2,255.0,223.5,86.2,78.1,7.1,6.2,9,23.2,52.8,51.3,54.5,10.8,10.0,11.6,4837,11.7,10.5,13.1,5271,17.3,16.4,18.3,7787,4.4,4.2,4.7,1998,6
2577,1310,295,68,62,7,220,-279,433,8.7,13.7,-5.0,0.0,-5.4,-5.3,4174,20.7,36.1,29.7,13.5,21.5,21.7,20.0,478,4.3,53.7,263.2,231.8,90.3,81.7,7.3,6.3,5,27.3,51.0,48.7,53.3,10.2,9.1,11.3,2205,11.7,9.9,13.6,2534,14.0,12.8,15.2,3043,3.8,3.5,4.2,831,6
230,213,18,3,3,0,16,-21,56,10.1,13.5,-3.4,0.4,-5.9,-5.5,106,6.3,33.8,42.6,17.4,12.8,19.2,19.0,32,2.6,75.7,239.2,214.5,88.2,80.3,6.8,6.2,0,31.2,44.5,42.1,46.8,8.7,7.8,9.7,159,7.8,6.5,9.1,141,11.5,10.4,12.5,209,3.5,3.2,3.8,63,6
546,218,1420,124,74,86,190,82,20,13.9,8.0,5.9,1.0,3.0,4.0,1615,30.9,40.3,18.9,9.9,26.1,42.2,41.1,154,3.5,62.7,228.7,202.9,79.1,71.9,7.0,6.1,0,17.5,50.4,48.7,52.1,9.8,9.1,10.5,596,11.8,10.5,13.0,719,16.8,16.0,17.6,1028,4.1,3.9,4.4,252,6
43294,21221,56081,23649,48101,2531,28226,7776,32382,15.0,7.0,8.0,1.1,-0.4,0.7,139584,26.2,27.7,30.0,16.1,20.5,27.4,26.5,30865,8.0,68.6,279.6,243.8,96.2,87.1,7.2,6.2,144,14.9,45.8,44.3,47.3,6.6,6.2,7.1,42090,7.1,6.3,7.9,45020,12.3,11.6,13.0,78504,3.3,3.1,3.4,20771,3
1243,574,153,25,21,4,147,-159,815,9.8,12.9,-3.1,0.4,-7.8,-7.4,2869,26.9,32.4,27.8,12.9,32.1,41.4,35.7,304,6.9,64.2,230.9,214.6,77.3,72.9,8.3,7.6,0,23.6,60.6,58.3,62.9,12.6,11.4,13.9,1522,16.5,14.3,19.0,1999,18.8,17.3,20.2,2270,4.3,4.0,4.7,521,6
5852,3249,649,1148,1485,261,1671,803,963,14.4,8.7,5.7,1.9,1.9,3.7,6501,12.2,27.9,39.3,20.6,13.6,16.9,15.4,1096,2.7,92.9,192.6,181.6,73.9,68.9,5.8,5.5,30,20.2,40.3,38.5,42.0,6.9,6.3,7.6,4301,7.0,6.0,8.0,4360,11.6,10.8,12.5,7264,3.1,2.9,3.3,1918,5
763,411,5199,49,36,14,119,-106,271,10.6,11.9,-1.3,0.0,-11.0,-11.0,1424,23.4,31.9,32.4,12.3,27.8,44.5,43.3,241,6.6,60.2,228.7,202.9,79.1,71.9,7.0,6.1,0,23.9,53.4,51.5,55.3,10.2,9.5,11.1,678,11.6,10.3,13.0,770,19.6,18.4,20.6,1296,4.8,4.5,5.1,315,4
5601,3095,722,163,458,14,1070,-307,1725,9.8,12.3,-2.5,0.4,-2.9,-2.5,3917,9.1,41.8,29.9,19.2,15.9,21.7,20.0,1522,5.6,90.6,292.7,248.6,93.7,83.7,8.3,7.1,11,26.4,46.9,44.7,49.0,9.4,8.5,10.4,4550,10.5,9.0,12.2,5094,13.5,12.4,14.7,6536,3.4,3.1,3.6,1627,5
6482,3744,21209,8123,3236,790,8130,-1324,10320,14.1,9.2,4.9,-0.6,-15.3,-15.9,8012,10.4,32.1,35.0,22.5,16.7,23.6,23.9,1898,3.9,99.0,206.7,189.1,73.9,68.5,6.2,5.8,58,16.5,48.6,47.1,50.1,7.1,6.6,7.6,6494,7.9,7.0,8.8,7234,12.4,11.8,13.0,11440,2.9,2.8,3.1,2708,4
1660,901,6256,95,112,37,298,-36,1853,9.1,11.6,-2.6,0.2,0.6,0.8,2502,16.8,42.3,27.3,13.7,26.5,33.9,31.2,372,5.2,60.8,228.7,202.9,79.1,71.9,7.0,6.1,6,22.4,53.4,51.7,55.1,9.3,8.6,10.0,1553,10.7,9.5,11.8,1781,16.4,15.5,17.2,2732,3.9,3.7,4.2,658,6
4071,1577,2936,286,1157,48,1145,-19,4587,8.6,6.2,2.4,0.5,-3.2,-2.7,2653,6.1,21.3,30.4,42.2,5.6,5.1,3.9,1094,3.3,203.5,230.9,214.6,77.3,72.9,8.3,7.6,8,17.4,47.9,45.3,50.3,6.5,5.8,7.2,3225,7.4,6.1,8.7,3647,10.3,9.3,11.2,5099,2.5,2.3,2.6,1216,2
13374,7349,10929,6913,21743,1053,8756,3425,6696,14.8,6.4,8.4,0.3,3.9,4.2,48433,30.6,25.8,29.6,14.0,21.2,28.5,27.6,9574,8.3,74.6,279.6,243.8,96.2,87.1,7.2,6.2,24,15.1,46.5,44.8,48.1,6.6,6.2,7.2,12913,7.0,6.2,7.7,13508,12.8,12.1,13.5,24850,3.4,3.2,3.6,6602,3
6487,2797,51098,505,1295,118,2273,1606,1633,12.5,8.5,4.0,0.9,9.9,10.8,9646,14.2,33.6,32.6,19.6,14.8,22.4,21.3,2306,4.5,96.5,228.7,202.9,79.1,71.9,7.0,6.1,10,17.6,48.3,46.5,49.9,6.8,6.3,7.3,5517,8.0,7.1,8.9,6492,14.1,13.2,14.9,11412,3.3,3.1,3.5,2665,2
3379,1595,165,569,195,8,465,304,238,9.5,10.4,-0.9,0.5,8.5,9.0,2659,9.7,43.3,31.1,16.0,9.2,12.6,11.8,689,3.3,98.7,264.9,238.3,94.6,86.4,7.9,7.1,0,27.0,43.4,41.1,45.9,8.0,7.2,8.9,2417,7.8,6.6,9.0,2339,10.7,9.8,11.7,3235,3.2,3.0,3.5,966,3
4366,2456,675,503,313,10,610,0,610,10.7,10.6,0.1,0.4,-0.5,0.0,3157,9.8,37.1,33.2,19.9,12.3,15.4,14.5,848,3.4,82.8,264.9,238.3,94.6,86.4,7.9,7.1,5,27.9,43.2,40.8,45.4,8.5,7.6,9.4,2997,8.0,6.8,9.4,2849,11.3,10.3,12.3,4014,3.4,3.2,3.7,1214,6
2023,1334,174,77,95,14,268,9,313,11.7,9.6,2.1,0.3,-2.0,-1.8,1085,6.1,36.3,34.9,22.6,7.9,9.0,8.1,361,2.7,104.5,218.2,193.1,84.8,77.9,6.9,6.5,0,23.3,45.0,42.4,47.4,7.3,6.6,8.1,1435,6.9,5.9,8.1,1361,10.4,9.4,11.4,2041,2.9,2.7,3.2,578,3
10105,5015,14069,1586,3232,363,4490,3853,1915,11.5,6.8,4.8,0.6,18.3,19.0,11499,11.4,30.9,30.2,27.5,8.5,12.0,11.3,2497,3.1,121.8,224.8,199.9,72.9,66.5,6.2,5.4,9,18.1,46.1,44.3,47.7,6.5,6.0,7.0,7948,6.1,5.4,6.9,7520,11.9,11.3,12.7,14653,2.9,2.7,3.0,3503,2
3616,1739,338,167,317,10,608,211,260,9.1,11.3,-2.1,-0.2,8.3,8.1,1548,5.9,30.1,28.5,35.5,8.7,13.0,11.8,527,2.7,118.7,330.2,305.7,128.9,119.7,12.1,11.7,0,26.9,38.9,36.7,41.1,7.7,7.0,8.7,2227,7.8,6.6,9.2,2246,10.2,9.3,11.3,2945,3.0,2.8,3.3,875,3
2039,976,98,129,141,8,256,-1,242,9.4,13.5,-4.0,0.1,4.0,4.0,1293,10.0,40.4,31.3,18.3,17.5,23.8,22.5,311,4.2,72.1,330.2,305.7,128.9,119.7,12.1,11.7,0,34.0,47.7,45.2,49.9,10.9,9.6,12.0,1519,11.2,9.3,13.2,1572,14.7,13.2,16.1,2056,4.0,3.7,4.4,565,6
3044,1507,14481,241,636,34,1025,163,1858,11.9,9.4,2.4,1.7,0.1,1.7,3625,13.5,31.6,34.4,20.5,18.2,28.2,28.9,813,4.8,86.0,255.0,223.5,86.2,78.1,7.1,6.2,10,21.7,48.5,46.6,50.2,7.9,7.3,8.6,2445,8.6,7.6,9.7,2659,13.9,13.1,14.7,4273,3.5,3.3,3.7,1081,5
856,485,156,26,16,12,134,-51,88,12.0,13.6,-1.6,-0.1,-4.1,-4.2,835,13.5,45.2,24.3,17.0,12.3,20.8,19.1,147,3.1,86.5,273.1,236.3,86.6,79.0,7.0,6.3,0,27.8,49.2,46.6,51.7,9.6,8.6,10.5,643,11.1,9.4,12.7,746,13.6,12.5,14.8,917,3.6,3.3,3.9,241,6
3229,1695,409,270,1205,28,738,165,163,9.6,7.0,2.6,0.3,0.5,0.8,2034,6.0,31.6,33.6,28.7,5.3,6.3,5.6,715,2.6,119.5,264.9,238.3,94.6,86.4,7.9,7.1,0,19.6,37.1,34.6,39.5,6.0,5.4,6.7,2302,5.8,4.9,6.8,2198,8.5,7.7,9.3,3245,2.6,2.4,2.8,994,4
1455,756,5403,75,35,1,109,-219,53,12.0,12.2,-0.3,0.1,-13.7,-13.6,2091,19.0,36.4,32.9,11.7,21.6,32.8,32.1,334,5.6,92.7,191.3,174.8,65.9,61.2,7.1,6.7,0,25.1,55.4,53.7,57.0,9.6,8.9,10.4,1167,10.5,9.3,11.8,1276,16.0,15.1,17.0,1950,3.9,3.7,4.2,475,5
334,114,83,7554,152,16,636,40,174,21.0,11.1,9.9,1.1,-6.9,-5.8,872,15.9,42.9,26.6,14.6,22.0,26.9,25.6,477,11.6,73.8,276.9,256.7,112.8,105.6,9.6,8.5,0,11.7,49.4,47.3,51.3,8.2,7.6,8.8,536,10.2,9.1,11.3,665,13.8,13.0,14.7,903,3.6,3.4,3.8,233,6
2447,1110,2264,147,229,29,657,749,359,12.0,10.1,2.0,1.4,19.1,20.4,3363,15.2,42.2,28.3,14.3,14.1,19.9,18.2,528,3.4,99.0,253.1,225.8,85.1,77.8,8.1,7.4,0,23.0,52.5,50.3,54.6,8.5,7.7,9.3,2192,10.7,9.3,12.3,2765,13.5,12.6,14.5,3491,3.2,3.0,3.5,836,5
5733,3390,22984,359,966,67,1000,154,2621,10.8,11.2,-0.4,2.0,0.7,2.6,7646,16.3,30.8,29.4,23.5,18.3,31.0,28.5,1129,3.6,83.7,229.5,205.0,80.1,72.3,7.0,6.2,30,23.2,48.9,47.3,50.5,8.6,7.8,9.3,4686,9.1,8.0,10.3,4958,14.3,13.4,15.2,7831,3.7,3.5,4.0,2027,5
1181,602,3244,87,155,6,270,-37,132,10.2,13.1,-2.9,-0.1,0.4,0.2,2091,21.6,38.8,24.0,15.6,19.5,30.8,29.3,257,4.1,78.3,217.1,196.7,77.2,71.2,7.6,6.9,0,24.3,52.7,50.8,54.6,9.8,9.0,10.7,1050,11.1,9.7,12.6,1184,16.4,15.3,17.4,1745,3.9,3.6,4.1,411,6
1680,684,145,69,40,6,179,138,113,8.7,14.5,-5.9,-0.4,18.7,18.3,958,11.5,34.2,31.5,22.8,14.6,24.2,20.5,178,4.3,79.5,255.0,223.5,86.2,78.1,7.1,6.2,0,38.3,49.7,47.1,52.1,11.6,10.4,13.0,1072,11.8,9.8,13.9,1083,15.1,13.7,16.6,1394,4.2,3.8,4.6,387,6
50729,32388,216943,2022,23622,906,20402,2013,22425,13.0,9.8,3.2,2.5,-3.2,-0.7,49310,9.0,26.4,27.5,37.1,15.4,21.9,19.8,16941,4.1,102.0,292.7,248.6,93.7,83.7,8.3,7.1,297,20.9,44.5,42.7,46.1,7.4,6.8,8.1,46814,7.8,6.7,8.9,48978,12.8,11.9,13.7,80604,3.0,2.8,3.2,18983,1
469,313,18,13,15,2,44,-40,45,10.2,11.9,-1.7,2.1,-10.2,-8.1,225,7.5,36.3,33.4,22.8,12.4,16.1,15.5,60,2.9,81.4,239.2,214.5,88.2,80.3,6.8,6.2,0,31.8,44.0,41.7,46.4,8.8,7.8,9.8,284,7.8,6.6,9.1,252,11.6,10.5,12.6,374,3.4,3.2,3.7,111,6
1145,703,4114,51,22,3,175,-89,217,10.2,11.5,-1.3,1.6,-6.5,-4.9,2267,22.9,37.1,28.6,11.3,21.3,34.2,32.4,257,4.3,87.6,191.3,174.8,65.9,61.2,7.1,6.7,0,25.5,57.5,55.8,59.2,10.2,9.3,11.1,1126,11.7,10.3,13.1,1294,16.7,15.8,17.7,1849,4.1,3.8,4.4,451,6
8850,4673,2553,252,1889,35,2137,957,1056,11.1,9.7,1.4,0.7,7.0,7.7,7121,9.8,36.8,30.8,22.6,7.9,11.6,10.7,2082,3.9,106.7,292.7,248.6,93.7,83.7,8.3,7.1,10,24.5,44.4,41.9,46.7,8.1,7.3,9.0,6633,9.2,7.8,10.7,7555,11.7,10.7,12.8,9590,3.1,2.8,3.3,2511,3
1569,730,3004,51,54,7,336,140,56,11.2,11.2,0.0,0.4,8.4,8.8,1758,15.9,34.5,29.9,19.8,13.5,19.4,18.4,258,3.6,70.4,263.2,231.8,90.3,81.7,7.3,6.3,0,26.4,47.4,45.3,49.5,8.7,7.9,9.5,1082,9.5,8.2,10.9,1185,13.4,12.5,14.4,1673,3.6,3.3,3.8,444,3
1222,588,106,2232,114,8,937,-61,78,10.9,10.9,-0.1,0.8,-5.5,-4.7,1581,18.3,37.4,29.6,14.7,23.3,32.7,28.5,215,5.1,72.8,206.7,189.1,73.9,68.5,6.2,5.8,0,26.1,54.4,52.6,56.3,11.3,10.4,12.2,1091,12.0,10.6,13.4,1166,15.5,14.6,16.5,1505,4.1,3.8,4.4,394,6
873,551,1096,366,652,50,410,-419,476,18.1,5.3,12.8,2.0,-34.0,-32.1,4164,31.8,30.6,26.4,11.1,15.1,18.5,17.3,315,3.3,87.1,227.6,206.5,88.0,80.5,6.8,6.3,8,14.4,47.1,45.2,48.9,6.8,6.3,7.4,1014,7.3,6.5,8.0,1080,13.5,12.7,14.3,2013,3.2,3.0,3.4,471,5
1476,909,1529,164,4714,37,883,412,521,26.5,8.6,17.9,10.3,-11.3,-1.0,1146,7.0,13.2,21.1,58.7,7.6,6.9,8.1,300,2.3,145.4,263.2,231.8,90.3,81.7,7.3,6.3,0,19.9,32.9,31.3,34.6,5.3,4.8,5.9,976,4.7,3.9,5.7,874,9.5,8.8,10.2,1743,2.4,2.3,2.6,451,2
6427,3801,4106,2915,3061,283,3046,487,2472,14.2,8.8,5.4,1.1,-1.7,-0.6,8688,13.3,32.2,31.5,23.0,13.8,19.8,19.3,1372,2.5,100.0,218.2,193.1,84.8,77.9,6.9,6.5,33,20.2,42.3,40.4,44.1,6.9,6.2,7.6,5230,6.9,5.8,8.0,5250,10.7,9.9,11.6,8145,3.0,2.8,3.2,2255,4
1161,444,336,60,69,17,236,323,113,9.1,8.8,0.3,-0.2,17.1,16.9,1299,10.2,35.1,34.5,20.2,7.3,9.7,8.8,367,3.6,171.2,230.9,214.6,77.3,72.9,8.3,7.6,0,17.5,46.7,44.1,49.2,7.8,7.0,8.6,1127,9.6,8.3,11.3,1401,12.1,11.0,13.1,1755,2.8,2.6,3.0,400,2
663,427,2762,48,50,0,153,-152,84,12.3,17.1,-4.7,0.0,-17.1,-17.1,1168,22.9,43.0,23.6,10.5,26.0,38.9,40.1,119,4.3,69.9,207.6,188.2,79.9,75.0,7.0,6.5,0,30.4,56.6,54.7,58.3,12.3,11.4,13.3,673,13.0,11.5,14.6,708,19.8,18.7,20.9,1080,4.8,4.5,5.2,263,6
3131,1587,238,8731,191,23,1168,-303,1039,12.6,12.2,0.4,0.1,-8.1,-8.0,2336,8.8,31.1,36.6,23.5,15.7,22.1,18.9,985,5.2,82.2,207.9,199.6,79.8,76.2,10.6,10.4,12,24.2,41.5,39.8,43.2,8.0,7.3,8.8,2360,8.3,7.2,9.5,2429,11.9,11.0,12.8,3503,3.3,3.1,3.6,978,5
1061,705,261,122,95,4,391,-74,382,10.3,13.1,-2.7,0.1,-3.1,-3.0,697,8.1,34.0,37.5,20.4,18.9,26.8,24.0,254,4.0,76.4,227.6,206.5,88.0,80.5,6.8,6.3,0,26.5,50.5,48.2,52.7,8.6,7.9,9.5,834,8.9,7.6,10.3,862,13.6,12.5,14.7,1313,3.5,3.2,3.7,334,6
741,452,40,143,65,8,179,-150,140,9.3,10.7,-1.4,-0.6,-16.6,-17.2,590,10.4,30.3,37.7,21.5,11.9,16.1,14.5,172,4.2,88.6,207.9,199.6,79.8,76.2,10.6,10.4,0,26.7,37.5,35.3,39.5,8.2,7.4,9.0,500,8.3,7.1,9.6,506,11.3,10.3,12.1,686,3.4,3.2,3.7,207,6
1246,560,2119,124,90,8,237,-145,154,8.0,14.9,-6.9,-0.1,-7.5,-7.6,1250,16.5,40.7,27.9,14.9,21.9,34.0,32.4,195,4.6,62.7,224.8,199.9,72.9,66.5,6.2,5.4,0,33.4,54.8,52.7,56.8,11.8,10.8,12.9,960,11.7,10.1,13.2,948,18.2,17.0,19.4,1481,4.5,4.2,4.9,370,6
37291,15498,166491,4748,163833,723,17702,21722,5117,12.8,4.7,8.1,7.1,12.8,19.9,46214,9.8,17.7,26.3,46.1,7.9,10.4,9.8,15180,4.0,152.2,224.8,199.9,72.9,66.5,6.2,5.4,128,15.2,33.6,32.3,35.1,5.2,4.8,5.6,29483,4.6,4.0,5.1,26032,11.2,10.6,11.8,63795,2.5,2.4,2.6,14334,2
532,372,23,366,32,2,182,-46,40,11.8,10.9,0.9,-0.2,-8.5,-8.6,364,8.7,32.7,37.4,21.2,12.2,16.3,14.8,72,2.1,83.4,239.2,214.5,88.2,80.3,6.8,6.2,0,29.3,45.1,42.8,47.3,8.6,7.7,9.5,379,8.2,7.0,9.5,361,11.6,10.6,12.6,513,3.4,3.2,3.7,152,6
1847,1032,1296,285,769,53,483,-23,1691,12.9,8.4,4.5,3.8,-9.1,-5.3,3598,20.8,25.2,29.1,24.8,25.0,33.3,33.0,662,5.0,70.3,224.8,199.9,72.9,66.5,6.2,5.4,10,17.1,46.0,43.5,48.2,6.7,6.1,7.2,1570,5.6,4.9,6.3,1318,13.2,12.3,13.9,3107,3.2,3.0,3.4,758,5
375,210,76,53,30,6,65,-1,39,10.1,9.3,0.8,4.9,-5.7,-0.8,234,8.3,36.7,37.5,17.5,7.8,10.9,10.1,48,1.9,99.2,237.6,217.1,87.0,79.6,10.5,9.7,0,29.6,45.7,43.3,47.9,8.0,7.2,8.9,247,6.8,5.7,7.9,208,11.1,10.1,12.1,341,3.0,2.8,3.3,92,6
905,359,88,117,72,4,142,54,550,9.9,6.1,3.8,-0.8,2.5,1.6,255,3.7,35.5,35.5,25.2,6.8,7.3,6.5,179,4.2,119.8,207.9,199.6,79.8,76.2,10.6,10.4,0,22.8,35.6,33.4,37.7,7.0,6.4,7.8,536,7.0,5.9,8.1,534,9.7,8.8,10.6,737,2.9,2.7,3.1,217,6
4806,2129,6908,382,253,48,1048,148,1355,10.9,11.8,-0.9,-0.6,4.2,3.6,6010,16.0,29.9,37.7,16.4,18.1,26.2,24.9,1098,4.7,101.2,191.3,174.8,65.9,61.2,7.1,6.7,6,24.4,49.4,47.3,51.3,8.9,8.1,9.7,3806,9.7,8.4,11.1,4150,13.5,12.5,14.4,5770,3.4,3.1,3.6,1446,5
6827,3649,2711,1158,1352,133,2886,516,1962,12.9,8.4,4.4,0.4,0.5,0.8,4502,6.8,25.8,38.7,28.7,9.1,12.8,11.4,1847,3.9,102.5,207.9,199.6,79.8,76.2,10.6,10.4,15,20.7,40.8,38.9,42.6,6.2,5.7,6.8,4725,6.9,5.9,7.9,5211,10.1,9.3,10.8,7639,2.8,2.6,2.9,2095,4
945,414,1166,60,64,2,255,120,81,10.7,9.7,0.9,0.0,9.2,9.2,1665,20.7,43.5,26.0,9.8,17.1,25.7,23.4,202,3.9,78.8,228.7,202.9,79.1,71.9,7.0,6.1,0,23.2,47.8,45.6,50.0,8.7,7.9,9.5,795,10.5,9.1,11.9,961,13.8,12.8,14.8,1267,3.5,3.2,3.7,319,2
1742,1097,948,2288,376,21,1212,94,1523,14.1,9.1,4.9,2.6,-4.2,-1.7,2404,14.1,30.6,29.7,25.5,18.2,18.7,16.7,379,2.4,95.5,206.7,189.1,73.9,68.5,6.2,5.8,4,18.3,50.1,48.0,52.1,7.9,7.2,8.6,1719,8.2,7.1,9.3,1788,11.7,10.9,12.5,2547,3.1,2.9,3.3,673,5
954,394,147,1951,1171,49,1287,36,252,11.5,6.8,4.7,4.2,-6.4,-2.2,701,7.3,29.9,38.3,24.5,9.1,12.5,11.0,422,6.0,91.2,276.9,256.7,112.8,105.6,9.6,8.5,4,21.5,45.4,43.6,47.0,6.8,6.3,7.3,734,7.2,6.3,8.1,778,10.6,9.9,11.3,1148,2.9,2.7,3.1,313,5
16246,9303,7939,8702,8934,219,6026,1515,6524,12.5,7.2,5.3,1.7,-1.2,0.5,13920,8.0,30.2,32.1,29.6,8.6,10.7,10.1,3925,2.7,102.2,264.9,238.3,94.6,86.4,7.9,7.1,60,19.3,38.9,36.9,40.9,6.1,5.5,6.7,12232,6.0,5.1,7.0,12113,9.1,8.3,9.8,18187,2.7,2.5,2.9,5484,3
799,390,37,19,29,6,102,-166,227,10.3,15.7,-5.5,-0.1,-10.7,-10.8,2208,29.8,38.6,21.9,9.7,30.8,38.8,38.6,188,7.1,63.6,230.9,214.6,77.3,72.9,8.3,7.6,0,22.7,59.8,57.6,62.1,12.6,11.4,13.8,1001,16.7,14.4,18.9,1324,17.8,16.4,19.2,1412,4.2,3.8,4.5,333,6
1462,1143,220,177,121,18,484,-125,307,11.1,10.5,0.6,-0.2,-7.0,-7.1,1226,9.4,33.5,35.0,22.1,10.9,15.4,14.6,321,3.5,87.0,227.6,206.5,88.0,80.5,6.8,6.3,0,25.4,50.3,48.0,52.5,8.4,7.5,9.3,1194,8.5,7.2,10.0,1217,12.5,11.4,13.5,1780,3.4,3.1,3.7,481,6
1123,846,230,120,112,9,211,2,786,12.5,10.0,2.5,0.4,-2.8,-2.4,584,6.3,29.5,36.1,28.1,9.7,12.0,11.1,182,2.5,102.9,239.2,214.5,88.2,80.3,6.8,6.2,0,25.9,48.3,46.0,50.4,7.1,6.3,7.9,749,6.6,5.5,7.8,697,10.2,9.2,11.1,1073,3.0,2.7,3.2,311,6
2715,1334,11933,174,151,15,605,-34,218,10.6,13.3,-2.6,-0.2,1.8,1.6,3969,17.8,41.2,27.2,13.7,18.2,30.1,30.1,641,4.8,80.3,229.5,205.0,80.1,72.3,7.0,6.2,6,24.3,50.5,48.8,52.1,9.1,8.4,9.8,2270,10.0,8.8,11.3,2511,16.2,15.2,17.1,4041,3.9,3.7,4.2,983,2
585,274,210,9,19,0,60,7,53,8.4,10.0,-1.6,0.2,3.3,3.5,434,12.8,41.3,31.0,14.9,10.7,14.8,14.5,63,2.5,69.6,263.2,231.8,90.3,81.7,7.3,6.3,0,26.9,49.8,47.3,52.1,11.6,10.5,12.6,421,11.9,10.3,13.5,432,15.5,14.4,16.7,566,4.2,3.9,4.6,154,6
1037,481,3384,79,111,6,262,-529,4630,9.3,15.2,-5.9,1.1,-30.3,-29.3,2589,23.1,37.9,30.7,8.3,20.6,21.0,20.1,159,3.4,82.8,265.2,240.7,86.8,80.1,6.9,6.0,0,20.9,51.5,49.8,53.2,9.8,9.0,10.7,1183,11.4,10.1,12.7,1373,14.6,13.7,15.4,1752,3.6,3.4,3.9,437,6
588,454,16,32,58,11,83,-41,246,13.8,15.7,-1.9,0.6,-5.0,-4.4,179,4.3,32.7,37.8,25.3,11.4,17.5,17.9,78,2.3,88.6,227.6,206.5,88.0,80.5,6.8,6.3,4,28.5,45.2,42.6,47.5,8.9,8.0,9.9,421,8.4,7.1,9.8,397,12.9,11.7,14.0,606,3.5,3.2,3.8,163,6
1077,581,771,204,505,8,190,252,3381,12.4,7.3,5.1,9.0,-1.4,7.6,4035,33.4,35.7,23.7,7.2,27.5,33.9,32.7,289,2.9,67.7,224.8,199.9,72.9,66.5,6.2,5.4,0,17.4,49.9,47.7,52.2,7.2,6.6,7.7,1093,6.3,5.7,7.0,965,14.5,13.7,15.3,2211,3.3,3.1,3.6,510,6
5692,2890,4467,248,430,24,2002,-389,5692,10.6,10.4,0.2,0.2,-5.5,-5.2,7216,13.3,42.3,27.7,16.6,18.4,25.5,22.8,1578,4.6,87.9,292.7,248.6,93.7,83.7,8.3,7.1,12,21.7,52.8,50.8,54.6,8.9,8.1,9.7,5397,10.8,9.4,12.3,6572,13.9,12.9,14.9,8456,3.4,3.1,3.6,2046,5
2002,1153,327,87,86,1,292,-106,392,9.1,12.3,-3.2,0.5,-1.8,-1.3,2837,17.4,43.0,28.0,11.6,14.5,20.9,19.2,427,4.6,85.7,230.8,212.0,80.3,74.4,6.5,6.1,20,25.9,55.4,53.0,57.7,9.7,8.8,10.6,1744,12.3,10.7,13.9,2225,15.2,14.0,16.2,2743,3.6,3.4,3.9,658,5
3726,2068,12435,124,227,8,462,-412,757,10.3,14.7,-4.4,0.0,-7.5,-7.5,4514,18.1,37.0,29.1,15.9,14.5,22.4,20.4,623,4.1,59.4,263.2,231.8,90.3,81.7,7.3,6.3,12,29.9,51.1,49.3,52.8,9.8,9.0,10.6,2661,10.1,8.9,11.5,2760,16.0,15.1,17.0,4363,4.2,3.9,4.4,1133,6
1407,891,469,74,438,33,319,-138,978,11.9,10.5,1.4,3.0,-12.5,-9.5,1388,12.3,32.8,32.0,23.0,12.9,17.2,16.1,367,4.2,82.3,284.4,240.5,99.6,87.2,7.0,5.8,0,23.8,47.9,45.5,50.3,8.0,7.2,8.8,1059,8.8,7.5,10.4,1175,11.5,10.5,12.5,1525,3.2,3.0,3.5,430,6
2007,1075,142,278,92,7,353,167,180,11.6,14.2,-2.6,0.1,11.0,11.1,1966,14.5,37.5,32.5,15.5,13.8,20.9,19.9,293,3.2,83.4,224.8,199.9,72.9,66.5,6.2,5.4,0,29.1,49.6,47.4,51.7,9.8,8.8,10.9,1490,9.7,8.3,11.3,1474,13.7,12.6,14.8,2078,3.7,3.4,4.0,554,6
2472,1199,72,204,154,8,315,8,244,9.2,13.6,-4.4,0.8,4.1,4.8,2270,14.5,39.0,34.5,12.1,15.9,26.6,25.5,570,7.0,72.7,287.0,249.7,97.8,87.6,7.9,6.7,10,32.3,53.9,51.4,56.2,11.8,10.7,13.1,2010,13.0,11.3,15.1,2224,14.8,13.6,16.0,2521,4.1,3.8,4.5,706,6
815,503,60,88,54,21,113,5,197,14.5,9.4,5.1,5.7,-10.4,-4.7,786,11.9,33.5,32.5,22.1,12.1,16.6,15.6,125,2.0,74.0,285.7,262.5,95.4,88.9,7.8,7.1,0,23.6,35.9,33.8,37.9,7.4,6.7,8.2,540,7.3,6.1,8.5,532,9.9,9.1,10.8,725,3.3,3.0,3.6,239,6
951,403,115,426,314,48,468,15,337,9.0,3.2,5.8,2.9,-7.7,-4.8,1131,11.3,22.8,35.3,30.6,9.3,11.6,11.2,328,3.8,88.4,279.6,243.8,96.2,87.1,7.2,6.2,2,19.4,35.7,33.6,37.8,6.1,5.5,6.8,713,6.3,5.3,7.3,731,9.6,8.8,10.3,1112,2.8,2.6,3.0,328,6
30893,16910,29750,2527,34774,302,14545,5584,12800,11.0,6.1,5.0,3.3,2.1,5.4,15107,4.4,17.9,27.0,50.7,10.8,8.4,7.8,7138,2.2,118.1,264.9,238.3,94.6,86.4,7.9,7.1,39,18.0,29.4,27.6,31.2,4.9,4.4,5.4,21049,4.5,3.7,5.3,19252,6.9,6.3,7.6,29825,2.3,2.2,2.5,10030,3
2258,1097,9648,130,145,20,426,280,2844,7.2,10.8,-3.6,0.4,13.6,14.0,3435,17.6,37.1,27.5,17.8,18.5,25.0,22.6,366,3.5,93.1,229.5,205.0,80.1,72.3,7.0,6.2,0,24.8,52.8,51.2,54.3,8.3,7.7,8.9,1834,8.9,7.9,10.0,1980,14.6,13.8,15.4,3230,3.6,3.4,3.9,808,3
2569,1417,519,194,138,17,319,77,1232,8.8,10.7,-1.9,0.0,5.1,5.1,2497,13.8,41.8,28.7,15.7,10.9,16.2,15.3,406,3.5,86.1,264.9,238.3,94.6,86.4,7.9,7.1,0,31.4,45.2,42.5,47.6,9.2,8.2,10.2,1820,8.6,7.3,10.0,1699,12.1,11.0,13.2,2409,3.6,3.3,3.9,713,6
1592,785,10388,94,107,9,272,-150,1397,9.9,12.2,-2.3,0.1,-5.5,-5.4,2439,17.6,46.9,24.0,11.4,25.8,36.7,37.4,289,3.5,68.4,229.5,205.0,80.1,72.3,7.0,6.2,6,23.8,55.2,53.6,56.7,9.1,8.5,9.8,1389,10.0,9.0,11.0,1524,18.1,17.2,19.0,2753,4.3,4.0,4.5,651,6
1100,953,132,63,64,29,162,-59,206,12.0,12.3,-0.3,0.2,-4.6,-4.4,725,8.2,35.9,38.3,17.7,10.6,17.0,16.3,167,2.6,91.2,218.2,193.1,84.8,77.9,6.9,6.5,0,29.4,51.2,49.0,53.3,9.2,8.2,10.2,885,8.3,7.1,9.7,800,12.5,11.5,13.6,1206,3.6,3.3,3.9,344,6
1109,709,525,419,267,39,426,-162,1078,13.5,8.3,5.2,2.4,-16.3,-13.9,2085,19.1,29.7,26.1,25.1,22.6,27.6,29.0,342,4.3,88.0,244.8,213.8,91.1,82.1,7.7,7.3,0,17.7,44.6,42.7,46.2,6.8,6.3,7.4,971,6.9,6.0,7.8,980,10.9,10.2,11.6,1551,3.2,3.0,3.4,457,5
243,226,16,3,23,1,35,-18,56,13.4,14.5,-1.1,0.8,-6.5,-5.7,167,8.7,33.8,34.8,22.7,11.4,17.5,17.3,31,2.2,85.3,227.6,206.5,88.0,80.5,6.8,6.3,0,33.5,46.4,43.6,49.0,9.3,8.2,10.5,184,8.7,7.2,10.4,173,13.2,11.9,14.5,262,3.5,3.2,3.9,70,6
5655,2635,6850,839,3166,111,2146,3780,694,10.7,6.2,4.5,1.4,32.2,33.7,4761,7.9,19.6,32.3,40.3,5.1,6.9,6.4,1616,3.2,169.6,224.8,199.9,72.9,66.5,6.2,5.4,6,16.5,41.2,39.1,43.3,5.8,5.3,6.4,4264,5.6,4.7,6.6,4128,9.6,8.9,10.4,7087,2.5,2.4,2.7,1845,2
5428,3251,895,206,357,19,895,-376,1400,9.7,10.6,-0.8,0.2,-5.4,-5.2,4407,10.1,37.0,32.0,21.0,13.5,20.1,18.5,1374,4.9,78.6,375.1,304.1,112.9,94.8,10.2,7.4,0,25.9,47.1,44.7,49.2,9.0,8.1,10.1,4431,9.8,8.2,11.4,4798,11.3,10.2,12.4,5565,3.3,3.1,3.6,1636,3
2169,1095,984,2594,875,55,1512,400,3064,11.1,10.1,1.0,-0.1,13.4,13.3,3684,19.0,31.5,35.2,14.3,20.4,26.6,25.3,549,5.5,64.5,279.6,243.8,96.2,87.1,7.2,6.2,6,22.8,42.9,41.1,44.7,8.3,7.6,9.0,1817,9.1,8.0,10.3,2004,12.7,11.9,13.5,2790,3.6,3.4,3.9,799,5
4927,2722,23250,359,450,102,845,-665,1137,10.9,13.8,-2.9,0.6,-9.6,-9.0,7800,19.6,32.1,33.7,14.5,22.1,37.7,37.2,1104,4.0,75.0,255.0,223.5,86.2,78.1,7.1,6.2,14,25.4,54.4,52.7,56.1,10.2,9.5,11.0,4431,10.9,9.7,12.2,4725,17.3,16.4,18.3,7506,4.4,4.1,4.7,1900,5
1407,701,1534,2681,72,6,1084,-147,172,13.8,14.9,-1.1,0.0,-8.8,-8.8,1887,18.6,39.4,29.7,12.3,23.0,31.9,29.8,286,5.0,68.0,206.7,189.1,73.9,68.5,6.2,5.8,0,26.6,55.7,54.1,57.4,12.4,11.6,13.3,1380,13.1,11.8,14.7,1460,18.4,17.5,19.4,2051,4.6,4.3,4.9,513,6
3666,2068,1929,2857,1386,29,2281,-563,5846,8.5,6.5,2.0,3.0,-13.2,-10.1,3205,8.4,31.5,31.0,29.2,23.4,16.8,15.3,1363,3.9,83.1,287.0,249.7,97.8,87.6,7.9,6.7,8,16.5,41.6,39.3,44.1,6.7,6.1,7.3,3912,8.2,7.1,9.3,4797,9.3,8.6,10.0,5425,2.7,2.5,2.9,1574,5
1945,975,8216,110,124,8,343,37,247,10.7,12.8,-2.1,0.0,3.8,3.9,3079,20.9,38.9,28.8,11.5,24.4,35.6,38.4,447,5.0,66.3,228.7,202.9,79.1,71.9,7.0,6.1,0,24.9,53.0,51.4,54.5,9.7,9.0,10.5,1613,11.2,10.0,12.5,1856,17.5,16.6,18.4,2902,4.2,4.0,4.5,703,2
1891,986,359,239,134,2,641,-26,479,11.2,9.7,1.4,0.4,-2.7,-2.4,1261,7.4,38.9,34.2,19.5,9.3,13.6,11.8,503,3.6,99.8,227.6,206.5,88.0,80.5,6.8,6.3,5,21.8,48.1,45.9,50.3,7.3,6.6,8.1,1429,7.8,6.7,9.0,1534,11.6,10.6,12.6,2274,2.9,2.7,3.2,573,5
2873,1314,2794,283,153,18,659,477,127,10.5,10.6,-0.1,-0.5,17.3,16.7,3178,16.1,49.5,23.5,10.9,17.5,28.4,26.2,573,5.0,77.6,224.8,199.9,72.9,66.5,6.2,5.4,0,28.2,54.7,52.6,56.5,10.7,9.8,11.6,2402,10.9,9.5,12.3,2444,16.0,15.0,17.0,3601,4.0,3.7,4.3,899,6
23643,11851,4034,3605,8363,347,9188,6525,9369,9.8,6.5,3.3,0.9,14.5,15.4,9389,4.2,19.2,30.2,46.3,10.5,8.5,8.1,5695,2.8,99.1,285.7,262.5,95.4,88.9,7.8,7.1,55,20.3,24.6,23.1,26.3,5.0,4.5,5.6,14016,4.9,4.0,5.8,13702,6.8,6.2,7.5,19166,2.4,2.3,2.6,6881,3
816,457,54,150,45,7,232,-47,121,12.3,13.0,-0.7,-0.1,-4.4,-4.5,770,12.7,35.2,37.7,14.4,15.4,22.2,20.2,176,4.4,78.6,227.6,206.5,88.0,80.5,6.8,6.3,0,28.2,50.9,48.5,53.0,9.4,8.5,10.5,621,9.9,8.4,11.3,650,13.8,12.6,15.0,908,3.6,3.3,3.9,238,6
246,118,1,19,3,0,16,3,0,6.7,5.1,1.5,0.5,0.0,0.5,71,4.7,33.4,33.2,28.6,13.3,16.8,15.4,31,3.4,90.9,247.1,236.2,91.5,88.0,9.8,9.4,0,32.1,42.4,39.5,45.0,9.2,8.2,10.1,145,7.9,6.5,9.2,124,12.4,11.1,13.5,195,3.7,3.4,3.9,57,6
2984,1597,2518,6034,369,23,2005,-197,4641,8.4,9.9,-1.5,1.0,-4.8,-3.8,2649,10.2,35.0,33.8,21.0,17.1,22.4,20.3,1081,6.6,83.7,287.0,249.7,97.8,87.6,7.9,6.7,6,22.8,51.5,49.7,53.4,9.0,8.3,9.8,2758,10.0,8.9,11.3,3079,12.6,11.8,13.4,3868,3.4,3.2,3.6,1048,5
2440,1275,419,546,255,42,422,-185,550,15.5,11.5,3.9,0.9,-12.4,-11.6,4885,31.4,32.1,24.3,12.2,27.2,37.8,39.4,1203,11.9,64.5,244.8,213.8,91.1,82.1,7.7,7.3,6,26.5,50.4,48.6,52.1,10.2,9.4,11.0,1816,9.3,8.2,10.4,1646,16.9,15.9,17.9,3001,4.6,4.3,5.0,821,5
1790,856,47,212,191,28,393,291,151,11.4,10.8,0.6,0.5,15.5,16.0,1425,12.1,39.2,33.9,14.8,13.4,20.1,18.7,279,3.4,89.8,192.6,181.6,73.9,68.9,5.8,5.5,0,29.0,42.0,39.9,43.9,9.2,8.3,10.1,1248,9.1,7.9,10.5,1241,13.6,12.6,14.7,1855,3.7,3.5,4.0,504,3
3821,1881,12976,196,958,59,833,1021,327,12.5,6.9,5.6,-0.2,11.1,10.9,3724,9.2,23.5,32.1,35.2,14.0,18.3,17.5,1109,3.6,130.5,191.3,174.8,65.9,61.2,7.1,6.7,17,17.9,44.6,42.5,46.7,6.7,6.0,7.4,3141,7.2,6.1,8.3,3376,10.9,10.0,11.8,5126,2.8,2.6,3.0,1313,4
1556,784,484,55,130,9,382,145,108,11.9,8.9,2.9,0.1,3.5,3.6,1714,11.3,36.8,31.7,20.3,10.0,14.4,14.1,431,3.6,121.4,230.9,214.6,77.3,72.9,8.3,7.6,0,21.3,54.4,51.9,56.9,8.6,7.8,9.5,1497,10.7,9.1,12.4,1863,13.3,12.1,14.4,2301,3.1,2.8,3.3,533,5
6608,3202,7599,578,3029,508,2653,1766,869,12.4,6.6,5.8,2.8,8.7,11.5,3110,4.6,21.8,31.8,41.8,5.8,7.4,6.6,1482,2.6,151.7,273.1,236.3,86.6,79.0,7.0,6.3,0,19.2,35.7,33.6,37.8,5.7,5.1,6.3,4453,6.3,5.3,7.3,4922,9.2,8.4,10.0,7217,2.4,2.3,2.6,1916,2
1401,900,126,111,113,22,205,-44,286,11.2,12.0,-0.8,-0.3,-1.0,-1.4,1631,12.5,44.7,26.8,16.0,10.9,14.9,13.3,238,2.3,99.0,273.1,236.3,86.6,79.0,7.0,6.3,0,24.0,47.1,44.7,49.4,8.2,7.4,9.1,1206,10.0,8.6,11.6,1463,11.7,10.8,12.7,1722,3.1,2.9,3.4,458,6
924,457,111,519,88,23,210,67,160,12.2,7.4,4.8,-0.1,1.0,0.9,1856,25.0,34.3,29.5,11.2,14.7,22.2,19.8,196,3.6,86.8,192.6,181.6,73.9,68.9,5.8,5.5,0,22.7,49.1,47.3,51.0,9.3,8.4,10.1,801,9.4,8.1,10.7,811,14.8,13.8,15.7,1279,3.8,3.6,4.1,330,3
7932,5139,1900,553,5577,57,2179,114,5569,10.0,8.4,1.6,0.4,-0.9,-0.6,4076,5.4,25.4,34.9,34.3,10.9,8.5,7.4,1766,2.6,99.7,264.9,238.3,94.6,86.4,7.9,7.1,52,20.8,36.5,34.4,38.7,6.1,5.4,6.8,5753,5.7,4.8,6.7,5429,8.1,7.4,8.9,7729,2.6,2.5,2.9,2510,4
23104,10899,65790,1351,7808,212,6097,7256,8265,11.9,10.1,1.8,0.5,21.0,21.5,29946,14.7,29.4,32.0,23.8,13.6,20.7,20.8,4604,3.1,102.1,229.5,205.0,80.1,72.3,7.0,6.2,39,21.2,43.3,41.6,45.0,7.1,6.5,7.8,17184,8.0,6.9,9.2,19357,12.8,11.9,13.7,30940,3.2,3.0,3.4,7706,3
1001,538,58,88,81,6,160,5,102,9.3,10.5,-1.2,-0.1,2.0,1.9,415,6.6,37.0,34.6,21.7,10.6,17.0,15.5,178,3.8,87.0,207.9,199.6,79.8,76.2,10.6,10.4,0,31.7,40.4,38.1,42.5,8.7,7.8,9.7,593,8.5,7.2,9.8,578,11.5,10.5,12.5,787,3.5,3.2,3.8,238,6
1082,780,80,72,56,1,162,142,224,9.5,12.0,-2.5,0.9,14.9,15.9,323,4.0,31.5,34.7,29.8,8.6,11.6,10.3,172,3.1,86.8,302.7,265.0,104.9,96.0,7.4,6.6,0,34.1,42.8,40.1,45.4,8.0,7.2,8.9,695,6.2,5.1,7.2,533,10.7,9.6,11.7,924,3.3,3.0,3.5,282,6
1172,672,699,40,54,6,201,38,148,12.1,13.0,-0.9,-0.1,4.0,3.9,1090,12.1,46.0,26.6,15.3,18.0,26.6,24.9,256,4.7,87.0,230.9,214.6,77.3,72.9,8.3,7.6,0,24.7,52.2,49.8,54.4,10.4,9.5,11.5,1029,12.4,10.8,14.2,1227,15.7,14.6,16.9,1554,3.6,3.4,3.9,358,6
17003,10492,79804,988,3982,255,6506,-1367,4556,11.8,10.4,1.4,0.1,-6.7,-6.7,16396,9.2,28.6,34.9,27.3,14.8,22.0,19.8,6423,5.0,89.5,284.4,240.5,99.6,87.2,7.0,5.8,42,20.6,49.2,47.5,50.9,7.2,6.6,7.8,14351,8.1,7.1,9.1,16145,11.9,11.2,12.7,23890,3.3,3.1,3.5,6516,2
19091,9014,54379,3068,25891,367,7598,7500,10445,13.1,6.8,6.3,1.9,12.2,14.2,28305,12.3,25.3,32.7,29.7,10.1,13.1,12.9,7964,4.5,122.4,224.8,199.9,72.9,66.5,6.2,5.4,16,16.5,43.8,42.1,45.4,6.0,5.5,6.4,16223,5.7,5.0,6.4,15412,11.5,10.9,12.2,31365,2.7,2.5,2.8,7276,2
853,630,54,54,39,5,128,-108,192,12.0,13.3,-1.3,0.7,-10.1,-9.4,700,9.9,37.1,35.5,17.5,13.9,21.9,20.6,120,2.4,83.2,218.2,193.1,84.8,77.9,6.9,6.5,8,28.0,47.0,44.7,49.2,9.1,8.2,10.2,705,8.8,7.5,10.4,681,12.5,11.3,13.5,963,3.6,3.3,3.9,277,6
8010,3690,22920,423,1368,161,1602,360,1606,10.8,11.2,-0.4,1.3,3.4,4.7,7039,12.1,27.0,31.3,29.6,16.6,26.6,24.9,1476,3.7,91.9,228.7,202.9,79.1,71.9,7.0,6.1,24,24.8,41.1,39.2,43.0,8.1,7.4,8.9,5407,8.8,7.5,10.2,5889,13.4,12.5,14.3,8949,3.6,3.4,3.8,2394,4
527,365,54,31,13,0,100,33,198,12.6,8.8,3.8,0.2,1.7,1.8,413,9.9,42.6,30.5,17.0,14.3,20.7,19.7,92,3.0,81.9,273.1,236.3,86.6,79.0,7.0,6.3,0,28.0,47.7,45.2,49.9,9.5,8.6,10.4,435,10.7,9.2,12.2,491,13.2,12.1,14.2,606,3.5,3.3,3.8,161,6
1323,709,1219,35,90,4,388,50,193,10.2,8.6,1.6,1.2,1.2,2.4,1230,13.0,35.9,26.9,24.2,10.1,16.1,14.4,175,2.4,83.3,263.2,231.8,90.3,81.7,7.3,6.3,0,28.8,49.5,47.2,51.8,9.4,8.5,10.3,991,9.9,8.4,11.4,1047,13.8,12.7,15.0,1465,3.7,3.4,4.0,391,6
2677,1634,3527,1050,923,124,1580,-405,1492,16.6,7.7,8.9,-0.3,-16.8,-17.0,5220,17.0,27.5,35.7,19.8,17.2,25.6,24.6,878,4.1,99.6,244.8,213.8,91.1,82.1,7.7,7.3,8,16.6,46.1,44.5,47.6,6.6,6.1,7.1,2406,6.6,5.8,7.5,2423,11.4,10.7,12.0,4143,3.1,2.9,3.3,1131,5
1976,1459,175,762,214,2,436,-68,381,12.2,8.3,3.9,0.6,-6.9,-6.3,1515,8.0,36.8,33.7,21.6,11.3,12.4,10.5,466,3.0,97.4,240.4,219.1,92.8,84.8,9.2,8.6,8,22.6,42.7,40.8,44.6,7.6,6.9,8.4,1618,6.1,5.2,7.1,1292,10.1,9.3,11.0,2160,3.0,2.8,3.2,635,5
3168,1605,503,102,721,16,732,33,2871,8.4,8.7,-0.3,2.9,-1.7,1.2,1809,7.1,30.5,25.7,36.7,8.9,9.6,8.7,534,2.6,113.1,367.1,322.7,130.3,121.5,11.7,9.9,0,25.7,32.4,30.3,34.3,6.0,5.3,6.7,1840,6.4,5.2,7.5,1955,8.7,7.8,9.6,2687,2.7,2.5,2.9,822,6
14752,6821,51419,1794,11460,349,8898,8213,5098,12.8,6.3,6.5,2.0,17.1,19.1,16820,8.8,28.3,31.0,32.0,10.4,11.8,11.3,4750,2.7,122.5,253.1,225.8,85.1,77.8,8.1,7.4,78,14.3,44.6,42.7,46.4,5.8,5.3,6.3,14102,7.3,6.4,8.3,17935,10.3,9.6,11.0,25187,2.5,2.3,2.6,6007,2
3980,1754,472,438,204,25,706,403,436,8.3,13.2,-4.9,-0.4,19.5,19.1,2912,13.7,34.6,32.4,19.2,18.8,27.9,25.8,495,4.4,76.5,255.0,223.5,86.2,78.1,7.1,6.2,0,36.2,51.0,48.5,53.4,11.4,10.2,12.5,2687,11.4,9.6,13.3,2700,15.0,13.7,16.3,3536,4.1,3.8,4.5,967,6
1776,594,269,259,332,77,568,1265,250,14.7,4.3,10.5,2.1,26.1,28.2,895,4.9,20.4,34.0,40.6,5.3,6.4,5.7,475,3.1,119.6,216.2,199.9,65.3,62.2,5.8,5.4,0,14.4,30.8,28.8,32.7,4.9,4.3,5.5,1105,4.5,3.7,5.3,1028,8.1,7.4,8.9,1854,2.4,2.2,2.5,535,5
1534,967,1130,369,154,1,477,-226,1788,12.5,11.7,0.8,0.1,-11.1,-11.0,3007,19.9,32.3,34.4,13.3,16.7,21.9,20.4,323,3.9,81.0,224.8,199.9,72.9,66.5,6.2,5.4,8,20.7,52.1,50.2,54.0,9.1,8.3,9.8,1475,9.1,7.9,10.3,1476,14.4,13.4,15.2,2334,3.5,3.3,3.8,577,5
5830,3053,1639,399,1347,41,1616,783,630,10.4,7.3,3.2,1.0,5.9,6.8,3110,5.8,27.0,35.7,31.4,7.5,8.6,7.3,1303,3.2,125.3,287.0,249.7,97.8,87.6,7.9,6.7,2,21.9,43.2,40.9,45.6,7.1,6.4,7.9,4379,7.7,6.5,8.9,4733,9.8,8.9,10.7,6011,2.8,2.6,3.0,1711,3
420,246,79,101,42,7,174,-58,283,10.5,5.8,4.7,0.2,-14.1,-14.0,301,7.2,33.7,38.8,20.2,10.8,12.0,11.7,127,4.4,88.1,285.7,262.5,95.4,88.9,7.8,7.1,0,20.8,33.4,31.5,35.5,6.6,6.0,7.2,317,6.8,5.9,7.8,327,8.9,8.2,9.6,430,2.9,2.7,3.1,140,6
1101,548,3291,53,40,2,180,-244,1846,9.9,14.2,-4.3,-0.2,-13.7,-14.0,2480,25.5,39.6,22.5,12.4,26.8,35.3,32.6,227,3.8,63.8,273.1,236.3,86.6,79.0,7.0,6.3,0,22.0,55.1,53.1,57.0,10.4,9.5,11.2,1093,12.9,11.3,14.4,1356,16.0,15.0,17.0,1686,4.1,3.8,4.4,429,6
1286,647,74,232,89,22,353,244,160,11.2,14.0,-2.8,0.9,21.3,22.2,1322,14.4,38.5,35.5,11.6,18.8,24.6,23.8,291,5.7,65.0,192.6,181.6,73.9,68.9,5.8,5.5,0,30.0,45.7,43.5,47.8,9.8,8.9,10.8,998,9.9,8.6,11.4,1008,14.2,13.1,15.3,1448,3.9,3.6,4.2,395,6
2943,1614,268,317,232,0,544,77,442,9.3,10.5,-1.3,0.4,3.6,4.0,1587,7.6,33.5,35.7,23.2,12.1,18.6,15.7,676,4.9,90.2,287.0,249.7,97.8,87.6,7.9,6.7,6,30.1,51.9,49.3,54.2,9.9,8.9,10.9,2297,10.5,8.8,12.2,2428,12.8,11.5,13.9,2963,3.6,3.3,3.9,841,5
753,472,18,86,20,0,96,4,91,5.6,15.5,-9.9,-0.2,10.8,10.6,291,6.3,33.8,39.9,20.0,13.2,20.1,17.1,150,5.8,72.6,264.9,238.3,94.6,86.4,7.9,7.1,0,37.8,47.2,44.5,49.9,10.4,9.3,11.6,501,9.1,7.7,10.6,436,13.3,12.1,14.6,640,4.1,3.7,4.4,195,6
332,231,52,93,23,3,70,-20,70,12.2,7.1,5.1,4.4,-13.3,-9.0,1052,31.2,27.9,26.6,14.3,11.6,17.2,16.6,67,2.3,94.4,224.8,199.9,72.9,66.5,6.2,5.4,0,19.9,50.9,49.0,52.9,9.1,8.3,9.9,351,9.1,7.8,10.4,351,14.8,13.8,15.7,572,3.7,3.4,4.0,143,6
3415,1695,11878,309,254,111,600,92,1309,11.6,11.7,-0.1,0.4,2.1,2.5,4932,19.0,36.0,28.0,17.1,17.1,24.8,23.9,585,3.1,91.6,229.5,205.0,80.1,72.3,7.0,6.2,7,24.7,51.0,49.4,52.6,8.9,8.1,9.7,2670,9.3,8.2,10.6,2809,15.7,14.7,16.6,4738,3.8,3.6,4.1,1150,5
9062,4882,68635,720,3288,237,5574,-268,5009,12.4,9.7,2.7,1.3,-5.9,-4.6,7972,8.8,28.2,36.2,26.8,15.4,23.7,22.6,2596,4.0,75.4,263.2,231.8,90.3,81.7,7.3,6.3,24,19.9,46.8,45.3,48.4,6.6,6.2,7.1,7026,7.0,6.2,7.8,7403,13.3,12.5,14.0,14108,3.3,3.1,3.5,3481,2
79,31,16,1645,1,2,50,21,3,24.2,14.3,9.9,0.0,1.0,1.0,212,20.4,39.8,30.5,9.4,45.7,51.3,50.4,42,5.9,45.5,240.4,219.1,92.8,84.8,9.2,8.6,0,11.7,60.1,58.0,62.2,10.9,10.2,11.7,134,11.3,10.1,12.6,140,18.1,17.1,19.1,223,4.6,4.4,5.0,57,6
691,386,2709,23,8,2,100,9,67,10.7,9.6,1.0,0.0,0.0,0.0,837,15.7,35.1,33.9,15.3,20.1,27.6,25.2,167,6.0,88.3,191.3,174.8,65.9,61.2,7.1,6.7,0,26.6,53.1,51.3,54.8,9.9,9.1,10.6,590,10.6,9.4,11.8,632,16.2,15.3,17.1,971,4.0,3.8,4.3,240,6
1406,689,201,96,163,11,229,-23,1019,9.3,11.6,-2.3,-0.4,1.4,0.9,2315,20.9,35.8,29.5,13.9,13.6,18.3,17.5,300,3.6,83.2,228.7,202.9,79.1,71.9,7.0,6.1,0,25.1,46.1,43.9,48.3,8.4,7.6,9.4,1107,10.1,8.6,11.6,1319,12.6,11.6,13.7,1658,3.3,3.1,3.6,435,3
1516,871,10949,37,124,3,236,92,1866,10.3,11.0,-0.7,0.0,5.2,5.3,2805,19.8,42.5,23.7,14.0,25.9,39.6,41.3,358,5.0,67.3,228.7,202.9,79.1,71.9,7.0,6.1,0,21.9,49.3,47.5,51.0,9.0,8.3,9.7,1437,10.3,9.3,11.5,1651,17.3,16.4,18.4,2773,4.2,3.9,4.4,666,6
1222,530,61,27,47,7,298,-164,108,10.6,13.7,-3.1,1.8,-9.3,-7.5,2717,24.9,42.9,22.2,10.0,25.5,31.1,29.1,368,7.2,73.1,230.9,214.6,77.3,72.9,8.3,7.6,6,23.3,61.1,58.7,63.3,11.8,10.8,13.0,1400,15.6,13.5,17.9,1850,16.4,15.2,17.7,1952,4.0,3.6,4.3,471,6
383,273,38,24,11,0,48,44,50,13.7,10.0,3.7,0.9,5.6,6.5,277,9.2,37.7,29.6,23.6,9.1,11.0,10.1,96,4.4,97.1,240.4,219.1,92.8,84.8,9.2,8.6,0,28.8,40.9,38.3,43.4,8.2,7.2,9.1,270,6.4,5.3,7.5,213,10.6,9.6,11.7,352,3.2,2.9,3.5,106,6
242,125,30,68,50,5,48,-120,13,11.6,9.0,2.6,0.8,-34.2,-33.5,501,20.5,29.3,29.1,21.0,9.6,13.4,12.0,48,2.1,110.3,224.8,199.9,72.9,66.5,6.2,5.4,0,17.7,48.0,46.2,49.6,8.2,7.4,9.0,216,8.3,7.0,9.5,219,12.9,12.0,13.8,342,3.3,3.0,3.5,86,6
1701,1064,203,167,135,12,396,-8,868,10.9,10.6,0.2,0.4,-1.0,-0.6,1583,11.5,41.9,29.0,17.7,17.2,24.0,22.6,301,3.1,78.2,273.1,236.3,86.6,79.0,7.0,6.3,6,24.5,49.2,46.8,51.5,9.2,8.3,10.3,1444,10.7,9.1,12.6,1683,12.9,11.8,14.0,2016,3.5,3.2,3.8,543,6
1498,898,172,255,186,35,323,-34,447,10.0,10.8,-0.8,1.7,-2.8,-1.1,2106,17.4,40.1,30.7,11.8,18.3,23.2,20.8,266,3.6,92.8,207.6,188.2,79.9,75.0,7.0,6.5,0,26.1,49.3,47.2,51.4,10.8,9.8,11.8,1481,11.7,10.1,13.3,1603,14.4,13.3,15.4,1979,3.8,3.5,4.1,517,6
2329,1318,205,330,328,348,737,175,662,11.6,10.4,1.2,0.8,4.6,5.5,1332,7.7,32.7,34.9,24.8,13.9,17.9,16.2,644,5.4,80.1,303.4,271.5,109.4,101.0,9.2,8.3,4,25.9,47.5,45.0,49.8,8.4,7.6,9.3,1721,8.8,7.5,10.2,1812,12.1,11.1,13.2,2491,3.4,3.1,3.7,693,5
1465,811,194,50,88,0,185,-48,511,8.8,11.2,-2.4,0.1,-0.5,-0.4,1432,11.6,46.0,25.1,17.2,16.1,21.0,20.2,377,4.8,105.3,263.4,231.6,100.1,89.4,10.5,9.2,0,26.8,55.7,53.4,57.8,10.5,9.5,11.6,1411,12.9,11.1,14.8,1732,15.3,14.1,16.5,2059,3.5,3.3,3.8,475,5
1264,629,4782,69,131,10,242,-68,147,11.6,11.5,0.1,-0.1,-3.9,-4.0,2261,20.1,34.4,30.0,15.5,24.5,36.6,32.9,298,3.8,66.2,228.7,202.9,79.1,71.9,7.0,6.1,0,20.5,48.4,46.5,50.2,8.9,8.2,9.6,1140,10.4,9.2,11.7,1343,15.5,14.6,16.4,1999,3.8,3.6,4.1,493,6
846,341,51,134,57,13,125,172,258,10.9,7.7,3.1,-0.4,19.8,19.4,368,7.2,24.0,41.5,27.3,10.5,14.5,13.6,122,3.2,73.3,216.2,199.9,65.3,62.2,5.8,5.4,0,29.8,40.6,38.1,42.9,7.8,7.0,8.7,462,6.7,5.6,8.0,396,11.8,10.7,12.9,696,3.3,3.1,3.6,197,6
293,161,172,79,30,5,68,191,48,15.6,7.4,8.1,1.8,23.7,25.5,755,22.9,31.1,25.6,20.4,13.6,19.6,18.7,68,2.4,93.2,224.8,199.9,72.9,66.5,6.2,5.4,0,16.2,46.7,44.6,48.7,7.0,6.5,7.6,279,7.0,6.1,7.9,277,12.4,11.7,13.2,494,3.0,2.9,3.2,120,4
4206,2312,2577,79,331,10,577,-206,4889,7.9,11.7,-3.8,0.6,-1.3,-0.7,3562,10.9,49.2,23.0,16.9,13.7,18.9,17.1,1047,5.3,80.5,320.5,273.3,100.8,88.2,8.7,7.2,7,25.9,45.0,42.6,47.1,8.3,7.5,9.2,3085,9.0,7.6,10.4,3333,12.4,11.3,13.4,4578,3.3,3.0,3.5,1207,5
1084,753,197,279,129,3,329,-13,327,11.5,9.3,2.2,0.7,-3.7,-3.0,728,7.5,33.8,38.7,20.1,9.2,11.0,10.1,369,4.2,81.8,302.7,265.0,104.9,96.0,7.4,6.6,0,24.9,44.6,42.3,46.8,6.9,6.2,7.6,757,6.1,5.2,7.0,669,9.7,8.9,10.5,1065,2.9,2.7,3.2,322,6
894,274,39,95,58,27,195,279,34,7.3,7.3,0.0,-0.1,36.8,36.7,346,6.3,27.4,39.2,27.2,12.8,19.4,16.6,141,4.2,102.4,192.6,181.6,73.9,68.9,5.8,5.5,0,35.3,43.1,40.5,45.6,8.8,7.9,9.8,559,7.9,6.7,9.4,500,13.1,11.8,14.3,829,3.5,3.2,3.8,223,3
404,267,36,487,10,0,107,114,373,15.6,8.1,7.5,29.5,-14.2,15.2,256,7.8,32.4,35.7,24.0,12.0,18.1,19.4,91,3.8,99.7,240.4,219.1,92.8,84.8,9.2,8.6,0,27.0,41.0,38.8,43.0,7.7,6.9,8.5,303,6.0,5.1,7.0,236,10.4,9.5,11.3,409,3.1,2.9,3.3,120,6
76,35,14,2,0,0,4,-4,0,9.6,4.1,5.5,2.7,-13.7,-10.9,15,2.9,29.2,47.2,20.7,12.5,25.0,24.4,13,3.4,90.2,239.2,214.5,88.2,80.3,6.8,6.2,0,25.3,47.9,45.3,50.4,8.4,7.5,9.2,47,7.7,6.6,8.8,43,11.9,10.9,13.0,67,3.3,3.1,3.6,19,5
749,360,38,36,48,0,107,37,16,7.2,11.1,-3.9,1.0,8.8,9.8,669,14.2,45.5,24.7,15.6,15.5,24.1,23.2,98,3.6,71.7,367.1,322.7,130.3,121.5,11.7,9.9,0,32.5,40.8,38.6,42.9,9.9,8.9,11.0,509,10.3,8.7,12.0,527,12.7,11.6,13.9,656,3.8,3.5,4.1,193,5
1030,474,106,137,45,54,173,53,456,13.7,7.3,6.4,0.5,-3.0,-2.4,1016,12.3,32.0,34.8,20.9,15.3,22.2,21.0,189,2.4,92.1,192.6,181.6,73.9,68.9,5.8,5.5,0,22.8,42.0,39.5,44.1,7.8,7.0,8.6,761,7.6,6.4,8.8,739,11.5,10.5,12.5,1125,3.2,3.0,3.5,313,5
103102,53919,68511,3792,13271,851,13234,15104,8484,9.0,10.5,-1.6,5.4,16.3,21.7,64525,12.0,30.8,29.4,27.8,12.1,18.4,16.7,11634,3.4,101.6,265.2,240.7,86.8,80.1,6.9,6.0,141,34.2,37.6,35.7,39.4,10.1,9.0,11.1,62563,10.0,8.4,11.7,62499,13.0,11.9,14.0,80680,3.9,3.6,4.2,24146,3
224,113,12,414,83,2,261,-8,19,8.8,21.9,-13.2,4.8,4.8,9.6,219,11.7,37.6,30.0,20.7,11.6,16.0,13.6,74,7.0,77.2,276.9,256.7,112.8,105.6,9.6,8.5,0,30.5,44.6,42.3,46.6,9.1,8.2,10.0,182,9.2,7.9,10.6,185,13.1,12.1,14.1,263,3.6,3.4,3.9,72,6
23650,12676,5317,8944,8663,3562,12618,5651,10760,13.2,8.3,4.9,1.4,10.1,11.4,32419,14.7,27.7,34.8,22.8,14.5,19.2,17.1,6960,4.3,89.3,303.4,271.5,109.4,101.0,9.2,8.3,68,20.8,44.0,42.2,45.8,7.3,6.7,8.1,19197,7.8,6.8,9.0,20470,12.0,11.1,12.9,31375,3.1,2.9,3.3,8090,3
417,271,79,55,16,8,74,-8,334,9.0,9.0,0.0,10.9,-13.0,-2.1,731,26.6,35.6,28.1,9.6,21.1,26.6,23.6,59,4.7,71.2,224.8,199.9,72.9,66.5,6.2,5.4,0,23.5,54.7,52.7,56.6,11.6,10.8,12.6,356,9.9,8.8,11.1,302,18.8,17.8,19.9,576,4.7,4.4,5.0,144,6
3403,1955,13313,216,169,10,576,-476,1231,11.9,13.8,-1.8,0.2,-10.5,-10.3,4579,16.8,41.6,26.6,15.1,26.0,34.5,32.6,897,6.1,73.0,260.3,231.8,84.1,75.8,9.1,7.8,16,25.0,55.1,53.3,56.6,10.8,10.0,11.7,3248,12.3,10.8,13.7,3678,17.6,16.6,18.5,5281,4.4,4.1,4.7,1324,3
799,400,388,689,27,9,403,-133,171,10.7,12.7,-2.0,0.1,-13.4,-13.3,1019,16.3,36.3,30.0,17.4,16.9,28.5,26.4,149,4.2,72.9,206.7,189.1,73.9,68.5,6.2,5.8,0,27.3,51.5,49.3,53.6,10.8,9.9,11.9,724,11.1,9.7,12.7,744,15.4,14.4,16.5,1031,4.0,3.7,4.2,264,6
1390,718,92,135,111,2,257,82,194,12.0,10.7,1.3,0.7,3.5,4.2,1164,11.2,42.0,33.6,13.2,12.9,21.1,20.3,355,5.0,85.5,287.0,249.7,97.8,87.6,7.9,6.7,0,26.9,48.9,46.5,51.0,10.0,9.0,10.9,1162,11.4,9.8,13.0,1323,13.4,12.3,14.4,1555,3.6,3.3,3.9,420,5
9018,3977,421,264,344,65,747,668,636,8.4,14.3,-5.8,0.6,16.4,17.0,6218,14.0,40.0,27.8,18.3,14.4,24.4,21.8,1017,4.4,88.8,253.1,225.8,85.1,77.8,8.1,7.4,12,36.5,51.7,49.2,54.0,11.9,10.7,13.2,5862,12.7,10.8,14.7,6254,15.9,14.5,17.3,7845,4.1,3.8,4.5,2028,5
2427,1005,3732,85,361,11,401,553,982,6.8,7.5,-0.7,-0.1,24.8,24.7,1535,9.1,25.7,26.0,39.2,6.7,7.9,7.2,323,3.0,123.0,263.2,231.8,90.3,81.7,7.3,6.3,0,28.5,41.0,38.7,43.1,7.5,6.7,8.3,1430,7.3,6.1,8.6,1404,11.6,10.6,12.5,2217,3.1,2.9,3.4,599,2
5959,2777,506,1155,1810,95,2282,3220,3273,11.6,5.2,6.5,1.8,20.8,22.6,2188,3.3,18.8,28.9,49.0,9.0,7.6,6.6,1674,2.5,122.3,247.1,236.2,91.5,88.0,9.8,9.4,8,17.0,25.7,23.9,27.5,4.7,4.2,5.2,4209,4.6,3.8,5.4,4082,6.8,6.1,7.5,6052,2.2,2.0,2.4,1955,5
1461,713,111,70,37,5,280,-183,133,10.5,15.5,-5.0,0.0,-8.8,-8.8,2384,24.7,37.5,27.5,10.3,23.3,35.8,32.6,258,4.8,61.9,273.1,236.3,86.6,79.0,7.0,6.3,0,29.1,54.7,52.3,57.1,12.1,11.0,13.5,1266,14.7,12.6,17.0,1532,16.6,15.2,18.0,1725,4.4,4.0,4.8,455,6
433,264,15,42,21,1,86,27,45,8.9,7.6,1.4,0.3,6.0,6.2,131,4.9,37.1,32.5,25.5,10.0,12.4,11.3,54,3.0,95.5,247.1,236.2,91.5,88.0,9.8,9.4,0,35.4,38.8,36.2,41.1,8.5,7.5,9.5,253,7.3,6.1,8.5,217,11.3,10.1,12.4,335,3.4,3.1,3.6,100,6
5953,3194,1930,375,6520,60,1398,324,1148,12.6,8.8,3.9,5.4,-5.4,0.0,5020,9.1,32.6,26.0,32.3,10.1,12.6,11.4,1185,2.6,113.2,230.8,212.0,80.3,74.4,6.5,6.1,17,20.8,46.3,43.9,48.5,7.1,6.4,7.9,4489,8.5,7.0,9.9,5341,11.8,10.7,12.8,7412,2.8,2.6,3.1,1785,4
42062,24639,7491,4629,9181,382,4135,7616,7384,16.9,5.3,11.6,1.4,-4.1,-2.7,168031,35.5,23.2,22.9,18.4,30.0,40.4,40.6,22881,6.6,64.0,224.8,199.9,72.9,66.5,6.2,5.4,271,14.2,54.8,52.2,57.2,7.9,7.2,8.7,46347,6.8,5.8,7.8,39531,17.2,15.9,18.6,100541,4.0,3.6,4.3,23101,3
4239,2388,12972,423,365,142,978,-55,7784,10.5,12.7,-2.2,1.4,-0.3,1.1,6825,19.3,37.4,29.8,13.4,23.5,33.5,33.5,696,4.0,71.3,265.2,240.7,86.8,80.1,6.9,6.0,7,24.8,52.2,50.6,53.8,10.1,9.3,10.9,3954,11.4,10.1,12.9,4501,15.6,14.7,16.5,6138,3.9,3.6,4.1,1520,6
571,511,136,81,59,13,130,143,928,10.4,5.0,5.4,2.1,7.8,10.0,224,4.2,25.4,35.9,34.5,13.9,9.9,8.9,136,2.4,93.7,239.2,214.5,88.2,80.3,6.8,6.2,0,20.9,39.1,36.9,41.2,6.2,5.6,6.8,467,5.7,4.8,6.5,425,8.4,7.7,9.1,634,2.6,2.4,2.8,196,6
2756,1383,860,162,140,8,392,-7,371,10.3,14.1,-3.8,1.4,2.2,3.6,3647,19.6,42.9,23.6,13.9,20.3,29.3,25.7,455,4.4,72.0,253.1,225.8,85.1,77.8,8.1,7.4,0,29.0,53.8,51.5,56.1,11.1,10.0,12.3,2278,13.2,11.3,15.2,2698,15.9,14.6,17.1,3247,4.0,3.7,4.3,810,6
1694,914,686,177,1178,11,301,-209,249,12.6,10.1,2.4,2.6,-14.6,-12.0,2788,19.3,33.3,32.5,15.0,14.2,24.0,22.7,464,4.1,85.9,224.8,199.9,72.9,66.5,6.2,5.4,6,22.3,48.0,46.3,49.6,8.7,8.0,9.3,1417,7.8,6.8,8.7,1267,14.8,14.1,15.6,2426,3.5,3.3,3.7,576,5
4715,2036,251,2646,368,85,1550,593,266,9.9,10.6,-0.7,0.1,13.8,13.9,2982,9.5,34.5,37.5,18.5,13.5,19.4,18.5,1309,7.1,69.1,278.8,246.3,100.6,91.7,6.9,6.1,0,30.0,37.8,35.8,39.7,9.3,8.4,10.2,3294,9.0,7.7,10.4,3209,12.3,11.2,13.3,4359,3.7,3.4,4.0,1322,3
2221,1330,5253,242,143,8,690,91,567,13.4,12.8,0.6,0.0,2.3,2.3,3918,18.9,41.7,23.5,15.9,17.7,23.8,22.4,637,4.7,92.7,260.3,231.8,84.1,75.8,9.1,7.8,5,22.1,49.7,47.6,51.7,9.1,8.3,10.0,2145,10.9,9.5,12.5,2561,13.8,12.9,14.8,3247,3.6,3.3,3.9,843,6
768,458,102,130,46,3,135,0,51,8.5,8.3,0.2,0.1,-0.3,-0.2,558,9.0,33.3,34.3,23.4,10.6,14.3,14.4,129,3.1,100.9,224.8,199.9,72.9,66.5,6.2,5.4,0,26.7,45.4,43.0,47.8,8.5,7.6,9.4,587,8.3,7.0,9.7,572,12.3,11.2,13.3,846,3.3,3.0,3.5,225,4
1019,614,84,3972,83,8,554,-116,593,18.3,9.1,9.1,0.2,-16.4,-16.2,1067,10.4,29.7,35.4,24.5,13.5,17.6,17.3,274,3.6,90.7,247.1,236.2,91.5,88.0,9.8,9.4,6,19.3,48.9,47.2,50.6,7.8,7.1,8.5,920,7.8,6.8,8.9,922,11.2,10.5,12.0,1330,3.3,3.1,3.5,388,6
3369,1602,565,622,1066,104,1646,1207,2617,9.1,6.7,2.4,1.9,21.4,23.2,2142,7.9,23.5,33.8,34.8,15.8,12.8,11.8,1190,5.3,75.1,278.8,246.3,100.6,91.7,6.9,6.1,6,21.3,32.8,31.0,34.8,6.1,5.5,6.7,2387,5.9,5.0,6.9,2316,8.7,7.9,9.4,3402,2.7,2.5,2.9,1054,5
13020,6684,3628,2600,6591,518,6679,3424,1422,13.6,7.2,6.4,2.1,8.7,10.7,12365,9.9,24.3,35.9,30.0,9.8,13.5,12.7,5160,5.2,93.5,278.8,246.3,100.6,91.7,6.9,6.1,44,19.9,43.1,41.1,44.9,6.5,5.9,7.2,9649,6.3,5.4,7.4,9347,10.0,9.3,10.9,14832,2.9,2.7,3.1,4303,3
1620,1114,123,48,109,4,272,-84,257,10.8,9.5,1.4,0.1,-6.0,-5.9,716,5.4,33.6,37.1,24.0,8.5,9.2,8.0,299,2.9,84.8,302.7,265.0,104.9,96.0,7.4,6.6,0,27.8,40.9,38.5,43.3,7.2,6.5,8.0,1051,6.1,5.1,7.1,881,10.1,9.2,11.1,1476,3.1,2.8,3.3,445,4
10627,5489,8411,2390,2054,112,3704,2777,2300,12.0,10.8,1.2,1.2,18.4,19.7,9936,11.4,30.9,37.2,20.5,12.3,16.6,15.7,2061,3.2,84.8,224.8,199.9,72.9,66.5,6.2,5.4,62,23.6,48.7,46.3,50.7,8.3,7.4,9.1,8434,8.4,7.2,9.6,8574,12.7,11.6,13.7,12980,3.3,3.1,3.5,3351,4
14000,6615,16296,1696,4230,404,3402,2709,2756,12.8,7.9,4.9,1.7,7.0,8.6,27479,21.6,27.5,26.9,24.0,13.2,20.2,19.9,3235,3.2,105.1,228.7,202.9,79.1,71.9,7.0,6.1,85,19.1,41.7,40.1,43.4,7.6,6.9,8.3,11404,8.3,7.1,9.5,12509,12.6,11.7,13.4,18986,3.1,2.9,3.4,4747,4
1621,992,1486,479,1642,50,569,-242,547,16.9,5.7,11.2,1.8,-19.7,-17.8,6275,29.1,21.7,32.2,17.1,13.2,17.5,16.4,514,2.5,96.7,227.6,206.5,88.0,80.5,6.8,6.3,8,15.0,50.3,48.6,51.9,6.5,6.0,7.1,1666,7.2,6.3,8.1,1841,12.9,12.1,13.6,3289,3.0,2.9,3.2,776,5
3120,1659,9285,163,382,19,751,-147,501,10.8,12.3,-1.5,2.3,-5.4,-3.1,3039,13.1,39.4,26.7,20.8,15.4,27.0,25.2,799,5.2,58.6,386.0,306.1,116.2,97.6,9.6,7.5,0,27.5,51.6,49.9,53.2,9.0,8.2,9.8,2267,9.7,8.5,11.1,2443,16.0,15.0,17.0,4037,3.7,3.5,4.0,943,5
8132,4277,2937,604,494,41,2088,-216,5120,10.4,10.1,0.3,0.6,-3.1,-2.5,6278,9.2,37.1,32.8,20.9,10.4,14.0,13.2,1918,4.1,98.4,287.0,249.7,97.8,87.6,7.9,6.7,0,24.2,48.2,45.9,50.4,8.4,7.6,9.2,6482,9.5,8.1,10.8,7337,11.6,10.7,12.6,9005,3.2,3.0,3.4,2465,5
14736,7261,3416,455,2711,96,3282,1295,1718,11.0,8.7,2.3,0.4,3.6,4.1,13641,9.8,33.0,29.2,28.0,8.2,10.2,9.3,4324,4.1,116.2,292.7,248.6,93.7,83.7,8.3,7.1,16,21.3,48.8,46.2,51.0,7.4,6.6,8.2,11684,8.6,7.2,10.1,13628,12.0,10.8,13.2,19002,2.8,2.6,3.1,4489,2
1398,752,1466,40,14,2,238,-58,217,9.7,14.1,-4.3,-0.1,0.3,0.2,1741,17.6,39.9,30.0,12.5,17.4,25.3,23.1,218,3.8,82.1,217.1,196.7,77.2,71.2,7.6,6.9,0,27.2,54.4,52.1,56.4,11.1,10.1,12.3,1213,12.4,10.7,14.2,1345,16.8,15.5,18.0,1823,4.1,3.8,4.4,442,6
13438,8223,15078,2511,2789,221,7439,-674,4392,11.9,10.2,1.7,0.6,-6.1,-5.5,9572,8.0,31.3,29.9,30.8,13.9,17.5,15.2,3184,3.5,92.2,227.6,206.5,88.0,80.5,6.8,6.3,52,23.3,47.7,45.8,49.6,7.0,6.3,7.6,9435,7.6,6.4,8.8,10254,12.4,11.5,13.4,16865,3.1,2.9,3.3,4188,4
8619,4065,22943,606,3907,214,4797,1436,524,11.4,7.4,4.1,1.2,5.5,6.8,8555,9.8,29.6,29.1,31.5,7.5,10.1,9.6,2006,3.0,119.4,263.2,231.8,90.3,81.7,7.3,6.3,12,17.9,44.1,42.2,45.9,6.2,5.6,6.8,6269,6.8,5.8,7.8,6842,10.6,9.8,11.4,10740,2.7,2.6,2.9,2766,2
279,224,23,10,13,2,46,-55,64,8.9,14.5,-5.7,0.0,-13.8,-13.8,140,6.7,30.6,40.0,22.8,11.6,16.3,16.2,44,3.2,83.4,227.6,206.5,88.0,80.5,6.8,6.3,0,30.8,46.3,43.7,49.0,8.9,7.9,10.0,205,8.4,7.0,9.9,192,12.8,11.6,14.1,294,3.4,3.1,3.7,78,6
3661,2305,3404,1982,2194,53,1956,198,3519,14.0,7.1,6.8,4.4,-8.4,-4.1,2117,5.1,23.2,37.1,34.5,12.9,10.6,9.3,859,2.3,83.2,237.6,217.1,87.0,79.6,10.5,9.7,26,16.7,41.4,39.2,43.5,5.9,5.4,6.5,3297,5.4,4.7,6.2,3020,8.9,8.2,9.6,4950,2.5,2.3,2.6,1375,4
5868,3552,1978,407,306,13,1473,-396,3235,11.2,12.5,-1.2,0.4,-4.4,-4.0,8026,15.2,42.0,27.9,15.0,22.6,28.8,27.8,1957,6.8,73.5,292.7,248.6,93.7,83.7,8.3,7.1,16,23.4,55.2,53.2,57.0,10.0,9.1,11.0,5930,12.6,10.9,14.4,7463,14.7,13.5,15.7,8669,3.6,3.3,3.9,2130,5
1727,631,1924,131,177,1,269,277,635,14.8,10.9,3.8,1.8,5.8,7.6,2809,18.3,38.9,30.1,12.6,16.1,23.6,23.0,565,6.4,105.6,191.3,174.8,65.9,61.2,7.1,6.7,6,20.3,50.6,48.3,52.8,8.1,7.4,8.8,1443,9.5,8.4,10.9,1704,12.5,11.6,13.4,2232,3.1,2.9,3.3,547,6
6282,4191,1183,444,2007,67,1377,-36,1274,9.8,8.9,0.8,1.3,-2.6,-1.2,3323,5.7,29.0,31.2,34.0,11.3,13.5,12.2,1618,4.0,102.5,287.0,249.7,97.8,87.6,7.9,6.7,26,23.0,40.6,38.1,42.8,7.5,6.7,8.4,4934,8.1,6.8,9.5,5330,9.9,9.0,10.9,6516,3.0,2.7,3.2,1936,4
9108,5141,2028,410,900,47,1548,444,4039,8.8,9.8,-0.9,0.3,5.1,5.3,8126,11.4,40.5,25.7,22.4,8.0,11.2,9.5,1805,3.3,103.3,320.5,273.3,100.8,88.2,8.7,7.2,8,25.9,44.6,42.4,47.0,7.6,6.9,8.5,6259,8.1,6.9,9.5,6647,11.5,10.6,12.6,9473,3.0,2.8,3.3,2498,4
2930,1260,3606,1913,77,7,1582,-120,229,10.8,12.4,-1.6,-0.1,-1.8,-1.9,4919,21.0,41.5,25.8,11.7,19.3,31.4,33.2,583,4.2,88.0,217.1,196.7,77.2,71.2,7.6,6.9,6,23.2,46.3,44.4,48.3,9.8,9.0,10.6,2523,11.4,10.1,12.8,2956,15.3,14.4,16.3,3964,3.7,3.5,4.0,958,4
1068,644,86,172,66,7,322,-11,90,10.3,10.3,0.0,0.1,-0.9,-0.8,1030,12.8,42.8,26.4,18.1,17.6,23.9,19.9,160,3.1,76.4,273.1,236.3,86.6,79.0,7.0,6.3,4,25.1,49.0,46.4,51.3,9.9,8.9,10.9,896,11.5,9.8,13.1,1040,13.6,12.4,14.7,1232,3.7,3.4,4.0,332,6
8804,4754,39869,1036,1660,197,2915,-9,2306,12.8,11.4,1.4,2.2,-3.7,-1.4,13051,15.9,30.5,34.0,19.5,20.2,31.5,29.4,2271,4.3,77.1,255.0,223.5,86.2,78.1,7.1,6.2,16,21.1,54.4,52.8,56.0,8.5,7.8,9.1,7953,9.1,8.1,10.3,8592,15.0,14.2,16.0,14146,3.7,3.5,3.9,3463,4
1546,966,183,110,73,233,302,303,349,12.7,14.4,-1.7,-0.6,19.4,18.8,2121,17.3,35.6,33.1,14.0,17.4,26.5,25.0,285,4.0,80.3,207.6,188.2,79.9,75.0,7.0,6.5,2,27.6,51.6,49.1,53.7,10.8,9.9,11.9,1485,11.6,10.1,13.3,1594,14.5,13.4,15.6,1989,3.8,3.5,4.1,523,6
411,261,36,2398,8,1,519,-60,79,18.9,12.3,6.7,0.0,-17.5,-17.5,439,13.1,37.9,36.8,12.2,20.9,29.7,27.5,106,4.6,61.4,302.7,265.0,104.9,96.0,7.4,6.6,0,23.1,50.8,49.1,52.4,10.4,9.7,11.2,393,9.5,8.5,10.5,360,15.7,14.8,16.6,593,4.3,4.0,4.6,162,6
5819,3079,924,334,1282,48,1083,334,1575,12.7,9.0,3.7,0.8,-0.3,0.6,7595,14.5,35.2,27.6,22.7,9.0,12.3,11.6,1130,2.6,102.9,230.8,212.0,80.3,74.4,6.5,6.1,14,21.3,43.1,40.9,45.4,7.4,6.6,8.2,4442,9.4,8.0,10.9,5674,11.9,10.9,12.9,7195,3.0,2.7,3.2,1793,5
1195,834,132,90,93,2,219,116,1321,10.5,8.8,1.7,1.4,3.7,5.1,643,5.9,26.9,38.0,29.2,7.2,7.3,6.3,225,2.6,118.9,239.2,214.5,88.2,80.3,6.8,6.2,0,23.3,39.0,36.9,41.0,6.2,5.7,6.9,825,6.0,5.1,7.0,798,8.6,7.9,9.4,1139,2.7,2.5,2.9,351,3
1526,841,9011,55,163,10,213,-232,2184,7.8,13.6,-5.8,1.5,-9.7,-8.2,2575,21.0,37.5,27.2,14.3,22.5,27.0,25.0,292,4.9,57.6,263.2,231.8,90.3,81.7,7.3,6.3,0,27.4,55.4,53.7,57.0,9.5,8.8,10.2,1301,10.0,8.9,11.1,1372,16.9,15.9,17.7,2311,4.2,4.0,4.5,582,6
2593,1461,311,236,274,15,544,435,1514,11.8,12.9,-1.1,-0.1,14.8,14.7,2522,12.5,37.1,30.1,20.3,16.2,23.8,22.7,523,3.6,83.3,273.1,236.3,86.6,79.0,7.0,6.3,8,23.5,47.2,44.6,49.5,8.4,7.5,9.3,2086,9.9,8.4,11.4,2456,11.8,10.8,12.9,2940,3.2,2.9,3.5,796,3
2210,1208,305,87,213,19,488,74,1890,12.1,10.0,2.1,0.4,-0.1,0.3,2022,10.5,48.4,24.5,16.6,14.7,17.7,16.0,611,4.4,88.3,292.7,248.6,93.7,83.7,8.3,7.1,0,20.9,49.0,46.8,51.1,8.0,7.3,8.9,1945,9.8,8.5,11.1,2360,12.1,11.1,13.0,2926,3.0,2.8,3.3,729,6
1808,1126,168,80,164,7,284,-54,795,9.5,9.5,0.0,0.7,-3.2,-2.5,1264,8.3,37.5,33.8,20.5,8.9,13.6,12.6,534,4.9,90.9,284.4,240.5,99.6,87.2,7.0,5.8,4,25.4,45.3,42.7,48.0,7.6,6.9,8.4,1325,8.6,7.4,9.9,1491,10.7,9.7,11.6,1855,3.0,2.8,3.3,530,2
2995,1786,304,632,505,108,1016,983,337,15.7,7.3,8.4,0.4,9.2,9.7,2115,6.8,30.9,39.0,23.3,7.3,9.2,8.6,773,3.0,87.8,216.2,199.9,65.3,62.2,5.8,5.4,0,17.7,41.1,39.0,43.1,6.1,5.5,6.6,2272,5.7,4.9,6.6,2147,9.9,9.1,10.6,3705,2.7,2.6,2.9,1029,3
20069,11499,10704,484,3569,61,4117,144,2810,9.4,10.9,-1.5,1.8,0.4,2.2,13190,8.0,31.9,32.2,27.9,7.5,10.6,9.6,5886,4.7,117.3,292.7,248.6,93.7,83.7,8.3,7.1,27,25.5,45.2,43.1,47.5,7.7,6.9,8.5,14174,8.5,7.2,9.9,15605,11.8,10.8,12.9,21705,3.0,2.8,3.2,5514,2
1691,711,34,492,56,6,309,152,188,9.3,11.8,-2.5,-0.3,15.7,15.5,942,10.7,42.7,29.5,17.1,16.0,24.8,24.2,304,6.4,72.1,247.1,236.2,91.5,88.0,9.8,9.4,0,37.5,42.7,40.3,44.9,11.7,10.5,13.0,1139,10.8,9.2,12.6,1055,15.5,14.2,16.8,1515,4.5,4.1,4.9,436,6
4102,2100,611,405,242,13,807,567,557,11.3,10.7,0.5,0.4,10.8,11.2,4423,13.2,40.3,30.6,15.9,15.6,23.0,20.6,1012,4.3,86.3,287.0,249.7,97.8,87.6,7.9,6.7,9,25.5,49.9,47.7,52.0,9.8,8.8,10.7,3698,11.0,9.5,12.6,4166,13.0,11.9,14.0,4911,3.6,3.3,3.9,1354,6
3933,2315,8855,153,152,12,831,-73,992,11.8,13.1,-1.3,0.3,-0.4,-0.1,5027,15.1,38.8,28.2,17.8,16.5,22.8,20.1,955,4.5,81.6,253.1,225.8,85.1,77.8,8.1,7.4,3,23.8,54.0,52.0,55.9,9.5,8.7,10.4,3538,11.2,9.7,12.7,4154,15.1,14.1,16.1,5611,3.7,3.4,3.9,1356,6
15649,9854,3277,4776,2314,102,4964,-44,9127,9.8,10.3,-0.5,0.5,-0.1,0.3,7871,5.8,28.0,37.5,28.7,14.7,14.5,13.1,3755,3.7,76.6,302.7,265.0,104.9,96.0,7.4,6.6,179,25.1,38.4,36.4,40.3,7.3,6.6,8.1,11791,5.9,5.0,6.9,9577,9.5,8.6,10.4,15343,3.0,2.8,3.2,4793,3
459,251,20,248,78,8,147,-41,74,8.8,9.3,-0.5,2.6,-12.4,-9.8,312,11.5,29.4,41.8,17.3,14.2,23.3,20.5,90,5.5,80.9,192.6,181.6,73.9,68.9,5.8,5.5,0,32.7,49.7,47.3,51.9,10.8,9.8,11.9,323,10.0,8.5,11.5,297,14.9,13.8,16.1,446,4.2,3.9,4.5,126,6
57515,35587,28052,1810,5882,368,4417,6143,4550,8.5,10.0,-1.5,7.8,10.1,17.9,37344,13.6,25.4,24.8,36.2,10.6,18.5,17.4,6096,3.4,127.4,265.2,240.7,86.8,80.1,6.9,6.0,73,37.0,39.6,37.3,41.7,10.5,9.3,11.8,33023,9.6,7.8,11.4,30066,13.8,12.5,15.1,43370,4.0,3.7,4.4,12587,3
2535,1570,260,154,145,9,349,-77,596,10.1,11.1,-1.0,0.1,-1.8,-1.7,1799,8.7,38.5,34.5,18.3,10.6,13.0,12.1,486,3.2,93.2,264.9,238.3,94.6,86.4,7.9,7.1,0,27.5,48.2,46.0,50.6,8.0,7.2,8.8,1803,7.5,6.4,8.8,1708,10.7,9.7,11.7,2419,3.2,3.0,3.5,735,5
854,492,136,916,43,6,297,-14,116,11.6,12.6,-1.0,-0.3,-0.1,-0.4,484,7.4,36.0,34.8,21.8,13.3,19.7,18.7,163,3.0,81.7,227.6,206.5,88.0,80.5,6.8,6.3,0,25.5,50.4,48.2,52.5,8.7,7.9,9.5,623,9.0,7.8,10.3,643,13.7,12.7,14.8,983,3.5,3.3,3.7,250,6
677,371,7009,38,31,0,139,-182,1596,12.6,13.2,-0.6,0.0,-15.6,-15.6,1920,25.2,39.0,23.3,12.6,41.7,56.3,54.4,301,8.3,59.2,260.3,231.8,84.1,75.8,9.1,7.8,0,19.4,57.7,55.7,59.7,10.1,9.4,10.8,862,12.4,11.1,13.8,1058,18.8,17.7,19.8,1600,4.6,4.3,4.8,387,6
747,414,29,25,49,6,91,65,84,9.7,10.3,-0.6,0.4,8.1,8.5,497,8.5,43.2,29.5,18.9,9.8,16.1,15.1,136,3.2,108.7,230.8,212.0,80.3,74.4,6.5,6.1,0,26.8,46.6,44.0,49.0,8.3,7.5,9.2,534,9.9,8.5,11.5,633,12.9,11.9,14.1,830,3.2,2.9,3.4,203,6
983,429,45,100,31,1,190,-32,51,9.2,13.0,-3.8,0.1,-0.3,-0.1,994,17.4,40.8,25.6,16.2,17.4,32.9,31.1,112,3.4,76.6,207.6,188.2,79.9,75.0,7.0,6.5,0,33.1,54.2,51.7,56.5,11.7,10.6,13.0,740,12.0,10.2,13.8,754,15.4,14.1,16.6,968,4.0,3.7,4.3,249,5
748,638,37,252,34,1,201,-44,148,10.6,14.2,-3.6,-0.1,-2.0,-2.1,396,6.8,35.7,39.3,18.2,13.0,17.8,16.1,126,3.0,79.7,239.2,214.5,88.2,80.3,6.8,6.2,0,30.8,49.1,47.0,51.1,9.0,8.2,10.0,567,8.6,7.4,9.9,538,12.2,11.2,13.2,762,3.6,3.3,3.9,226,6
21959,13482,34885,1368,11138,236,7563,268,19657,8.5,9.3,-0.8,1.2,0.6,1.7,19326,9.5,26.2,29.1,35.2,9.2,11.0,10.3,5305,3.7,117.7,375.1,304.1,112.9,94.8,10.2,7.4,51,22.6,38.3,36.7,40.1,6.7,6.1,7.4,15968,7.0,6.0,8.2,16811,10.5,9.7,11.3,25005,2.8,2.7,3.0,6758,2
898,424,127,29,7,7,113,26,96,8.6,14.1,-5.6,1.2,7.9,9.1,1084,19.4,46.1,19.9,14.6,21.0,30.7,28.6,142,5.0,65.4,253.1,225.8,85.1,77.8,8.1,7.4,0,31.5,55.6,53.1,58.0,13.1,11.9,14.5,807,15.4,13.3,17.8,950,18.1,16.7,19.6,1116,4.6,4.2,5.0,280,6
4039,1847,10994,173,251,24,532,-116,576,10.1,13.7,-3.6,-0.2,1.1,0.8,5581,19.5,32.9,29.2,18.3,19.7,30.7,33.6,744,4.2,84.6,217.1,196.7,77.2,71.2,7.6,6.9,6,27.0,49.5,47.5,51.4,10.4,9.5,11.4,3349,11.6,10.1,13.3,3725,16.7,15.7,17.9,5377,4.0,3.8,4.3,1295,6
2500,1607,293,79,467,14,439,302,1402,11.3,10.3,0.9,0.3,7.9,8.2,1431,6.6,35.5,31.5,26.4,9.2,9.8,8.6,363,2.0,105.7,218.2,193.1,84.8,77.9,6.9,6.5,3,23.6,42.5,40.2,44.7,7.0,6.2,7.7,1776,6.5,5.5,7.6,1661,9.6,8.7,10.5,2445,2.8,2.6,3.1,725,6
3419,1736,351,902,482,128,1140,740,190,12.7,7.5,5.3,2.3,9.9,12.1,4919,18.2,29.0,33.6,19.2,10.4,15.2,13.8,1151,5.3,89.0,278.8,246.3,100.6,91.7,6.9,6.1,0,22.5,38.3,36.4,40.0,7.9,7.1,8.7,2501,7.5,6.3,8.6,2382,11.4,10.5,12.3,3632,3.3,3.1,3.6,1058,4
963,489,106,22,18,0,114,-73,318,9.7,13.4,-3.7,0.0,-5.0,-5.0,1017,15.6,47.5,20.5,16.3,17.5,25.6,25.7,235,6.2,89.6,263.4,231.6,100.1,89.4,10.5,9.2,0,32.3,58.0,55.7,60.2,12.6,11.4,13.8,873,14.7,12.7,16.8,1021,17.2,15.8,18.6,1194,4.0,3.7,4.4,278,6
33165,21462,132122,4272,31722,658,12033,2794,6560,11.8,7.7,4.2,7.0,-6.2,0.8,51661,13.8,28.7,22.4,35.1,7.8,10.7,10.1,11748,4.3,98.7,306.5,271.0,97.7,87.5,7.6,6.7,80,19.1,36.1,34.6,37.5,6.1,5.7,6.6,26228,5.9,5.2,6.7,25297,11.6,10.9,12.2,49477,3.0,2.8,3.1,12751,1
962,485,36,181,45,31,209,-49,442,8.7,10.0,-1.3,1.6,-5.6,-4.0,289,4.6,29.2,30.7,35.5,13.8,17.0,16.1,158,3.1,86.3,247.1,236.2,91.5,88.0,9.8,9.4,0,29.3,36.2,33.9,38.2,7.6,6.8,8.4,587,6.6,5.6,7.8,513,10.1,9.2,11.0,788,3.1,2.9,3.4,242,6
506,318,418,12,19,1,99,-102,212,8.7,15.2,-6.5,0.0,-16.5,-16.5,713,21.7,39.4,21.4,17.6,17.7,27.8,25.4,104,5.7,88.2,230.9,214.6,77.3,72.9,8.3,7.6,0,30.0,56.6,54.1,59.0,13.0,11.7,14.3,464,15.2,13.0,17.5,545,18.8,17.4,20.2,673,4.5,4.1,4.9,160,6
74,67,28,27,7,1,22,10,35,11.5,15.3,-3.8,1.5,10.0,11.5,110,14.1,45.9,24.2,15.9,12.6,17.3,17.5,19,3.3,97.4,224.8,199.9,72.9,66.5,6.2,5.4,0,19.1,47.5,45.9,48.9,7.9,7.3,8.5,74,7.4,6.6,8.3,70,13.2,12.4,13.9,124,3.3,3.1,3.5,31,6
2131,1414,1381,70,214,26,679,-21,1371,11.9,10.3,1.6,0.5,-2.8,-2.3,2225,11.6,38.2,29.4,20.9,13.5,19.0,17.7,447,3.1,90.8,273.1,236.3,86.6,79.0,7.0,6.3,8,23.1,44.3,42.0,46.5,8.6,7.7,9.5,1878,9.9,8.4,11.4,2168,12.1,11.1,13.0,2647,3.3,3.0,3.5,717,5
1938,1100,217,69,54,3,292,25,212,10.7,11.3,-0.7,-0.3,2.1,1.9,2855,17.2,41.8,28.2,12.8,17.8,25.9,23.8,644,7.3,78.9,292.7,248.6,93.7,83.7,8.3,7.1,0,25.7,55.3,53.2,57.3,10.5,9.5,11.6,1911,12.8,10.9,14.7,2321,15.3,14.1,16.5,2790,3.8,3.5,4.1,684,6
3474,2166,1139,1404,506,84,1028,695,995,13.9,9.3,4.6,1.9,5.6,7.5,5740,15.5,36.9,31.7,15.9,15.7,17.8,17.0,1045,3.3,123.0,244.8,213.8,91.1,82.1,7.7,7.3,12,20.8,47.2,45.6,48.6,6.7,6.2,7.2,2851,6.5,5.8,7.3,2769,12.2,11.5,12.8,5176,3.1,3.0,3.3,1332,5
785,410,757,47,24,2,92,-172,1384,9.1,12.9,-3.8,-0.1,-11.2,-11.3,2292,27.2,39.3,25.1,8.5,39.1,44.1,40.2,181,6.5,57.6,230.9,214.6,77.3,72.9,8.3,7.6,0,20.7,60.3,58.3,62.3,10.5,9.6,11.6,960,13.8,12.0,15.7,1254,16.0,14.9,17.1,1454,3.6,3.4,3.9,331,6
1671,911,8019,48,67,67,207,-244,1776,10.7,11.0,-0.3,0.1,-12.1,-12.0,2829,19.4,36.7,30.4,13.5,23.1,30.8,29.9,356,4.6,75.4,217.1,196.7,77.2,71.2,7.6,6.9,4,24.7,56.0,54.1,57.6,10.1,9.4,10.8,1612,11.1,10.0,12.4,1784,18.0,17.0,18.9,2883,4.2,3.9,4.4,669,4
410,238,30,85,5,1,63,67,35,11.1,14.4,-3.3,0.0,23.1,23.1,396,16.1,35.1,31.7,17.1,14.1,21.4,20.6,49,3.4,73.9,224.8,199.9,72.9,66.5,6.2,5.4,0,33.5,49.7,47.4,51.9,10.8,9.8,11.9,288,9.8,8.4,11.4,262,15.2,14.0,16.3,404,4.0,3.7,4.4,107,6
34850,19652,70404,12900,29369,1410,23505,11053,16311,13.5,6.9,6.6,2.6,6.3,8.8,64043,12.9,17.0,22.2,47.9,11.7,16.7,16.7,13146,3.2,94.6,285.7,262.5,95.4,88.9,7.8,7.1,227,16.1,29.2,27.6,30.6,4.6,4.2,5.0,26398,4.6,3.9,5.3,26425,7.0,6.6,7.5,40637,2.4,2.3,2.6,13941,1
12132,6189,115142,882,3654,470,5434,94,11893,14.2,10.0,4.2,0.3,-3.9,-3.6,21762,16.6,30.7,31.3,21.3,21.9,34.1,31.5,4460,5.1,68.5,228.7,202.9,79.1,71.9,7.0,6.1,264,18.9,49.4,47.8,51.0,7.6,7.0,8.2,11777,8.5,7.6,9.6,13230,15.9,15.0,16.9,24796,3.7,3.5,3.9,5705,3
605,278,35,15,19,1,62,-1,52,8.4,12.5,-4.1,0.0,3.9,3.9,541,12.3,45.6,28.3,13.7,9.7,12.6,10.9,112,3.5,104.1,230.8,212.0,80.3,74.4,6.5,6.1,0,26.5,45.6,43.1,47.9,8.3,7.5,9.2,395,10.1,8.7,11.6,480,12.9,11.9,14.0,613,3.2,2.9,3.4,149,2
2283,1423,316,76,92,4,405,-10,396,12.7,10.6,2.1,0.5,-3.0,-2.5,1736,9.0,46.1,28.7,16.2,8.4,11.5,11.1,506,3.5,96.8,292.7,248.6,93.7,83.7,8.3,7.1,5,24.6,48.7,46.5,50.7,8.6,7.8,9.5,1869,9.8,8.5,11.3,2129,12.6,11.5,13.6,2728,3.2,3.0,3.4,690,5
91664,52512,167528,23734,260762,19726,98609,13257,22158,12.6,7.8,4.8,2.8,1.1,3.9,127852,12.6,22.3,34.6,30.4,14.3,20.5,20.6,26948,3.8,92.3,279.6,243.8,96.2,87.1,7.2,6.2,396,18.7,37.0,35.7,38.3,5.8,5.3,6.2,68109,6.0,5.3,6.8,70125,10.5,9.9,11.1,123474,2.9,2.8,3.1,34526,1
1096,763,64,16,43,7,106,-18,152,10.4,10.2,0.2,0.0,-1.6,-1.6,500,5.8,30.8,35.3,28.0,6.8,8.9,8.3,162,2.5,108.3,218.2,193.1,84.8,77.9,6.9,6.5,0,27.1,42.6,40.0,44.9,7.3,6.5,8.2,691,6.5,5.4,7.6,613,9.8,8.9,10.8,930,2.9,2.7,3.2,278,4
1567,1062,2943,126,714,34,519,157,171,14.8,10.8,4.0,2.9,2.1,5.0,1117,9.1,32.2,35.4,23.2,10.0,17.4,17.0,289,3.3,78.2,263.2,231.8,90.3,81.7,7.3,6.3,0,26.1,48.1,45.9,50.0,8.1,7.3,8.9,1092,8.5,7.2,9.7,1144,12.1,11.2,13.0,1639,3.3,3.1,3.6,450,2
1233,507,168,288,96,30,361,-157,220,13.5,7.2,6.3,0.0,-14.0,-14.1,934,7.2,40.1,37.2,15.4,10.0,12.1,10.6,390,4.4,101.8,207.9,199.6,79.8,76.2,10.6,10.4,6,17.1,42.2,40.0,44.2,7.2,6.5,7.9,1034,8.0,7.0,9.2,1163,10.4,9.5,11.2,1500,3.0,2.8,3.2,430,5
8,0,7,1,0,0,0,16,0,27.8,0.0,27.8,0.0,69.4,69.4,17,22.7,20.0,57.3,0.0,3.3,9.6,7.3,4,3.9,129.7,224.8,199.9,72.9,66.5,6.2,5.4,0,39.2,47.4,46.1,48.7,7.2,6.5,8.0,7,7.5,6.6,8.7,8,11.4,10.8,12.3,11,2.7,2.5,3.0,3,6
325,310,19,212,7,2,71,1,100,10.6,10.3,0.3,0.3,-0.3,0.0,192,8.0,34.6,40.4,17.0,13.1,22.0,20.9,57,3.2,70.8,302.7,265.0,104.9,96.0,7.4,6.6,0,32.8,46.0,43.7,48.1,8.9,8.0,9.8,231,7.0,6.0,8.0,182,11.7,10.8,12.7,307,3.5,3.3,3.9,93,6
550,350,276,62,57,0,137,30,524,7.2,10.7,-3.4,11.0,-2.6,8.5,1145,27.8,34.5,24.3,13.4,23.1,33.9,31.4,90,3.8,67.4,224.8,199.9,72.9,66.5,6.2,5.4,0,30.0,52.5,50.6,54.4,10.5,9.6,11.4,498,10.3,8.9,11.6,487,15.6,14.6,16.6,738,4.0,3.8,4.3,191,6
12072,6786,12939,667,1495,83,4469,133,8665,10.9,10.3,0.7,0.5,-0.3,0.2,10304,9.4,33.0,36.3,21.4,13.7,19.9,18.0,2930,3.9,91.9,287.0,249.7,97.8,87.6,7.9,6.7,51,22.7,45.4,43.5,47.2,8.4,7.6,9.3,10495,9.5,8.1,10.9,11796,11.3,10.4,12.2,14148,3.2,3.0,3.5,4030,4
351,203,195,29,26,2,51,-32,226,9.9,12.9,-3.0,0.9,-7.5,-6.6,266,11.8,31.9,36.6,19.8,18.6,27.8,26.9,53,3.4,67.5,224.8,199.9,72.9,66.5,6.2,5.4,0,31.3,48.0,45.7,50.0,9.6,8.7,10.4,255,9.1,7.8,10.4,242,13.6,12.5,14.6,362,3.6,3.4,3.9,97,6
844,374,1282,59,235,10,288,149,17,8.5,5.4,3.1,1.4,9.3,10.7,1042,14.4,28.9,38.8,17.9,8.3,9.9,9.0,173,3.7,122.3,255.0,223.5,86.2,78.1,7.1,6.2,0,20.9,46.2,44.0,48.3,7.8,7.1,8.5,645,8.5,7.4,9.7,703,12.1,11.3,13.0,1003,3.1,2.9,3.4,259,5
449,264,26,3409,19,1,196,63,220,14.6,9.0,5.6,2.1,1.9,4.0,450,10.9,25.9,41.3,21.8,20.8,26.7,24.1,98,4.3,71.0,247.1,236.2,91.5,88.0,9.8,9.4,0,20.1,45.5,43.9,47.0,9.4,8.7,10.0,449,9.5,8.5,10.5,456,15.0,14.2,15.8,719,4.1,3.9,4.3,195,6
3844,1891,2171,184,414,34,791,306,2094,9.8,11.3,-1.5,1.1,7.8,8.9,3616,12.8,40.0,26.5,20.7,16.0,21.4,19.3,672,3.4,95.9,253.1,225.8,85.1,77.8,8.1,7.4,10,25.5,45.2,43.1,47.3,9.2,8.4,10.1,3080,10.5,8.9,12.1,3502,13.2,12.2,14.3,4427,3.4,3.1,3.6,1123,5
914,475,41,359,43,8,247,38,854,8.1,12.3,-4.2,-0.3,8.7,8.3,707,10.2,37.7,34.7,17.4,15.9,21.6,20.8,183,3.6,82.6,247.1,236.2,91.5,88.0,9.8,9.4,0,31.5,41.8,39.6,43.9,9.4,8.5,10.4,736,9.4,8.0,10.9,732,13.1,12.0,14.2,1025,3.8,3.5,4.1,294,6
3387,1850,804,657,408,53,800,434,814,12.5,9.4,3.0,0.2,6.3,6.5,2973,9.7,37.3,33.0,19.9,13.2,20.1,18.5,644,2.7,96.1,264.9,238.3,94.6,86.4,7.9,7.1,0,22.7,42.9,40.4,45.3,7.3,6.6,8.1,2523,7.2,6.1,8.3,2470,10.1,9.2,11.0,3461,3.1,2.8,3.3,1052,6
1639,883,989,71,56,2,299,-9,2228,9.2,9.9,-0.6,-0.1,0.3,0.2,1675,11.3,44.7,33.2,10.8,13.7,18.4,17.5,402,4.7,85.3,230.8,212.0,80.3,74.4,6.5,6.1,4,21.8,50.7,48.5,52.8,8.3,7.6,9.1,1389,10.6,9.3,11.9,1775,13.4,12.5,14.4,2246,3.2,3.0,3.5,537,4
10013,5835,76222,1035,6023,422,7769,-772,7956,14.8,8.4,6.4,1.7,-12.4,-10.7,11493,9.9,28.6,36.0,25.5,15.2,21.7,22.9,3207,3.6,69.3,263.2,231.8,90.3,81.7,7.3,6.3,88,17.3,45.6,44.2,47.1,6.3,5.8,6.7,8608,6.8,6.1,7.6,9392,12.3,11.7,12.9,16897,3.0,2.9,3.2,4131,2
2289,1257,11305,126,58,6,265,-237,745,9.6,15.2,-5.6,1.0,-7.2,-6.3,3088,20.5,39.7,27.0,12.8,21.4,34.3,34.7,392,5.1,69.0,255.0,223.5,86.2,78.1,7.1,6.2,0,31.7,57.8,56.0,59.5,11.5,10.7,12.4,1870,11.9,10.6,13.3,1935,20.5,19.3,21.7,3331,5.0,4.7,5.4,819,5
1336,676,128,19,22,1,113,-23,126,10.4,10.8,-0.4,-0.3,-1.1,-1.4,1640,19.2,45.3,21.1,14.4,14.9,21.1,20.7,329,5.7,95.7,263.4,231.6,100.1,89.4,10.5,9.2,3,29.7,56.8,54.3,59.1,12.1,11.0,13.5,1136,14.6,12.6,16.7,1366,17.0,15.6,18.4,1589,4.0,3.6,4.3,370,6
374,192,25,14,4,3,41,56,90,11.9,13.5,-1.6,-0.2,14.2,14.0,961,30.9,37.0,16.0,16.2,39.2,47.8,47.2,83,7.1,52.4,230.9,214.6,77.3,72.9,8.3,7.6,0,23.9,60.8,58.3,63.2,12.9,11.5,14.3,445,16.5,13.9,19.0,571,18.0,16.4,19.6,623,4.3,3.9,4.7,149,6
8415,3872,20391,368,1013,31,1771,417,1943,10.7,12.4,-1.7,1.1,5.0,6.1,10650,16.0,34.7,31.9,17.4,19.1,28.4,27.1,1895,4.0,79.2,255.0,223.5,86.2,78.1,7.1,6.2,57,24.4,50.0,48.1,52.0,9.2,8.4,10.1,7035,10.3,9.0,11.8,7875,14.5,13.6,15.5,11066,3.7,3.5,4.0,2832,5
51,34,2,0,0,0,6,-2,0,4.1,4.1,0.0,0.0,-2.0,-2.0,37,10.9,24.9,39.3,24.9,11.6,16.9,15.1,11,2.5,89.1,239.2,214.5,88.2,80.3,6.8,6.2,0,26.6,44.7,41.6,47.5,9.0,7.9,10.2,36,8.5,6.9,10.1,34,12.2,10.9,13.4,49,3.6,3.2,3.9,14,5
3329,2497,2503,1174,915,50,1569,273,2921,14.1,7.4,6.7,1.3,-3.8,-2.5,1950,5.1,25.4,36.0,33.5,11.8,13.2,13.1,1025,2.9,93.8,302.7,265.0,104.9,96.0,7.4,6.6,0,17.7,33.7,31.8,35.5,5.3,4.8,5.9,2567,4.6,4.0,5.4,2225,7.9,7.3,8.6,3819,2.4,2.3,2.6,1165,4
6220,2679,424,1944,673,109,1927,568,822,8.7,12.6,-3.8,0.8,14.6,15.3,3468,9.4,27.5,39.0,24.1,13.6,20.3,19.3,1031,4.9,78.0,303.4,271.5,109.4,101.0,9.2,8.3,0,36.5,46.4,43.8,48.5,9.9,8.9,10.9,4055,10.1,8.4,11.8,4140,13.9,12.6,15.0,5704,4.0,3.7,4.3,1623,5
492,411,24,21,17,1,68,3,121,10.1,15.9,-5.8,0.0,6.4,6.4,267,7.3,35.2,37.6,19.8,10.8,14.8,13.9,64,2.2,85.9,239.2,214.5,88.2,80.3,6.8,6.2,0,34.9,43.7,41.3,46.1,8.4,7.5,9.5,328,7.7,6.5,9.0,299,11.4,10.4,12.5,443,3.4,3.1,3.7,131,6
2062,1116,191,139,58,50,185,191,157,8.8,11.6,-2.8,0.2,13.4,13.5,2076,15.8,32.6,31.6,20.0,17.8,26.3,23.3,295,3.6,83.0,255.0,223.5,86.2,78.1,7.1,6.2,0,31.8,46.7,44.1,49.3,10.7,9.5,11.9,1562,11.2,9.4,13.1,1640,14.2,12.9,15.5,2084,3.9,3.6,4.3,575,6
6189,3598,1178,2726,670,29,1668,-405,2598,10.2,11.1,-1.0,0.5,-4.8,-4.3,6110,11.5,39.4,30.0,19.1,17.1,24.4,22.5,1820,5.3,71.0,375.1,304.1,112.9,94.8,10.2,7.4,0,24.9,49.1,47.0,50.9,8.8,7.9,9.8,5276,10.7,9.3,12.3,6424,13.5,12.4,14.6,8097,3.5,3.2,3.8,2069,5
730,362,2930,35,7,3,111,-15,78,12.3,11.7,0.6,-0.1,-2.3,-2.4,1741,30.1,33.9,25.6,10.3,22.1,32.8,31.2,171,5.6,78.6,191.3,174.8,65.9,61.2,7.1,6.7,0,24.7,55.0,53.1,56.8,10.1,9.3,11.0,655,11.6,10.1,12.9,749,17.0,16.0,18.0,1101,4.1,3.8,4.3,263,2
33153,18379,55704,3063,48485,534,10196,663,7055,11.3,8.7,2.5,1.2,-2.4,-1.1,37675,11.5,30.9,24.6,33.0,11.7,15.2,14.0,9112,4.1,117.8,375.1,304.1,112.9,94.8,10.2,7.4,114,21.4,39.5,37.8,41.0,6.4,5.8,6.9,23641,7.1,6.1,8.2,26336,11.5,10.7,12.2,42717,2.9,2.7,3.1,10716,1
21576,14370,43305,1754,20488,428,6813,856,6947,16.4,7.6,8.8,2.2,-8.4,-6.2,24580,12.1,22.5,24.8,40.6,13.9,23.2,22.1,5775,3.7,131.5,375.1,304.1,112.9,94.8,10.2,7.4,39,20.4,37.0,35.5,38.4,6.9,6.3,7.6,16250,7.0,5.9,8.1,16268,11.2,10.5,12.0,26300,3.0,2.9,3.2,7091,2
1769,821,9335,135,194,5,308,-244,286,11.1,13.6,-2.5,0.1,-9.1,-9.0,2688,18.9,35.7,33.9,11.5,22.4,33.6,31.3,399,4.8,72.7,229.5,205.0,80.1,72.3,7.0,6.2,0,22.9,56.9,55.3,58.4,9.3,8.7,10.0,1497,10.3,9.2,11.5,1663,17.6,16.7,18.5,2830,4.2,4.0,4.5,678,6
8515,3901,40563,557,1015,85,2123,1455,3643,14.5,10.2,4.3,0.1,6.5,6.6,14072,16.7,37.8,26.1,19.4,17.9,24.3,23.1,2979,5.5,98.1,260.3,231.8,84.1,75.8,9.1,7.8,64,19.2,52.5,50.7,54.2,8.1,7.5,8.9,8218,9.6,8.4,11.0,9743,13.7,12.9,14.6,13876,3.4,3.2,3.6,3389,4
4991,3607,2088,545,341,38,1544,-346,3115,10.4,11.2,-0.8,0.4,-5.1,-4.7,5247,12.1,27.9,39.4,20.5,12.3,15.4,13.1,1075,3.6,84.9,227.6,206.5,88.0,80.5,6.8,6.3,20,25.1,46.2,44.2,48.0,8.4,7.6,9.2,4056,8.7,7.5,10.1,4189,13.1,12.1,14.2,6350,3.3,3.1,3.6,1609,5
854,478,25,24,16,2,93,-61,67,9.3,11.6,-2.3,-0.1,-4.3,-4.4,776,11.9,48.7,25.4,13.9,15.5,22.6,21.5,226,7.4,104.6,263.4,231.6,100.1,89.4,10.5,9.2,0,28.5,54.0,51.6,56.4,11.3,10.2,12.4,792,13.4,11.6,15.3,944,15.6,14.3,16.9,1098,3.6,3.4,3.9,256,6
148202,94420,881296,23841,327010,2961,68952,-13555,35539,15.2,7.2,8.0,4.8,-18.0,-13.2,326469,18.4,25.6,19.5,36.5,18.9,26.0,25.9,51220,4.2,90.0,375.1,304.1,112.9,94.8,10.2,7.4,318,18.1,34.3,33.1,35.6,6.3,5.9,6.7,124945,6.6,5.9,7.4,131785,11.6,11.0,12.2,230414,3.2,3.0,3.4,63655,1
1461,622,5421,62,164,35,263,-135,82,11.0,12.3,-1.3,1.3,-8.5,-7.3,1912,17.2,38.1,29.5,15.2,24.5,33.7,33.3,277,3.9,62.0,228.7,202.9,79.1,71.9,7.0,6.1,0,26.2,50.4,48.5,52.2,10.0,9.2,10.8,1208,11.4,10.1,12.8,1381,17.5,16.5,18.4,2119,4.3,4.0,4.6,523,4
391,243,19,24,30,3,37,76,50,11.5,7.6,3.8,0.4,12.8,13.3,243,9.0,37.0,38.5,15.5,11.3,14.9,13.1,51,2.2,94.7,192.6,181.6,73.9,68.9,5.8,5.5,0,24.7,45.0,42.7,47.3,8.6,7.8,9.5,278,8.3,7.1,9.5,267,12.5,11.4,13.4,401,3.5,3.2,3.7,111,6
2769,1707,1701,1155,303,45,1702,-268,1113,11.2,11.3,0.0,0.7,-9.1,-8.3,2502,11.3,29.1,41.4,18.2,19.5,28.9,26.9,640,4.3,73.1,227.6,206.5,88.0,80.5,6.8,6.3,7,26.0,48.3,46.4,50.1,8.9,8.1,9.7,2176,9.3,8.1,10.6,2280,14.1,13.1,15.1,3442,3.6,3.4,3.9,882,5
8181,4023,9541,486,1335,93,2936,688,1326,12.2,10.1,2.1,0.3,3.5,3.8,8607,10.8,34.2,34.1,20.9,11.2,15.9,13.8,2111,3.4,101.9,230.8,212.0,80.3,74.4,6.5,6.1,25,20.9,50.3,48.2,52.2,7.3,6.7,8.1,6670,9.3,8.1,10.6,8419,12.3,11.4,13.3,11159,3.0,2.8,3.2,2693,2
5809,3323,64673,250,917,196,1183,1826,6917,13.3,10.5,2.8,1.0,16.2,17.2,10120,17.5,29.0,32.1,21.4,29.5,43.7,38.8,1966,5.1,66.2,228.7,202.9,79.1,71.9,7.0,6.1,50,20.8,51.8,49.9,53.6,8.0,7.4,8.6,5605,9.3,8.2,10.4,6509,17.0,16.0,18.0,11889,4.1,3.9,4.4,2866,4
189,156,14,12,8,0,31,-31,41,11.4,10.4,1.0,0.0,-16.4,-16.4,65,4.3,35.1,34.2,26.4,9.1,15.6,15.1,27,2.5,100.0,239.2,214.5,88.2,80.3,6.8,6.2,0,30.4,41.0,38.5,43.4,7.5,6.7,8.4,117,6.5,5.4,7.6,101,10.4,9.3,11.4,161,3.0,2.8,3.3,47,5
907,536,108,239,58,5,240,93,342,14.7,9.3,5.4,1.7,0.7,2.5,1399,17.9,25.9,38.8,17.4,21.6,28.6,27.1,212,3.3,59.0,285.7,262.5,95.4,88.9,7.8,7.1,0,23.5,39.4,37.5,41.1,7.8,7.1,8.5,703,7.7,6.7,8.8,696,11.2,10.5,11.9,1013,3.6,3.4,3.8,324,6
769,411,2424,38,35,5,89,-140,96,11.6,14.4,-2.8,-0.3,-17.6,-17.9,909,18.3,41.3,24.0,16.5,22.8,34.8,35.1,131,5.2,75.4,207.6,188.2,79.9,75.0,7.0,6.5,0,29.7,54.1,52.3,55.9,11.6,10.8,12.6,633,11.7,10.4,13.1,636,17.9,16.9,18.9,975,4.5,4.2,4.8,246,6
138805,85677,587182,7910,75851,2388,44334,16789,16295,11.3,8.3,3.0,10.9,-5.3,5.6,150125,11.2,27.4,29.5,31.9,12.6,17.3,16.7,34919,3.4,103.2,265.2,240.7,86.8,80.1,6.9,6.0,587,21.5,40.9,39.5,42.2,7.3,6.8,7.8,111793,7.4,6.6,8.3,114238,13.1,12.4,13.7,201079,3.3,3.2,3.5,51255,2
1365,777,2044,194,46,1,236,-28,176,9.8,14.4,-4.6,-0.2,2.5,2.4,1369,15.5,40.2,31.7,12.6,18.2,28.6,28.0,277,5.4,69.7,224.8,199.9,72.9,66.5,6.2,5.4,0,29.8,53.7,51.6,55.6,11.2,10.3,12.2,1096,11.1,9.7,12.6,1081,16.9,15.8,17.9,1644,4.3,4.0,4.6,421,6
12794,6813,606,2298,1221,195,3848,999,1816,9.8,13.4,-3.6,0.0,12.7,12.7,8699,10.9,32.4,39.5,17.2,15.0,21.3,19.1,2505,5.4,74.4,303.4,271.5,109.4,101.0,9.2,8.3,32,32.9,49.4,47.3,51.4,9.8,8.9,10.9,8733,10.5,9.0,12.0,9317,13.5,12.4,14.6,12015,3.8,3.6,4.2,3423,5
7129,3451,21353,6730,1258,123,2908,-670,1479,13.1,10.0,3.1,0.1,-9.3,-9.2,15876,21.5,38.6,24.1,15.8,17.3,22.6,22.4,2323,5.0,107.6,260.3,231.8,84.1,75.8,9.1,7.8,26,18.7,52.0,50.3,53.6,8.9,8.2,9.6,7381,10.5,9.3,11.8,8731,14.0,13.2,14.9,11647,3.5,3.3,3.7,2893,4
2388,1199,17045,101,66,2,368,37,315,14.1,12.5,1.6,2.6,-3.1,-0.6,4870,21.6,37.8,25.7,14.9,21.8,34.4,34.4,770,5.9,87.6,191.3,174.8,65.9,61.2,7.1,6.7,0,20.6,59.3,57.5,60.9,9.3,8.6,10.0,2398,10.3,9.3,11.5,2661,16.6,15.6,17.4,4260,3.9,3.7,4.1,997,6
2244,1048,12042,164,113,46,307,-277,2820,10.4,12.9,-2.5,0.5,-9.1,-8.6,4901,27.0,35.7,25.1,12.2,30.9,43.9,36.7,433,5.2,68.9,217.1,196.7,77.2,71.2,7.6,6.9,5,23.5,57.5,55.6,59.1,11.0,10.1,11.8,2159,12.1,10.7,13.3,2373,19.7,18.6,20.6,3870,4.5,4.2,4.8,887,6
661,469,42,66,75,9,99,-128,195,11.5,11.8,-0.3,0.0,-16.3,-16.3,332,6.0,33.0,43.6,17.4,10.7,14.4,13.1,113,2.8,94.6,239.2,214.5,88.2,80.3,6.8,6.2,0,27.4,47.3,45.1,49.4,8.0,7.3,8.8,481,7.5,6.5,8.5,447,11.6,10.7,12.5,694,3.2,3.0,3.4,192,4
13886,6406,686,2176,1552,220,4211,4020,1487,11.2,9.0,2.3,-0.4,23.2,22.8,7923,7.5,27.1,40.4,24.9,10.3,12.6,11.0,2700,3.5,101.2,192.6,181.6,73.9,68.9,5.8,5.5,55,24.6,39.9,37.8,42.0,7.3,6.6,8.2,9147,7.0,6.0,8.3,8761,11.0,10.0,12.0,13685,3.0,2.8,3.3,3797,4
169,127,5,11,7,0,41,-25,174,15.2,4.9,10.2,2.9,-23.3,-20.5,140,8.4,40.0,31.8,19.7,12.9,18.2,18.2,34,2.9,96.2,240.4,219.1,92.8,84.8,9.2,8.6,0,29.0,41.4,38.8,43.6,8.1,7.2,8.9,146,6.4,5.4,7.6,117,10.8,9.8,11.8,196,3.1,2.9,3.4,57,6
1607,725,2755,107,77,4,319,42,2983,7.4,11.4,-4.0,0.7,5.9,6.6,1838,15.1,37.3,29.9,17.7,20.3,26.3,25.8,270,4.4,81.9,265.2,240.7,86.8,80.1,6.9,6.0,0,24.7,45.6,43.5,47.3,9.3,8.4,10.2,1265,10.2,8.9,11.7,1400,13.2,12.2,14.2,1806,3.5,3.2,3.8,479,4
55468,26879,229229,8670,82383,921,27670,20419,21803,11.8,5.6,6.2,4.2,8.4,12.6,50481,7.3,15.4,25.5,51.8,8.4,10.4,9.7,19586,3.4,148.7,255.0,223.5,86.2,78.1,7.1,6.2,175,15.4,36.3,34.6,37.9,5.2,4.8,5.7,43410,5.3,4.5,6.1,43640,9.1,8.5,9.8,75717,2.4,2.3,2.6,20205,1
27809,15792,12645,1340,18683,274,8498,2090,7759,10.1,8.2,1.9,3.5,-0.3,3.2,23576,8.2,26.3,28.2,37.3,7.4,10.0,9.2,6223,2.6,104.5,315.1,287.6,105.9,99.6,9.7,8.6,62,20.8,37.7,35.5,39.8,5.9,5.3,6.6,19634,7.2,5.9,8.5,23766,9.9,8.9,10.8,32577,2.6,2.4,2.8,8508,3
2629,2168,661,325,341,19,863,-203,1317,10.5,9.9,0.5,0.3,-6.8,-6.5,2048,9.0,26.3,33.6,31.0,10.4,13.7,12.7,545,3.2,99.6,227.6,206.5,88.0,80.5,6.8,6.3,6,24.9,42.8,40.4,45.0,7.5,6.7,8.4,1944,7.2,6.0,8.5,1868,11.2,10.2,12.2,2905,3.1,2.8,3.3,796,3
3205,1470,744,1013,557,109,1220,657,884,13.7,6.0,7.7,0.5,2.9,3.3,4740,12.2,28.5,29.2,30.0,8.4,11.4,10.7,1043,3.2,103.4,285.7,262.5,95.4,88.9,7.8,7.1,5,17.6,32.3,30.5,34.2,5.5,4.9,6.1,2453,5.8,4.9,6.9,2581,8.0,7.4,8.8,3592,2.6,2.4,2.8,1156,5
31388,17439,60458,2049,22797,568,12662,5596,3512,10.1,7.8,2.3,5.9,3.8,9.8,18207,5.7,21.7,34.3,38.2,9.9,13.4,12.2,8075,3.2,121.2,265.2,240.7,86.8,80.1,6.9,6.0,38,20.7,38.9,37.3,40.6,6.5,5.9,7.0,23900,6.9,6.0,7.9,25343,10.9,10.2,11.6,40347,2.8,2.7,3.0,10485,2
2067,1030,10644,77,190,5,357,-181,3797,9.9,11.9,-2.0,-0.1,-5.1,-5.1,3806,20.9,47.6,20.1,11.4,23.5,28.8,27.5,459,5.0,72.2,253.1,225.8,85.1,77.8,8.1,7.4,0,23.9,58.3,56.5,60.1,10.2,9.4,11.0,2064,12.2,10.9,13.5,2473,18.0,16.9,18.9,3641,4.1,3.8,4.3,825,6
1414,772,3826,32,24,2,112,-79,112,11.3,10.5,0.8,-0.1,-5.5,-5.6,2013,18.4,42.0,27.1,12.5,16.8,24.8,23.1,296,4.4,104.5,191.3,174.8,65.9,61.2,7.1,6.7,0,24.4,53.6,51.5,55.4,9.6,8.8,10.4,1181,10.7,9.4,12.1,1319,15.1,14.2,16.0,1863,3.7,3.5,4.0,461,6
132,68,2,37,10,0,21,20,2,9.4,7.9,1.4,0.0,13.7,13.7,120,12.4,29.6,41.1,16.8,13.4,20.0,21.1,27,2.6,71.5,285.7,262.5,95.4,88.9,7.8,7.1,0,29.0,39.1,36.7,41.5,8.1,7.3,9.1,94,8.1,6.9,9.6,94,10.7,9.7,11.7,124,3.4,3.2,3.7,40,6
23124,13041,45080,1769,16427,400,11858,3141,6110,13.5,8.4,5.1,1.5,1.8,3.3,25762,10.7,28.7,32.4,28.2,13.5,21.0,18.4,5831,3.2,97.8,230.8,212.0,80.3,74.4,6.5,6.1,170,19.3,46.6,44.8,48.5,7.2,6.5,7.9,20005,8.7,7.4,10.0,24136,12.4,11.5,13.4,34603,3.0,2.8,3.2,8368,3
31235,19504,6873,1306,15666,220,5891,2002,5519,9.8,8.6,1.2,1.2,2.6,3.9,10862,3.9,23.1,29.2,43.8,5.0,4.8,4.3,5985,2.7,143.7,264.9,238.3,94.6,86.4,7.9,7.1,64,24.0,34.6,32.4,36.8,5.8,5.2,6.5,18382,5.2,4.3,6.3,16557,8.4,7.6,9.3,26700,2.6,2.4,2.8,8305,2
36246,17914,74075,7461,42147,1885,25996,7083,4303,12.2,6.4,5.8,3.3,1.8,5.1,32895,7.6,20.7,29.5,42.2,8.1,10.3,9.4,11689,3.2,106.6,285.7,262.5,95.4,88.9,7.8,7.1,127,17.8,31.8,30.3,33.2,4.7,4.3,5.2,23641,4.8,4.1,5.6,24067,7.9,7.3,8.5,39382,2.5,2.3,2.6,12223,2
5899,2906,38671,375,1706,117,2582,910,992,12.9,9.2,3.7,0.9,5.4,6.3,6736,11.2,28.1,32.6,28.1,10.9,16.1,15.8,1419,3.2,96.1,263.2,231.8,90.3,81.7,7.3,6.3,12,19.7,49.1,47.1,50.8,6.8,6.2,7.3,4674,7.0,6.2,7.9,4856,12.7,11.9,13.5,8779,3.1,2.9,3.3,2126,2
6338,3252,43106,533,2415,190,2578,932,5993,13.6,8.1,5.5,0.8,1.7,2.6,10001,14.9,30.0,29.6,25.6,25.9,33.4,33.0,2106,4.1,71.3,228.7,202.9,79.1,71.9,7.0,6.1,48,15.7,41.1,39.4,42.6,6.7,6.2,7.2,5894,7.9,7.0,8.8,6984,13.0,12.3,13.7,11501,3.1,3.0,3.3,2785,4
5255,2859,2095,201,342,21,803,-292,3068,8.9,10.9,-1.9,0.1,-2.8,-2.7,5519,12.3,38.2,29.1,20.4,11.4,16.0,15.2,1165,4.1,82.7,375.1,304.1,112.9,94.8,10.2,7.4,0,24.8,47.3,45.3,49.3,8.2,7.4,9.1,4071,10.0,8.6,11.7,4998,12.1,11.1,13.1,6012,3.2,3.0,3.5,1607,4
1994,782,1567,184,201,21,568,749,134,10.1,8.8,1.3,0.4,26.3,26.7,1980,10.8,27.7,38.4,23.1,9.7,13.8,12.4,492,3.6,119.5,255.0,223.5,86.2,78.1,7.1,6.2,0,22.5,44.5,42.1,46.8,7.6,6.8,8.4,1592,8.4,7.0,9.7,1758,11.2,10.3,12.2,2364,3.0,2.8,3.2,629,2
653,473,158,37,62,20,114,-53,695,11.4,10.2,1.1,1.3,-9.2,-8.0,550,11.3,37.6,27.6,23.5,20.3,25.6,25.1,97,2.2,68.4,218.2,193.1,84.8,77.9,6.9,6.5,0,25.7,42.4,39.9,44.8,8.4,7.5,9.4,519,8.2,6.9,9.5,505,11.2,10.2,12.2,690,3.4,3.1,3.6,207,6
5508,3128,1455,153,884,40,1013,-154,5266,8.1,10.7,-2.7,0.7,-0.5,0.2,3497,8.8,32.0,28.3,30.9,12.5,15.9,14.9,1225,4.3,80.3,375.1,304.1,112.9,94.8,10.2,7.4,14,26.6,38.7,36.6,40.6,7.9,7.0,8.8,3982,8.7,7.3,10.1,4392,10.3,9.3,11.2,5154,3.1,2.9,3.4,1579,5
6810,2941,958,3147,893,295,2770,1706,2791,10.6,10.5,0.1,2.3,23.9,26.1,5775,12.6,31.3,38.2,18.0,13.7,22.8,21.1,1531,6.3,78.7,278.8,246.3,100.6,91.7,6.9,6.1,6,30.0,46.3,44.2,48.3,8.9,8.1,9.8,4702,8.5,7.3,9.9,4479,12.8,11.7,13.8,6737,3.6,3.4,3.9,1910,5
2249,1187,8819,201,3646,33,1497,215,2422,13.0,6.9,6.1,8.6,-10.2,-1.6,2728,9.1,18.7,19.7,52.6,23.1,18.3,19.9,662,2.5,78.5,263.2,231.8,90.3,81.7,7.3,6.3,25,14.5,37.1,35.1,39.1,5.3,4.8,5.7,2132,5.8,5.0,6.8,2365,9.1,8.5,9.8,3687,2.5,2.3,2.6,1004,4
7493,4534,1478,297,2389,29,1296,717,1882,9.1,8.9,0.3,1.1,6.8,7.9,2202,3.6,20.0,28.0,48.4,4.2,3.9,3.6,1240,2.5,136.6,264.9,238.3,94.6,86.4,7.9,7.1,46,25.0,34.6,32.2,37.0,6.1,5.5,6.9,4301,5.2,4.3,6.4,3663,8.4,7.5,9.3,5861,2.7,2.5,2.9,1889,2
478,242,2424,9,9,0,59,-121,16,11.5,13.7,-2.2,0.0,-24.3,-24.3,706,22.3,47.1,20.1,10.5,31.6,47.7,44.2,113,7.7,60.3,260.3,231.8,84.1,75.8,9.1,7.8,0,28.3,64.8,63.1,66.5,14.8,13.8,15.8,510,16.4,14.8,18.0,565,25.3,24.1,26.5,870,6.2,5.8,6.6,212,6
17892,7636,53087,2359,6754,247,5970,7972,3699,11.3,8.0,3.3,0.5,25.6,26.1,18002,10.4,25.9,31.7,32.0,9.8,13.0,12.1,4389,3.3,123.7,229.5,205.0,80.1,72.3,7.0,6.2,24,19.5,42.2,40.4,43.9,6.3,5.7,7.0,13022,6.8,5.9,8.0,14222,10.9,10.1,11.7,22562,2.8,2.6,3.0,5835,2
2239,1047,348,326,174,17,347,376,1475,7.2,8.3,-1.2,0.0,20.0,20.0,1070,7.1,26.7,32.6,33.5,10.9,13.7,13.1,261,2.7,78.1,285.7,262.5,95.4,88.9,7.8,7.1,2,33.5,35.9,33.6,38.1,7.5,6.7,8.3,1271,7.0,5.8,8.3,1185,9.7,8.8,10.7,1654,3.3,3.0,3.5,554,6
5965,3029,36236,506,5424,174,2766,510,10109,10.8,6.1,4.7,3.4,-4.0,-0.6,8950,12.9,21.1,23.3,42.7,27.0,30.0,28.2,2430,4.0,71.8,228.7,202.9,79.1,71.9,7.0,6.1,104,14.0,36.3,34.5,38.3,5.5,5.1,5.9,5766,6.6,5.7,7.5,6938,10.3,9.7,11.0,10875,2.8,2.6,2.9,2926,4
72320,50471,27758,3210,420967,94079,221372,-6349,35936,12.6,8.7,3.8,2.9,-13.2,-10.3,56632,8.3,26.2,31.1,34.3,7.7,9.8,9.1,10863,2.3,103.9,314.1,273.7,118.5,104.7,9.4,8.4,148,22.0,35.3,34.1,36.5,5.9,5.5,6.3,45399,4.4,4.0,4.8,34041,12.3,11.6,13.1,95006,2.9,2.7,3.0,22187,3
57970,39290,246356,3637,52462,628,21560,-172,21417,11.6,10.3,1.2,3.2,-4.6,-1.5,50831,8.9,26.2,26.3,38.6,9.9,13.0,13.0,18202,4.0,91.3,386.0,306.1,116.2,97.6,9.6,7.5,123,22.5,42.1,40.5,43.7,6.4,5.9,7.1,41823,6.8,5.9,7.8,44049,12.0,11.2,12.8,77645,2.9,2.8,3.1,19025,2
2430,1165,208,118,177,9,313,108,325,18.1,6.7,11.5,-0.2,-8.5,-8.7,8150,36.3,32.4,20.9,10.4,7.8,11.2,10.5,515,2.5,121.1,230.8,212.0,80.3,74.4,6.5,6.1,0,18.8,43.8,41.4,46.2,8.0,7.2,8.9,2131,11.4,9.8,13.1,3037,12.5,11.4,13.5,3312,3.1,2.8,3.4,823,6
62884,39991,128295,4597,36950,895,21080,-174,29659,10.1,9.2,0.9,4.9,-6.0,-1.1,59205,9.9,30.9,24.3,34.9,11.6,16.7,15.5,20171,4.4,88.7,352.1,302.9,105.7,93.7,8.6,7.1,186,22.6,39.5,37.9,41.3,6.5,5.9,7.2,44330,6.3,5.4,7.4,43306,10.8,10.0,11.6,73592,2.8,2.7,3.0,19430,3
108036,64722,129205,9090,62052,1421,29227,-2478,29238,10.3,8.8,1.4,1.6,-4.7,-3.1,98607,9.6,27.9,26.9,35.6,7.3,9.4,8.5,29952,3.9,147.9,375.1,304.1,112.9,94.8,10.2,7.4,281,21.8,38.2,36.4,39.9,6.4,5.8,7.1,74849,6.6,5.5,7.7,76759,10.7,9.8,11.4,124634,2.7,2.6,2.9,31962,2
4145,2657,1443,737,892,67,1672,-71,2300,11.0,9.4,1.6,0.0,-2.7,-2.7,3250,7.5,26.5,37.0,29.0,9.6,11.8,10.4,1105,3.5,113.4,227.6,206.5,88.0,80.5,6.8,6.3,16,20.2,46.8,44.7,49.0,6.9,6.2,7.7,3446,7.1,6.0,8.3,3525,11.0,10.1,12.0,5499,2.8,2.6,3.1,1407,3
1536,970,6426,62,82,12,241,-105,732,14.4,13.8,0.5,0.0,-5.7,-5.7,3184,23.7,42.9,21.4,11.9,27.3,41.7,35.7,521,7.1,71.7,260.3,231.8,84.1,75.8,9.1,7.8,6,22.9,55.4,53.5,57.2,10.6,9.8,11.5,1594,12.5,11.1,14.1,1876,16.7,15.7,17.8,2506,4.2,4.0,4.5,635,6
1588,869,6652,1210,105,8,253,19,734,13.4,13.1,0.3,0.0,0.6,0.6,2101,15.3,30.5,37.5,16.6,21.2,31.1,31.0,410,4.9,91.2,191.3,174.8,65.9,61.2,7.1,6.7,0,21.0,53.3,51.6,55.1,9.1,8.5,9.8,1460,10.1,9.1,11.4,1627,14.9,14.0,15.7,2382,3.8,3.5,4.0,602,6
558,241,26,14,17,1,74,40,0,8.8,8.4,0.3,0.0,6.7,6.7,660,16.0,43.2,31.1,9.7,18.7,28.2,25.3,153,7.0,101.8,263.4,231.6,100.1,89.4,10.5,9.2,0,24.8,59.3,57.0,61.4,12.6,11.4,13.8,576,15.5,13.4,17.5,709,17.2,15.9,18.6,791,4.0,3.7,4.3,184,4
3963,2099,9192,732,849,206,1562,132,518,12.6,10.4,2.1,0.3,0.1,0.4,4833,13.8,27.9,34.9,23.4,13.8,21.9,20.1,822,3.9,110.5,217.1,196.7,77.2,71.2,7.6,6.9,7,21.6,51.9,49.9,53.8,8.2,7.5,9.0,3258,9.0,7.8,10.3,3564,14.1,13.2,15.0,5596,3.3,3.1,3.5,1302,5
4550,2352,382,107,154,18,559,137,495,7.7,12.5,-4.7,-0.1,8.2,8.1,2418,8.0,35.5,34.1,22.4,9.5,12.5,11.3,1323,6.3,103.9,292.7,248.6,93.7,83.7,8.3,7.1,4,31.3,49.2,46.8,51.5,9.5,8.6,10.5,3154,9.9,8.3,11.5,3290,13.4,12.1,14.5,4440,3.4,3.2,3.7,1141,5
5528,3289,4805,281,628,30,1706,-346,4826,9.9,12.2,-2.3,0.2,-3.2,-2.9,5767,13.0,40.6,29.3,17.1,19.9,31.0,25.7,1243,3.9,81.0,230.8,212.0,80.3,74.4,6.5,6.1,19,24.7,49.1,46.8,51.1,8.8,8.0,9.6,4612,10.8,9.3,12.3,5661,14.5,13.3,15.4,7583,3.5,3.2,3.8,1823,5
1677,851,8996,64,100,6,222,-1,257,12.8,13.3,-0.5,-0.2,0.7,0.5,2873,20.0,27.6,32.7,19.7,22.3,33.8,29.6,410,4.3,88.6,191.3,174.8,65.9,61.2,7.1,6.7,5,22.2,53.9,52.2,55.8,9.3,8.6,10.1,1487,10.2,9.0,11.5,1630,16.4,15.4,17.4,2627,3.9,3.7,4.2,629,5
2847,1910,5747,324,232,21,420,-297,488,13.4,10.1,3.3,0.2,-10.6,-10.4,5829,21.7,29.5,31.7,17.1,16.8,26.0,22.8,796,3.7,79.2,224.8,199.9,72.9,66.5,6.2,5.4,4,21.9,52.0,50.2,53.7,9.0,8.3,9.7,2778,8.6,7.6,9.7,2652,15.6,14.8,16.5,4820,3.8,3.6,4.1,1181,5
1700,1190,301,298,120,6,617,-102,409,10.8,11.0,-0.1,0.2,-4.5,-4.3,1213,7.7,34.1,35.9,22.2,13.4,16.7,14.6,381,3.5,97.9,227.6,206.5,88.0,80.5,6.8,6.3,0,23.7,49.5,47.2,51.7,8.0,7.2,8.8,1380,8.2,7.1,9.6,1428,12.6,11.6,13.7,2184,3.2,3.0,3.4,552,3
4447,1965,361,767,617,129,2039,582,458,10.3,9.2,1.1,0.4,9.6,10.0,3464,9.6,34.3,38.2,17.8,10.2,13.1,11.9,1239,5.1,100.3,303.4,271.5,109.4,101.0,9.2,8.3,0,26.3,45.9,43.7,48.0,7.8,7.0,8.5,3206,8.5,7.3,9.8,3514,11.7,10.7,12.6,4816,3.2,3.0,3.4,1315,2
1245,879,575,76,110,3,227,-17,1997,10.3,12.3,-2.0,0.2,0.7,0.9,1501,14.0,38.7,27.9,19.3,15.6,20.7,19.7,187,2.5,89.6,273.1,236.3,86.6,79.0,7.0,6.3,0,25.8,45.5,43.3,47.8,8.3,7.5,9.2,999,10.0,8.6,11.5,1202,12.0,11.0,13.0,1432,3.2,3.0,3.5,389,6
6647,3860,1015,600,571,55,940,555,1971,10.5,14.1,-3.6,0.7,13.5,14.2,4279,11.5,27.5,35.4,25.6,13.9,23.3,22.1,705,3.2,88.6,224.8,199.9,72.9,66.5,6.2,5.4,12,34.2,48.2,45.9,50.4,10.2,9.2,11.3,4304,8.9,7.6,10.4,3754,14.6,13.5,15.8,6168,3.9,3.6,4.2,1652,5
1011,688,208,33,64,4,200,106,394,10.1,12.8,-2.7,0.4,11.5,11.9,1294,15.8,44.8,25.7,13.7,14.3,21.5,20.5,164,2.9,90.0,273.1,236.3,86.6,79.0,7.0,6.3,0,27.3,49.0,46.5,51.3,10.1,9.2,11.2,913,11.8,10.2,13.6,1061,13.9,12.7,15.0,1247,3.7,3.4,4.0,334,6
1912,1340,1326,128,102,17,287,91,415,11.7,12.8,-1.1,0.3,5.5,5.8,2022,14.7,41.2,27.4,16.7,13.5,22.2,18.5,277,3.2,84.3,224.8,199.9,72.9,66.5,6.2,5.4,3,30.2,48.4,46.1,50.5,9.5,8.6,10.4,1461,9.0,7.7,10.4,1382,14.0,12.9,15.0,2143,3.6,3.4,3.9,560,6
14529,7850,21439,1505,6748,477,8958,3585,4719,13.1,9.2,3.9,1.4,12.1,13.5,11232,8.2,24.7,36.5,30.6,12.7,18.1,17.0,2835,2.9,113.3,265.2,240.7,86.8,80.1,6.9,6.0,57,21.1,40.5,38.6,42.2,7.0,6.3,7.7,11235,8.0,6.8,9.2,12866,10.8,10.0,11.6,17368,2.9,2.7,3.1,4650,4
521,416,80,83,65,8,113,-119,353,15.3,7.5,7.9,0.5,-23.6,-23.0,243,4.9,25.5,44.2,25.5,9.9,12.0,11.3,110,2.6,95.2,227.6,206.5,88.0,80.5,6.8,6.3,1,23.4,44.5,42.1,46.7,7.1,6.4,7.8,419,7.2,6.1,8.3,425,11.0,10.1,11.9,650,2.9,2.7,3.1,172,6
649,357,1705,37,18,5,125,-110,106,12.5,15.0,-2.4,0.0,-14.4,-14.4,943,20.0,42.5,25.5,12.0,23.7,36.4,35.0,134,4.7,72.8,207.6,188.2,79.9,75.0,7.0,6.5,0,29.2,53.5,51.7,55.4,11.5,10.7,12.4,583,12.0,10.7,13.5,609,17.5,16.5,18.5,887,4.4,4.1,4.7,221,6
132,119,13,10,1,0,42,-23,19,16.5,6.6,9.9,0.0,-25.8,-25.8,73,6.6,27.1,35.3,30.9,13.1,15.4,15.5,21,2.6,88.3,227.6,206.5,88.0,80.5,6.8,6.3,0,26.5,45.3,42.6,47.8,8.6,7.7,9.6,97,7.7,6.4,9.2,87,12.5,11.3,13.7,140,3.4,3.1,3.7,38,6
2999,1804,476,130,206,11,423,58,990,11.1,10.8,0.4,-0.1,1.3,1.3,2686,10.5,43.4,31.1,15.0,9.7,14.2,13.2,684,3.6,97.2,292.7,248.6,93.7,83.7,8.3,7.1,7,24.6,48.7,46.3,50.9,8.8,8.1,9.7,2505,10.0,8.7,11.4,2841,13.1,12.2,14.2,3736,3.2,3.0,3.5,920,6
6205,2984,12061,419,1738,102,2852,638,642,9.8,8.1,1.7,0.3,5.1,5.4,3773,6.1,30.3,32.4,31.1,5.4,6.6,6.0,1739,3.5,127.9,386.0,306.1,116.2,97.6,9.6,7.5,4,20.0,42.3,40.4,44.0,6.3,5.7,6.9,4440,6.8,5.9,7.9,4842,11.3,10.5,12.1,7977,2.7,2.5,2.9,1898,2
8255,4374,17200,549,609,96,1835,-151,1029,9.6,12.9,-3.2,0.3,1.4,1.7,11394,17.4,34.5,33.1,15.0,17.9,26.0,24.2,1829,4.5,77.6,255.0,223.5,86.2,78.1,7.1,6.2,9,26.4,49.3,47.1,51.2,9.6,8.7,10.4,6913,10.6,9.2,12.0,7639,14.9,13.9,15.9,10773,3.8,3.6,4.1,2781,3
3128,1718,2671,323,241,22,817,-147,2670,9.5,10.2,-0.6,0.2,-3.2,-3.0,3821,12.9,38.8,32.4,15.9,12.6,17.6,15.7,870,4.9,77.8,375.1,304.1,112.9,94.8,10.2,7.4,0,23.2,49.1,47.2,50.8,8.7,8.0,9.6,2859,10.3,9.0,11.7,3375,13.1,12.2,14.0,4289,3.3,3.0,3.5,1075,2
804,404,1598,40,39,3,123,13,584,11.5,12.5,-1.0,0.0,2.2,2.2,1600,23.6,43.2,19.0,14.2,20.8,30.1,27.8,219,5.7,85.1,260.3,231.8,84.1,75.8,9.1,7.8,0,23.2,55.6,53.6,57.6,10.5,9.6,11.5,807,12.6,11.0,14.2,967,15.7,14.6,16.7,1198,4.0,3.7,4.3,306,6
18152,10492,4178,5728,11435,662,10581,2049,5457,10.8,10.4,0.4,1.2,7.3,8.5,15823,10.7,22.7,40.0,26.5,18.5,20.1,17.9,5093,5.0,67.7,279.6,243.8,96.2,87.1,7.2,6.2,43,23.8,40.7,38.6,42.4,7.1,6.5,7.8,13119,7.4,6.3,8.6,13660,10.7,9.9,11.5,19770,3.2,3.0,3.5,5984,4
974,807,145,50,66,5,186,-53,410,12.1,13.6,-1.5,0.1,-2.6,-2.5,934,10.0,36.0,33.8,20.2,9.7,15.9,14.5,305,4.8,85.1,284.4,240.5,99.6,87.2,7.0,5.8,2,26.1,48.3,45.8,50.8,8.4,7.5,9.3,857,9.5,8.0,11.1,969,11.3,10.3,12.3,1157,3.3,3.1,3.6,339,4
4369,2279,1210,187,502,20,806,226,427,11.3,10.7,0.6,0.8,3.9,4.7,4041,13.1,38.0,28.8,20.1,10.4,14.9,14.0,627,2.8,76.1,263.2,231.8,90.3,81.7,7.3,6.3,0,27.1,45.5,43.2,47.6,8.7,7.8,9.6,2982,9.2,7.8,10.7,3165,12.3,11.3,13.4,4233,3.4,3.1,3.6,1152,6
8160,4718,4740,464,944,42,2546,110,2875,11.2,9.9,1.4,0.9,-1.2,-0.3,7241,9.7,36.5,31.5,22.2,12.3,17.3,16.3,1828,3.3,89.8,330.2,305.7,128.9,119.7,12.1,11.7,54,22.6,45.6,43.3,47.6,7.9,7.2,8.7,6704,8.5,7.2,9.9,7167,11.7,10.7,12.7,9865,3.1,2.9,3.3,2619,4
4348,2175,219,129,290,6,459,152,503,8.0,12.3,-4.4,0.3,8.6,8.9,1877,7.2,33.2,26.9,32.7,11.1,16.8,14.4,568,3.3,101.1,330.2,305.7,128.9,119.7,12.1,11.7,4,35.2,40.3,38.0,42.7,9.1,8.0,10.1,2594,8.8,7.2,10.4,2518,11.7,10.5,12.8,3343,3.6,3.3,3.9,1020,6
4725,2126,5423,441,478,85,1166,858,703,12.3,9.4,2.9,1.2,8.1,9.3,5856,12.5,38.9,30.0,18.6,10.6,15.4,13.7,1160,3.1,126.0,253.1,225.8,85.1,77.8,8.1,7.4,8,19.5,49.5,47.5,51.7,7.8,7.1,8.5,4211,9.5,8.3,10.9,5159,12.4,11.4,13.3,6683,3.0,2.8,3.2,1612,2
1045,728,907,229,129,8,316,-138,1691,13.5,10.0,3.5,0.6,-12.3,-11.7,2491,22.2,32.3,29.0,16.5,15.8,21.3,19.6,238,3.4,87.5,224.8,199.9,72.9,66.5,6.2,5.4,0,19.8,49.5,47.5,51.4,8.3,7.6,9.1,1051,8.1,7.0,9.2,1025,13.7,12.8,14.6,1728,3.4,3.2,3.6,431,5
60860,34396,48753,3679,117174,507,18765,-2073,12828,11.2,7.1,4.1,3.4,-9.8,-6.4,46996,7.4,18.3,25.5,48.8,6.6,7.9,7.2,15924,3.1,143.8,284.4,240.5,99.6,87.2,7.0,5.8,257,20.3,33.2,31.5,34.9,5.5,5.0,6.1,39688,5.6,4.7,6.7,40499,8.7,8.0,9.5,62696,2.5,2.4,2.7,18307,2
1489,885,97,175,121,9,271,1,201,10.6,13.7,-3.1,0.6,2.6,3.2,2097,19.1,40.4,26.0,14.6,20.3,31.6,30.9,205,3.3,72.4,273.1,236.3,86.6,79.0,7.0,6.3,0,27.8,50.1,47.6,52.4,10.7,9.6,11.8,1277,12.5,10.7,14.4,1499,14.6,13.3,15.8,1745,3.9,3.6,4.2,467,6
866,539,7969,58,137,14,160,-158,2441,10.7,11.4,-0.8,0.4,-10.9,-10.5,3094,31.1,31.6,25.9,11.4,33.4,40.5,39.4,285,5.3,73.1,191.3,174.8,65.9,61.2,7.1,6.7,0,19.3,55.6,53.9,57.2,9.4,8.8,10.1,1060,10.9,9.8,12.1,1230,17.6,16.7,18.6,1981,4.2,4.0,4.5,474,6
1533,702,10630,97,129,26,347,-95,286,13.2,10.2,3.0,0.0,-7.3,-7.3,3059,20.8,37.4,29.1,12.6,22.0,33.2,30.6,562,6.0,73.0,228.7,202.9,79.1,71.9,7.0,6.1,0,20.0,52.3,50.5,53.9,8.9,8.3,9.6,1477,10.7,9.4,11.9,1772,17.5,16.5,18.4,2894,4.1,3.9,4.3,679,3
731,417,269,25,38,1,185,-42,127,8.8,13.5,-4.8,0.1,-0.5,-0.4,837,14.8,37.7,34.2,13.3,15.3,24.4,22.1,248,6.9,95.0,230.9,214.6,77.3,72.9,8.3,7.6,0,27.1,50.0,47.7,52.1,10.5,9.5,11.5,663,12.6,11.0,14.4,794,15.1,14.0,16.3,951,3.6,3.4,3.9,229,5
195,178,29,19,37,2,44,15,149,14.4,8.8,5.6,1.2,-0.4,0.8,168,10.3,27.9,33.8,27.9,12.1,16.0,15.6,31,2.4,110.7,227.6,206.5,88.0,80.5,6.8,6.3,0,28.9,47.8,45.3,50.6,8.3,7.3,9.3,160,8.0,6.6,9.7,156,12.3,11.1,13.5,238,3.3,3.0,3.6,63,6
7820,3864,12146,533,494,101,1291,778,1422,11.5,13.4,-1.9,0.6,11.8,12.4,9887,19.1,40.7,27.8,12.4,18.8,33.3,31.6,1303,4.8,71.4,265.2,240.7,86.8,80.1,6.9,6.0,10,29.2,56.1,54.4,57.7,12.0,11.0,13.1,7011,13.9,12.2,15.6,8091,17.4,16.3,18.5,10149,4.5,4.2,4.8,2599,5
5118,2609,1294,143,282,10,958,-245,669,10.1,12.6,-2.5,-0.4,-1.1,-1.5,5755,13.5,43.5,28.6,14.3,18.8,25.3,23.3,1335,5.6,76.6,292.7,248.6,93.7,83.7,8.3,7.1,0,24.5,54.9,52.7,56.9,9.7,8.8,10.6,4523,11.7,10.0,13.5,5499,14.4,13.3,15.5,6751,3.5,3.3,3.8,1658,3
762,434,233,35,24,0,61,-68,440,6.4,16.1,-9.7,1.0,-2.5,-1.5,505,10.3,48.5,23.9,17.3,14.3,20.9,20.3,134,5.0,80.5,320.5,273.3,100.8,88.2,8.7,7.2,0,36.1,48.3,45.7,50.8,10.0,9.0,11.1,541,10.3,8.7,12.0,560,13.8,12.6,15.1,750,3.7,3.4,4.1,203,6
5355,4093,2538,187,649,21,1312,-403,2022,12.0,12.8,-0.8,0.7,-5.9,-5.2,3417,7.4,34.5,33.3,24.8,12.3,15.9,14.3,1277,3.9,84.8,284.4,240.5,99.6,87.2,7.0,5.8,25,25.4,47.0,44.6,49.5,8.0,7.1,8.8,4057,8.6,7.4,10.0,4398,11.1,10.2,12.1,5666,3.2,3.0,3.4,1623,5
12279,7747,4991,488,845,73,1739,-599,6795,9.3,12.7,-3.4,0.3,-1.1,-0.8,11968,11.4,46.6,25.8,16.2,13.0,15.7,14.0,3420,5.2,80.2,320.5,273.3,100.8,88.2,8.7,7.2,16,26.7,47.3,45.1,49.4,8.4,7.6,9.2,9550,9.2,7.9,10.5,10466,12.4,11.4,13.4,14113,3.3,3.1,3.6,3775,5
10095,5093,12428,515,4985,108,3429,3251,4053,10.5,6.7,3.8,1.1,14.7,15.8,7105,6.6,27.2,29.8,36.3,5.9,6.6,6.1,2554,2.9,145.1,230.8,212.0,80.3,74.4,6.5,6.1,39,18.2,41.2,39.0,43.4,5.9,5.3,6.5,7363,6.8,5.8,8.1,8561,10.1,9.2,11.0,12618,2.5,2.3,2.6,3084,2
1188,946,209,76,354,1,257,-117,199,12.4,11.9,0.5,0.9,-9.3,-8.3,691,6.5,31.4,37.8,24.3,8.4,11.8,11.4,187,2.7,94.5,218.2,193.1,84.8,77.9,6.9,6.5,0,26.5,42.7,40.3,44.9,7.6,6.8,8.4,879,6.9,5.8,8.1,799,10.5,9.5,11.4,1209,3.1,2.8,3.3,356,6
22967,12785,49282,3232,11260,437,11363,2148,11265,12.9,7.5,5.3,0.8,-0.4,0.3,24774,10.3,29.7,30.3,29.8,11.5,17.5,16.4,7155,3.9,110.9,375.1,304.1,112.9,94.8,10.2,7.4,76,18.6,36.3,34.8,37.7,6.4,5.8,6.9,18120,7.1,6.2,8.1,20228,10.6,9.9,11.3,30238,2.9,2.7,3.0,8132,2
1186,794,133,27,65,3,128,44,246,10.0,9.8,0.2,0.4,2.6,2.9,800,7.9,33.6,37.9,20.6,7.4,10.5,9.9,290,3.0,102.9,284.4,240.5,99.6,87.2,7.0,5.8,0,25.5,45.7,43.1,48.2,7.8,7.0,8.6,855,8.5,7.2,9.8,930,10.6,9.6,11.6,1167,3.1,2.8,3.3,338,6
1573,890,1529,361,106,29,259,30,312,13.9,10.1,3.8,-0.7,-1.6,-2.4,3200,24.1,41.4,22.2,12.3,16.9,25.3,24.5,290,3.0,82.2,224.8,199.9,72.9,66.5,6.2,5.4,0,21.8,51.4,49.6,53.3,9.1,8.4,9.9,1387,8.7,7.7,9.7,1320,15.6,14.8,16.5,2379,3.8,3.6,4.0,577,6
3285,1639,830,277,182,181,705,348,602,12.6,11.1,1.5,-0.2,6.4,6.3,3767,12.7,44.2,27.2,15.9,16.5,23.5,19.8,691,3.5,98.8,207.6,188.2,79.9,75.0,7.0,6.5,8,20.4,47.7,45.4,49.8,8.6,7.8,9.4,2936,9.6,8.3,11.0,3272,11.9,10.9,12.7,4056,3.1,2.9,3.3,1061,5
2257,1102,266,71,114,3,284,-131,1224,10.3,11.7,-1.3,0.3,-4.2,-3.9,2757,16.4,48.0,18.8,16.8,19.0,27.5,24.3,537,5.7,93.6,263.4,231.6,100.1,89.4,10.5,9.2,4,25.8,51.9,49.7,54.0,11.1,10.0,12.1,2146,13.7,11.9,15.6,2656,15.2,14.0,16.3,2950,3.6,3.3,3.9,704,6
740,449,25,20,30,5,79,-110,51,10.1,13.3,-3.3,0.1,-13.0,-12.9,508,9.9,43.5,31.2,15.4,11.3,16.1,14.6,183,5.0,82.4,284.4,240.5,99.6,87.2,7.0,5.8,0,32.1,49.9,47.4,52.4,9.0,8.1,10.0,494,9.8,8.4,11.4,540,12.2,11.1,13.3,668,3.5,3.2,3.8,191,5
16251,7764,12035,448,2918,102,2484,2130,684,7.2,11.9,-4.7,1.4,22.4,23.8,6500,8.0,33.9,33.7,24.4,10.3,18.4,16.4,1904,4.0,106.4,265.2,240.7,86.8,80.1,6.9,6.0,18,36.8,45.2,43.2,47.0,10.6,9.6,11.6,9859,10.5,9.0,12.0,9814,14.8,13.7,15.9,13814,4.0,3.7,4.3,3722,3
400,248,76,54,23,8,59,-65,64,12.2,11.2,0.9,0.2,-16.1,-15.9,640,20.8,33.7,31.3,14.2,25.7,36.6,33.0,84,3.8,84.1,244.8,213.8,91.1,82.1,7.7,7.3,0,27.7,48.4,46.5,50.3,9.5,8.8,10.3,313,8.5,7.5,9.5,279,15.8,14.9,16.8,520,4.4,4.1,4.7,144,6
1648,591,541,125,210,21,305,350,0,10.4,8.2,2.2,0.8,15.6,16.4,2937,22.9,40.6,23.6,12.8,13.0,19.5,18.7,297,3.1,94.5,228.7,202.9,79.1,71.9,7.0,6.1,0,22.9,44.5,42.1,46.7,8.9,8.0,9.7,1307,10.6,9.2,12.1,1567,13.4,12.4,14.4,1983,3.5,3.2,3.7,510,6
1692,1261,487,733,207,11,407,170,2295,12.9,9.3,3.6,1.6,2.3,4.0,1435,9.1,33.0,29.7,28.2,11.0,12.0,10.7,312,2.6,99.1,240.4,219.1,92.8,84.8,9.2,8.6,10,24.6,42.9,40.5,45.2,7.7,6.9,8.6,1390,6.2,5.2,7.4,1122,10.4,9.4,11.4,1870,3.1,2.9,3.4,559,5
626,295,27,29,9,0,74,-68,132,12.1,15.3,-3.2,-0.1,-6.0,-6.1,1521,30.1,37.8,24.4,7.6,31.4,43.6,40.8,146,7.7,60.1,230.9,214.6,77.3,72.9,8.3,7.6,0,24.8,60.9,58.5,63.1,13.9,12.6,15.2,768,18.2,15.9,20.6,1005,19.2,17.8,20.7,1062,4.6,4.2,5.0,255,6
3924,2133,1319,81,276,10,478,-291,1765,9.5,15.5,-6.0,0.0,-1.0,-1.0,5783,18.8,36.3,29.6,15.3,18.2,24.1,22.5,698,4.4,58.0,263.2,231.8,90.3,81.7,7.3,6.3,12,27.4,54.9,52.5,57.0,9.9,8.9,11.0,3261,10.7,9.1,12.6,3535,13.5,12.4,14.7,4466,3.6,3.3,4.0,1196,5
3433,1606,1077,98,273,9,475,41,287,7.5,10.9,-3.4,-0.1,4.8,4.7,1784,7.4,32.3,31.6,28.7,7.4,8.6,7.6,464,2.7,99.0,263.2,231.8,90.3,81.7,7.3,6.3,0,28.1,43.1,40.5,45.5,8.0,7.1,8.9,2157,8.1,6.7,9.6,2183,11.0,9.9,12.0,2966,3.1,2.9,3.4,841,3
1906,1124,166,68,356,11,265,142,377,13.7,10.3,3.4,0.4,1.6,2.0,1612,9.1,43.8,27.5,19.6,11.7,15.4,14.1,448,3.0,103.1,230.8,212.0,80.3,74.4,6.5,6.1,0,22.4,43.7,41.3,46.1,7.7,6.9,8.6,1565,9.5,8.1,11.0,1922,12.2,11.1,13.3,2467,3.0,2.8,3.2,606,5
1440,757,436,56,71,13,280,48,275,12.1,11.3,0.8,0.2,1.6,1.8,2141,16.6,40.3,28.3,14.8,15.5,21.7,20.4,360,4.1,103.0,230.9,214.6,77.3,72.9,8.3,7.6,6,23.5,49.8,47.3,52.0,10.0,9.0,11.0,1453,12.6,10.8,14.4,1827,14.4,13.3,15.6,2099,3.5,3.2,3.8,502,6
2473,1209,197,122,101,11,389,-72,308,10.9,11.2,-0.4,0.1,-2.2,-2.1,2063,10.3,44.8,30.1,14.8,14.1,21.2,19.1,663,5.1,90.1,292.7,248.6,93.7,83.7,8.3,7.1,4,24.6,53.0,50.7,55.2,9.5,8.5,10.4,2093,10.7,9.3,12.2,2372,13.5,12.3,14.6,2985,3.3,3.1,3.6,735,2
2542,1358,197,90,124,3,362,-260,405,9.7,11.9,-2.2,0.0,-7.4,-7.4,2233,11.3,47.9,27.2,13.6,12.9,17.3,15.6,688,5.3,89.0,292.7,248.6,93.7,83.7,8.3,7.1,0,26.9,53.4,51.2,55.7,9.6,8.8,10.6,2063,10.9,9.4,12.4,2341,13.8,12.7,14.9,2946,3.4,3.2,3.7,732,3
962,558,247,168,171,5,134,-99,183,10.3,12.1,-1.8,2.0,-10.0,-8.0,1497,21.5,34.9,25.3,18.3,16.9,23.9,21.7,145,3.1,69.6,224.8,199.9,72.9,66.5,6.2,5.4,0,27.4,49.4,47.3,51.4,9.7,8.9,10.6,767,9.1,7.8,10.4,717,15.1,14.1,16.1,1193,3.8,3.6,4.1,301,6
3210,1911,993,376,1747,43,1049,46,3014,10.7,9.6,1.1,5.5,-5.6,0.0,3420,12.2,29.9,28.3,29.5,18.1,21.8,20.4,606,3.1,79.2,273.1,236.3,86.6,79.0,7.0,6.3,18,20.8,42.5,39.9,45.0,7.7,7.0,8.5,2718,8.9,7.4,10.4,3138,10.8,9.9,11.8,3834,3.0,2.8,3.2,1066,5
2198,949,592,665,435,68,894,-496,660,12.6,7.0,5.6,1.4,-18.5,-17.2,2549,9.0,33.3,35.7,22.0,8.4,10.0,8.5,896,4.2,117.8,207.9,199.6,79.8,76.2,10.6,10.4,10,15.8,40.3,38.5,42.2,5.9,5.4,6.4,1862,6.6,5.7,7.7,2098,8.9,8.3,9.6,2834,2.6,2.4,2.8,821,5
1642,907,104,130,75,15,276,39,195,14.2,12.1,2.1,-0.2,0.3,0.1,2380,19.2,44.2,25.3,11.4,23.9,39.9,37.6,307,4.1,64.9,273.1,236.3,86.6,79.0,7.0,6.3,0,26.2,52.0,49.5,54.3,11.3,10.2,12.4,1549,13.8,11.8,15.7,1886,15.5,14.2,16.6,2121,4.1,3.8,4.5,565,6
46674,23394,29938,12877,94831,5618,39294,11862,9983,12.5,7.1,5.4,3.8,5.4,9.2,42223,7.8,23.8,36.6,31.9,7.5,8.8,8.0,16181,3.8,117.7,278.8,246.3,100.6,91.7,6.9,6.1,72,18.6,39.6,37.7,41.3,5.4,4.9,5.9,33840,5.3,4.5,6.1,33429,9.7,9.0,10.4,61120,2.5,2.4,2.7,15994,2
15237,9533,87005,2596,10238,246,4312,-1590,16256,13.7,10.2,3.4,3.2,-12.9,-9.7,27058,16.0,32.6,31.9,19.6,18.7,27.8,25.7,6859,6.3,79.4,224.8,199.9,72.9,66.5,6.2,5.4,88,19.5,56.4,55.0,57.7,7.8,7.3,8.3,15076,7.8,6.9,8.6,15061,14.3,13.6,15.0,27792,3.5,3.3,3.7,6757,3
1682,927,5794,594,171,9,482,-26,4183,11.6,9.3,2.3,0.2,-3.4,-3.2,3607,20.1,42.9,24.3,12.7,19.6,22.7,20.8,494,5.6,92.4,260.3,231.8,84.1,75.8,9.1,7.8,3,19.2,47.6,45.7,49.5,8.7,8.0,9.4,1731,10.3,9.1,11.5,2057,13.6,12.7,14.3,2706,3.4,3.2,3.6,685,6
1286,607,8158,36,98,12,161,-183,522,12.6,14.8,-2.1,0.1,-9.7,-9.7,2657,24.9,41.3,22.8,11.0,22.3,35.2,35.3,359,5.3,65.3,228.7,202.9,79.1,71.9,7.0,6.1,0,24.0,53.9,52.2,55.5,9.5,8.9,10.2,1124,11.1,10.0,12.3,1312,18.7,17.8,19.7,2213,4.4,4.2,4.7,521,6
2897,1993,1401,327,373,139,988,38,851,12.3,9.5,2.8,1.2,-3.1,-1.9,4189,14.9,34.5,32.2,18.4,16.6,23.3,21.1,857,4.1,83.2,273.1,236.3,86.6,79.0,7.0,6.3,9,22.0,47.0,44.8,49.1,8.5,7.7,9.4,2733,9.9,8.5,11.5,3191,12.3,11.3,13.2,3932,3.3,3.0,3.6,1054,5
102711,64943,95510,4231,207504,1067,39341,9720,56809,10.4,7.4,3.1,9.1,-6.1,3.0,76765,6.9,19.6,18.4,55.2,7.3,8.0,7.2,24982,2.7,125.8,449.5,353.7,134.3,114.6,9.6,7.3,216,20.2,29.2,27.5,30.8,5.1,4.6,5.7,65873,4.8,3.9,5.8,62364,7.5,6.9,8.2,97570,2.4,2.2,2.6,30890,2
2644,1237,196,123,65,13,530,39,307,11.3,10.4,0.9,0.3,-0.1,0.2,3501,14.3,44.9,28.5,12.3,16.4,22.9,21.3,884,5.6,91.8,292.7,248.6,93.7,83.7,8.3,7.1,0,22.8,52.5,50.3,54.8,9.1,8.3,10.1,2522,11.4,9.9,12.9,3132,12.9,11.9,13.9,3560,3.3,3.1,3.6,908,2
1570,1101,93,95,125,15,212,79,212,10.7,9.0,1.6,1.0,1.3,2.3,1594,11.4,45.1,28.8,14.7,10.3,15.4,14.5,346,3.1,93.8,264.9,238.3,94.6,86.4,7.9,7.1,0,25.0,46.0,43.6,48.4,8.3,7.4,9.2,1300,8.1,6.9,9.3,1270,11.0,10.0,12.0,1727,3.3,3.1,3.6,518,6
1340,781,8797,77,50,10,208,-261,174,10.8,12.5,-1.7,0.5,-13.6,-13.2,2208,17.9,45.1,24.4,12.6,20.5,30.8,27.3,414,5.4,75.6,253.1,225.8,85.1,77.8,8.1,7.4,0,24.0,58.1,56.4,59.8,10.0,9.3,10.7,1342,11.8,10.7,13.1,1593,19.0,18.0,20.0,2560,4.2,4.0,4.5,569,6
2149,1082,135,167,73,22,372,-138,332,10.2,12.3,-2.1,-0.2,-3.4,-3.6,3868,22.9,39.3,26.5,11.2,15.9,24.1,22.0,425,3.9,78.6,273.1,236.3,86.6,79.0,7.0,6.3,0,24.4,52.0,49.6,54.4,10.4,9.4,11.6,1924,12.7,11.0,14.8,2354,14.3,13.2,15.5,2658,3.8,3.5,4.2,706,6
11098,5720,23699,897,1790,117,2464,725,4350,11.3,11.0,0.3,0.6,4.2,4.8,14118,14.7,32.8,33.7,18.7,16.3,25.2,24.0,2576,3.9,86.9,255.0,223.5,86.2,78.1,7.1,6.2,20,22.5,46.1,44.0,48.0,8.5,7.8,9.3,9349,9.3,8.1,10.6,10221,12.9,12.0,13.8,14124,3.4,3.2,3.7,3783,2
7487,3778,12844,420,6022,551,3046,2269,6890,12.6,7.4,5.2,4.4,7.9,12.3,9417,12.3,28.1,29.0,30.6,16.5,19.6,18.2,2372,3.7,106.6,230.9,214.6,77.3,72.9,8.3,7.6,52,17.4,40.7,38.6,42.7,7.2,6.5,7.9,7304,9.2,7.9,10.5,9272,11.0,10.2,11.9,11168,2.8,2.6,3.0,2811,4
2312,1704,1013,63,144,11,260,-154,2453,9.2,13.1,-3.9,0.0,-1.4,-1.4,2808,13.4,39.9,31.1,15.6,14.4,20.1,17.7,706,5.9,81.7,284.4,240.5,99.6,87.2,7.0,5.8,0,25.1,50.2,47.9,52.5,8.7,7.8,9.6,1986,9.9,8.4,11.5,2261,12.0,11.0,13.0,2748,3.4,3.1,3.7,775,6
4118,2136,637,144,592,30,914,-150,1547,8.2,10.0,-1.9,1.6,-3.2,-1.6,2101,6.6,30.2,24.6,38.6,12.0,16.1,13.3,646,2.9,89.4,367.1,322.7,130.3,121.5,11.7,9.9,0,28.9,34.4,32.3,36.7,7.4,6.5,8.3,2584,7.5,6.1,9.0,2626,9.8,8.7,10.9,3439,3.1,2.9,3.4,1087,6
1889,928,1898,712,97,14,184,116,1462,4.9,8.8,-3.9,2.9,9.5,12.4,2454,24.4,40.6,25.1,9.9,20.1,27.6,23.7,208,4.0,69.8,265.2,240.7,86.8,80.1,6.9,6.0,0,31.5,54.4,52.8,55.9,12.1,11.0,13.1,1405,12.6,11.1,14.2,1469,16.9,15.9,17.9,1973,4.4,4.1,4.7,510,6
2466,1012,191,591,219,28,704,64,278,8.5,12.5,-3.9,0.1,7.2,7.4,874,6.1,25.2,45.2,23.5,12.5,19.6,19.0,588,7.5,73.2,279.6,243.8,96.2,87.1,7.2,6.2,0,37.0,37.3,34.8,39.7,8.5,7.7,9.5,1336,8.3,7.0,9.7,1293,11.9,10.9,13.0,1864,3.7,3.4,3.9,573,6
481,206,19,26,15,1,67,20,40,5.3,8.9,-3.6,0.6,8.9,9.5,215,8.6,33.1,31.6,26.6,13.4,20.1,17.5,90,5.4,87.6,247.1,236.2,91.5,88.0,9.8,9.4,0,38.3,40.3,37.4,43.1,9.2,8.1,10.4,264,8.0,6.6,9.6,229,12.3,10.9,13.5,351,3.6,3.3,3.9,103,6
2791,1554,352,246,452,20,727,383,465,10.9,7.8,3.1,0.5,6.1,6.6,2222,8.3,33.8,40.2,17.7,7.6,9.4,8.5,788,3.7,104.5,302.7,265.0,104.9,96.0,7.4,6.6,0,20.7,42.8,40.7,44.9,6.4,5.8,7.0,1942,5.8,5.0,6.7,1762,9.3,8.5,10.1,2845,2.7,2.5,2.9,833,2
1452,885,633,468,148,18,500,-164,259,13.4,10.2,3.2,0.5,-11.6,-11.1,2052,14.5,33.4,38.3,13.8,13.0,18.9,18.1,453,5.0,89.6,224.8,199.9,72.9,66.5,6.2,5.4,4,21.7,48.1,46.2,50.0,8.5,7.8,9.2,1342,8.5,7.5,9.6,1339,13.1,12.2,13.9,2058,3.3,3.1,3.6,526,5
1930,877,416,66,46,8,201,137,1771,8.1,13.3,-5.2,-0.3,13.2,12.9,2772,20.4,41.9,26.3,11.3,20.7,27.9,25.8,263,3.5,68.3,253.1,225.8,85.1,77.8,8.1,7.4,0,29.0,52.7,50.5,55.0,11.4,10.4,12.6,1692,13.8,11.9,15.8,2036,15.8,14.6,17.0,2338,4.0,3.7,4.4,598,6
305,198,227,14,75,1,87,76,68,6.9,8.1,-1.3,3.6,17.0,20.6,544,19.2,24.4,39.4,16.9,20.8,31.3,28.6,65,3.9,47.4,263.2,231.8,90.3,81.7,7.3,6.3,11,25.6,45.9,43.3,48.0,9.1,8.2,10.0,288,10.6,9.0,12.2,337,13.2,12.2,14.2,419,3.7,3.4,4.0,117,5
2746,1382,417,312,151,13,752,426,927,14.9,9.8,5.1,0.1,5.8,5.9,3260,13.2,38.4,31.5,16.9,14.1,24.7,23.6,525,3.1,94.0,273.1,236.3,86.6,79.0,7.0,6.3,0,20.1,48.6,46.3,51.0,8.6,7.8,9.5,2450,10.6,9.1,12.2,3014,12.4,11.4,13.4,3530,3.3,3.0,3.6,930,3
10268,5341,516,1467,930,222,2968,740,1628,10.2,13.3,-3.1,0.1,11.4,11.6,6170,9.8,30.9,42.1,17.2,17.0,25.2,23.3,1990,5.5,73.7,303.4,271.5,109.4,101.0,9.2,8.3,12,33.5,47.1,45.1,49.2,10.3,9.4,11.4,7269,10.6,9.2,12.3,7479,14.7,13.5,15.9,10302,4.1,3.8,4.4,2865,4
1141,559,4159,99,116,22,314,-92,190,8.4,10.9,-2.6,1.3,-7.0,-5.7,1346,17.2,37.7,28.6,16.5,13.7,23.4,22.6,212,3.9,70.0,263.2,231.8,90.3,81.7,7.3,6.3,7,28.0,47.1,45.3,48.8,9.2,8.5,10.1,820,9.7,8.5,11.0,859,15.6,14.6,16.6,1389,4.0,3.7,4.3,354,6
2700,1572,440,416,210,33,349,-108,354,13.4,9.5,3.9,1.4,-8.0,-6.6,6543,25.4,36.7,25.2,12.7,21.2,33.3,32.2,926,5.4,69.1,224.8,199.9,72.9,66.5,6.2,5.4,8,20.2,51.5,49.2,53.7,8.4,7.7,9.1,2477,7.0,6.2,7.8,2071,16.9,15.7,17.8,4969,3.9,3.6,4.2,1146,5
1827,1191,78,38,143,7,169,-20,185,8.4,11.0,-2.6,0.5,0.9,1.5,535,4.2,28.1,36.4,31.3,7.8,9.3,7.9,311,3.2,92.6,218.2,193.1,84.8,77.9,6.9,6.5,3,33.0,44.3,41.7,46.9,8.1,7.2,9.0,1116,7.0,5.9,8.4,972,11.3,10.2,12.4,1563,3.3,3.0,3.6,453,5
955,430,30,42,14,0,101,-177,127,11.0,12.5,-1.5,0.2,-12.9,-12.6,2723,30.9,32.7,26.8,9.7,28.4,37.6,35.8,378,13.2,61.7,230.9,214.6,77.3,72.9,8.3,7.6,0,21.0,61.9,59.5,64.3,12.1,11.0,13.3,1165,15.9,13.7,18.1,1523,17.7,16.2,19.1,1697,4.1,3.7,4.4,389,6
1281,637,541,1985,93,5,1085,0,749,11.2,9.3,1.9,0.1,-2.0,-1.9,1681,17.3,40.6,27.1,15.0,20.8,27.8,26.9,211,4.1,76.5,206.7,189.1,73.9,68.5,6.2,5.8,0,25.0,54.3,52.4,56.3,10.9,10.1,11.8,1167,11.4,10.1,12.7,1219,15.1,14.2,16.0,1618,3.9,3.7,4.2,419,6
601,406,58,83,47,15,131,11,58,12.0,10.1,2.0,0.6,-1.1,-0.6,622,11.5,37.7,31.8,18.9,12.6,20.1,20.4,91,2.0,67.2,285.7,262.5,95.4,88.9,7.8,7.1,0,23.9,40.7,38.6,42.8,7.8,7.0,8.6,415,7.7,6.6,9.0,412,10.2,9.4,11.1,547,3.4,3.1,3.6,179,6
2850,1386,19841,156,248,13,303,-579,884,9.5,12.8,-3.3,1.5,-17.0,-15.5,4316,19.3,41.9,26.1,12.7,26.0,37.7,37.4,668,5.4,62.6,229.5,205.0,80.1,72.3,7.0,6.2,4,25.6,58.2,56.7,59.7,9.5,8.8,10.3,2314,10.0,8.8,11.2,2422,20.4,19.3,21.6,4949,4.6,4.3,5.0,1123,6
1574,1160,310,85,384,27,315,136,1831,8.8,10.7,-1.9,1.7,7.6,9.2,846,7.0,37.5,30.4,25.1,10.6,12.3,11.4,242,2.3,93.5,218.2,193.1,84.8,77.9,6.9,6.5,5,25.4,43.2,40.8,45.3,7.3,6.6,8.1,1106,6.8,5.8,7.8,1021,10.2,9.3,11.1,1543,3.0,2.8,3.2,450,6
301106,157413,275869,123814,202798,12814,132150,81244,65225,12.3,7.3,5.0,2.3,11.3,13.6,354513,12.6,22.6,32.8,32.0,12.3,18.2,17.0,92307,4.1,110.4,242.0,224.0,78.1,73.2,6.9,6.1,1004,19.5,39.3,37.8,40.8,6.4,5.8,7.0,214586,6.6,5.7,7.6,222293,9.6,8.9,10.2,321467,3.1,2.9,3.3,105112,1
729,551,179,32,23,0,96,-27,213,10.4,14.3,-3.9,0.1,0.3,0.4,528,10.0,48.9,22.7,18.4,13.4,19.3,18.6,105,2.8,89.0,273.1,236.3,86.6,79.0,7.0,6.3,0,30.2,50.0,47.4,52.3,9.7,8.7,10.8,560,10.6,9.0,12.4,612,13.4,12.2,14.5,770,3.6,3.3,3.9,208,6
3141,1913,614,68,291,24,423,-153,2060,10.2,10.3,-0.1,0.4,-4.2,-3.8,2847,11.3,45.5,24.3,19.0,12.3,17.6,16.7,975,5.3,83.8,320.5,273.3,100.8,88.2,8.7,7.2,10,23.4,47.0,44.7,49.2,8.0,7.1,8.8,2462,8.8,7.5,10.2,2719,11.5,10.5,12.5,3560,3.1,2.9,3.4,965,5
10217,4642,9788,762,1626,84,1864,1752,1430,10.9,8.7,2.2,0.4,11.8,12.3,7790,9.6,31.5,32.9,26.1,9.7,13.0,11.9,1793,3.1,135.2,207.6,188.2,79.9,75.0,7.0,6.5,16,22.8,48.6,46.4,50.6,7.9,7.1,8.8,7365,7.9,6.7,9.2,7386,10.7,9.8,11.6,10013,2.9,2.7,3.1,2667,3
34149,15741,2030,4925,2742,345,5174,3938,4199,8.0,13.1,-5.1,-0.1,22.3,22.1,16623,9.7,25.7,39.4,25.2,13.2,19.2,17.9,4719,4.5,82.5,242.0,224.0,78.1,73.2,6.9,6.1,39,38.5,44.9,42.7,46.9,9.9,8.8,11.0,19213,9.6,8.0,11.1,18574,11.8,10.8,12.9,23017,4.1,3.7,4.4,7876,4
32884,16367,4854,4484,19709,1178,14790,3254,2917,10.1,8.4,1.7,0.7,5.4,6.2,19201,6.7,21.3,35.2,36.8,7.3,7.9,7.4,8248,3.8,128.3,303.4,271.5,109.4,101.0,9.2,8.3,54,23.7,38.6,36.6,40.6,6.7,6.0,7.4,21729,6.6,5.5,7.8,21452,9.6,8.8,10.5,31351,2.8,2.6,3.0,9027,2
788,582,51,52,33,10,120,-114,145,12.3,14.2,-1.9,-0.1,-11.3,-11.5,753,12.8,45.8,25.2,16.2,15.5,22.5,20.8,118,3.1,74.7,273.1,236.3,86.6,79.0,7.0,6.3,0,28.8,54.3,51.8,56.6,10.6,9.5,11.7,676,11.9,10.1,13.5,758,15.0,13.7,16.2,956,3.9,3.6,4.2,247,6
865,480,65,143,60,1,138,18,71,8.9,10.3,-1.4,0.0,3.7,3.7,271,4.4,29.2,37.5,28.8,10.3,13.4,12.1,168,4.0,92.6,207.9,199.6,79.8,76.2,10.6,10.4,0,29.1,38.6,36.1,40.9,8.4,7.5,9.3,554,8.4,6.9,9.8,552,10.8,9.7,11.8,712,3.4,3.1,3.7,225,6
21401,13667,43393,911,20834,207,8700,-600,17576,9.7,9.1,0.7,2.8,-5.4,-2.6,15030,7.3,24.1,27.3,41.3,11.3,15.3,15.2,5844,3.7,95.4,375.1,304.1,112.9,94.8,10.2,7.4,120,21.9,36.0,34.3,37.6,6.3,5.7,7.0,15887,6.7,5.6,7.7,16768,9.7,9.0,10.5,24367,2.7,2.5,2.9,6779,3
11209,6299,1849,1205,2549,51,2464,-190,7047,7.2,9.3,-2.1,0.2,0.5,0.7,5058,5.9,22.7,26.5,45.0,8.0,9.7,8.1,2476,3.6,135.9,370.0,325.3,117.5,106.6,10.1,8.6,17,26.4,35.7,33.6,38.0,6.8,6.1,7.6,7179,7.2,5.9,8.6,7588,9.4,8.5,10.4,9906,2.7,2.5,3.0,2869,2
11707,6028,7534,341,3524,77,3348,302,7465,8.4,8.8,-0.4,3.2,-0.9,2.3,8264,7.9,36.3,27.2,28.7,11.3,14.3,12.6,3963,4.6,113.4,292.7,248.6,93.7,83.7,8.3,7.1,16,21.2,40.8,38.7,42.8,7.3,6.6,8.0,9644,8.2,7.0,9.4,10882,10.4,9.5,11.2,13788,2.8,2.6,2.9,3642,3
3437,1744,10689,351,176,10,712,112,450,10.4,11.4,-1.0,0.2,3.7,3.9,3813,13.7,36.2,34.8,15.3,14.8,23.4,22.6,748,4.1,93.0,255.0,223.5,86.2,78.1,7.1,6.2,6,25.4,50.3,48.5,52.2,9.1,8.4,9.9,2856,9.9,8.8,11.1,3085,14.9,14.0,15.8,4667,3.8,3.6,4.0,1185,3
1518,798,141,307,139,51,393,101,474,10.5,9.2,1.3,0.8,2.9,3.8,1189,9.2,27.2,47.3,16.4,14.4,17.0,15.3,385,4.5,72.0,216.2,199.9,65.3,62.2,5.8,5.4,6,22.2,44.3,42.5,46.1,7.0,6.4,7.7,1060,6.8,5.9,7.7,1016,11.9,11.0,12.7,1783,3.2,3.0,3.4,483,5
4116,2554,1489,166,431,27,1206,-74,2596,10.4,10.6,-0.1,0.8,-2.0,-1.2,3283,8.8,46.1,29.9,15.2,12.1,16.2,13.5,1193,4.4,92.9,292.7,248.6,93.7,83.7,8.3,7.1,9,23.6,50.6,48.5,52.5,8.4,7.6,9.2,3608,9.7,8.4,11.1,4194,13.2,12.2,14.2,5699,3.2,3.0,3.4,1374,5
2602,2044,1022,1353,1225,89,827,3,1370,13.4,8.9,4.5,5.1,-9.5,-4.4,1746,6.8,30.5,33.3,29.3,11.0,11.4,10.6,591,2.8,105.3,240.4,219.1,92.8,84.8,9.2,8.6,10,22.4,45.1,43.0,47.1,7.2,6.5,8.0,2157,5.7,4.8,6.7,1699,10.3,9.4,11.2,3076,2.9,2.7,3.2,875,5
11427,6133,1939,1607,1787,146,1188,1928,3593,18.3,5.1,13.2,2.6,-8.8,-6.2,48935,32.7,26.4,22.5,18.4,25.7,34.6,33.1,4383,3.8,74.1,224.8,199.9,72.9,66.5,6.2,5.4,56,12.7,52.0,49.1,54.7,7.2,6.4,8.0,13347,6.2,5.1,7.2,11417,16.6,15.2,17.8,30636,3.7,3.4,4.1,6899,3
512,229,118,185,65,8,149,-113,28,16.3,7.1,9.2,1.1,-21.7,-20.6,1527,24.7,31.4,28.7,15.2,10.5,15.7,15.1,127,2.8,82.2,224.8,199.9,72.9,66.5,6.2,5.4,0,14.3,47.2,45.3,49.2,7.3,6.7,8.0,498,7.5,6.6,8.4,507,12.9,12.1,13.7,875,3.1,2.9,3.3,212,6
1217,542,2654,253,216,4,416,234,72,12.4,8.7,3.6,0.5,9.6,10.2,1160,10.2,36.1,33.3,20.4,7.3,10.2,9.4,263,2.9,94.7,263.2,231.8,90.3,81.7,7.3,6.3,0,22.1,45.6,43.5,47.6,7.0,6.4,7.6,910,7.8,6.8,8.8,1011,11.5,10.8,12.3,1505,3.0,2.8,3.2,388,2
998,517,115,388,71,8,260,-56,198,10.6,11.3,-0.7,-0.2,-4.0,-4.2,1203,15.7,30.2,30.4,23.7,14.5,23.4,23.2,273,4.8,61.4,285.7,262.5,95.4,88.9,7.8,7.1,0,25.0,37.2,35.6,39.0,7.6,7.0,8.4,664,7.1,6.1,8.2,619,11.6,10.8,12.5,1013,3.6,3.4,3.8,312,6
8641,5149,8230,335,1573,73,2636,-617,8885,9.9,10.3,-0.4,1.3,-6.2,-5.0,7620,10.7,34.6,30.5,24.3,22.5,27.0,24.2,2173,4.0,77.3,230.8,212.0,80.3,74.4,6.5,6.1,36,22.0,45.1,42.9,47.1,7.6,6.9,8.3,7094,9.6,8.3,11.0,9026,12.1,11.2,13.1,11383,3.1,2.9,3.3,2891,4
195,76,37,3617,45,12,463,65,52,20.7,8.7,12.1,0.2,0.4,0.6,370,12.7,39.2,28.8,19.3,22.0,31.6,30.1,166,8.2,72.8,276.9,256.7,112.8,105.6,9.6,8.5,0,14.1,45.7,43.6,47.8,8.4,7.7,9.0,286,9.9,8.7,11.1,338,14.0,13.0,14.8,478,3.6,3.4,3.9,125,6
435,341,17,51,16,1,55,-5,101,11.1,15.4,-4.3,0.0,3.2,3.2,301,9.1,43.9,27.1,19.8,13.3,19.7,18.1,63,2.4,86.7,273.1,236.3,86.6,79.0,7.0,6.3,0,30.9,49.6,47.0,52.0,10.0,8.9,11.2,350,10.8,9.2,12.5,377,13.7,12.4,15.0,478,3.7,3.3,4.0,128,6
605,414,48,107,26,6,92,-40,104,12.1,10.2,2.0,1.7,-9.3,-7.7,465,9.2,43.6,29.8,17.4,9.9,11.8,11.8,141,3.2,104.9,240.4,219.1,92.8,84.8,9.2,8.6,0,28.7,38.7,36.2,40.8,8.0,7.1,8.8,442,6.3,5.3,7.3,350,10.6,9.7,11.5,589,3.1,2.9,3.3,171,6
6890,4933,11654,1975,3797,207,2913,7192,1603,16.8,6.5,10.3,2.7,29.4,32.1,16562,16.2,25.9,30.6,27.4,10.1,13.5,13.8,2147,2.1,132.3,224.8,199.9,72.9,66.5,6.2,5.4,48,15.4,44.0,42.1,45.8,5.6,5.1,6.0,6852,5.5,4.8,6.2,6722,10.2,9.6,10.8,12594,2.5,2.4,2.7,3134,4
5487,3042,4222,200,3862,57,2464,504,6770,10.1,6.6,3.5,2.3,-1.0,1.3,5005,7.7,28.8,22.2,41.3,18.3,13.9,13.4,2178,4.1,116.0,263.4,231.6,100.1,89.4,10.5,9.2,119,16.1,41.0,38.7,43.3,6.6,6.0,7.2,5877,8.2,6.9,9.4,7309,10.0,9.1,10.8,8892,2.4,2.3,2.6,2167,4
2371,991,2756,126,582,9,521,373,248,11.1,9.0,2.0,0.7,9.9,10.7,3323,16.7,38.0,27.2,18.0,16.1,24.6,23.4,483,3.5,87.6,228.7,202.9,79.1,71.9,7.0,6.1,0,23.5,44.8,42.7,46.9,8.4,7.6,9.2,1917,9.9,8.6,11.3,2261,13.6,12.5,14.6,3095,3.4,3.2,3.7,782,4
5727,2724,27776,249,309,38,869,-231,1392,11.2,12.6,-1.4,0.3,-2.3,-2.0,8271,17.9,35.4,29.5,17.2,23.5,33.4,33.7,1227,4.1,70.9,229.5,205.0,80.1,72.3,7.0,6.2,12,24.0,52.1,50.4,53.8,9.0,8.2,9.7,4666,9.8,8.6,11.0,5080,16.2,15.2,17.2,8426,4.0,3.7,4.2,2066,4
15006,6544,2591,780,1761,78,3620,598,1984,11.3,9.7,1.6,0.3,0.9,1.2,17126,11.2,31.8,36.9,20.2,8.7,10.4,9.4,3620,3.1,119.7,273.1,236.3,86.6,79.0,7.0,6.3,67,19.9,46.7,44.5,48.7,7.1,6.4,7.9,12262,8.7,7.4,10.2,15022,10.6,9.6,11.5,18248,2.8,2.6,3.0,4742,2
1008,561,2889,173,114,13,260,167,2603,11.2,8.2,2.9,1.5,7.3,8.7,1939,20.0,38.7,27.6,13.6,17.9,23.4,22.2,201,4.4,75.0,224.8,199.9,72.9,66.5,6.2,5.4,0,20.4,47.7,46.0,49.3,7.7,7.1,8.3,877,7.9,7.0,8.8,894,12.5,11.8,13.2,1420,3.2,3.0,3.4,360,6
10720,7494,19205,1101,7636,336,5769,536,4581,11.2,9.8,1.4,2.6,-0.5,2.1,10381,9.7,29.3,29.6,31.4,11.3,17.3,15.5,3063,4.0,93.6,375.1,304.1,112.9,94.8,10.2,7.4,36,22.5,44.3,42.4,46.3,6.9,6.2,7.6,8396,7.7,6.6,9.1,9425,11.1,10.2,12.0,13560,2.9,2.7,3.1,3562,3
1457,781,58,114,43,1,296,101,123,11.2,12.2,-1.1,-0.3,8.9,8.6,1796,18.6,44.5,26.4,10.5,19.7,29.5,27.8,229,4.6,67.6,273.1,236.3,86.6,79.0,7.0,6.3,0,29.1,54.4,52.0,56.6,12.2,11.0,13.4,1274,14.2,12.3,16.2,1481,16.3,15.0,17.6,1702,4.3,4.0,4.7,454,6
1596,1045,138,83,136,6,188,-111,299,10.1,10.8,-0.7,0.6,-6.3,-5.7,1236,10.0,40.9,30.2,18.9,14.3,20.1,19.4,249,2.7,87.3,264.9,238.3,94.6,86.4,7.9,7.1,4,29.2,45.8,43.0,48.4,8.8,7.9,9.7,1197,8.2,6.9,9.7,1121,11.6,10.5,12.6,1575,3.5,3.2,3.8,473,6
5965,3036,398,182,685,12,899,177,1008,8.2,12.6,-4.4,0.3,7.0,7.3,3336,7.4,28.5,31.6,32.4,6.9,11.6,10.2,788,2.5,86.0,315.1,287.6,105.9,99.6,9.7,8.6,10,28.6,43.7,41.3,46.1,8.0,7.1,8.9,3993,8.7,7.2,10.4,4334,11.3,10.1,12.5,5626,3.0,2.8,3.3,1508,5
8985,5099,17437,791,9599,164,5723,1482,9034,11.4,6.3,5.1,5.1,-1.9,3.1,6161,5.8,21.2,27.0,46.0,16.8,13.2,12.1,2206,2.3,101.3,273.1,236.3,86.6,79.0,7.0,6.3,110,16.2,35.5,33.5,37.4,5.4,4.9,5.9,7711,6.2,5.3,7.2,8958,8.4,7.8,9.1,12068,2.4,2.2,2.5,3379,4
1503,836,10479,63,189,15,368,220,556,14.7,8.4,6.3,-0.4,2.6,2.2,2605,15.0,38.8,25.6,20.6,12.8,20.0,19.2,601,4.4,121.2,260.3,231.8,84.1,75.8,9.1,7.8,0,19.1,47.9,46.0,49.6,7.3,6.7,7.9,1459,8.5,7.5,9.4,1691,13.1,12.4,13.9,2624,3.2,3.0,3.4,639,3
158,84,152,6,1,2,29,8,0,10.1,9.4,0.7,0.0,5.1,5.1,222,21.5,32.9,30.3,15.3,21.2,40.1,35.7,23,4.3,63.2,224.8,199.9,72.9,66.5,6.2,5.4,0,31.0,56.9,55.0,58.5,12.6,11.5,13.7,135,12.3,10.5,14.0,131,19.2,18.0,20.4,206,4.9,4.6,5.3,53,6
182,159,4,18,4,1,25,-7,4,11.1,5.2,5.9,0.0,-10.4,-10.4,158,14.4,37.4,37.2,10.9,16.6,23.4,21.7,32,4.7,60.4,237.6,217.1,87.0,79.6,10.5,9.7,0,35.5,52.3,49.6,54.7,12.1,10.8,13.4,132,9.9,8.4,11.6,108,15.2,13.9,16.5,166,4.3,4.0,4.8,48,6
1401,759,1895,195,97,37,272,5,497,11.5,8.5,3.0,-0.4,-2.3,-2.6,1865,16.1,36.8,31.3,15.9,12.3,17.8,17.2,293,3.1,92.1,224.8,199.9,72.9,66.5,6.2,5.4,0,25.1,49.5,47.7,51.3,9.0,8.2,9.8,1201,9.0,7.8,10.2,1202,14.3,13.4,15.2,1909,3.6,3.4,3.8,480,6
3564,1610,277,9103,176,28,3943,138,565,11.5,13.5,-2.0,0.1,5.4,5.4,3726,13.4,39.1,33.0,14.6,15.5,20.3,19.1,666,3.4,98.1,206.7,189.1,73.9,68.5,6.2,5.8,0,24.4,52.7,51.0,54.4,10.2,9.4,11.1,3209,10.9,9.8,12.1,3440,15.0,14.1,15.9,4720,3.7,3.5,4.0,1178,6
1566,813,116,328,80,45,310,222,307,14.5,9.1,5.4,0.4,4.7,5.0,1313,10.1,33.1,39.7,17.1,12.0,15.6,13.7,354,3.6,76.1,216.2,199.9,65.3,62.2,5.8,5.4,0,21.6,43.4,41.1,45.5,7.2,6.5,8.0,1101,7.0,6.0,8.2,1059,11.0,10.1,11.9,1670,3.1,2.9,3.4,477,6
3088,1571,92,2440,117,4,344,232,200,8.1,13.0,-4.9,0.6,14.8,15.4,1127,6.7,31.1,35.1,27.1,10.9,20.1,18.9,402,3.9,77.7,264.9,238.3,94.6,86.4,7.9,7.1,10,39.1,49.1,46.6,51.6,10.1,9.0,11.3,1844,8.8,7.4,10.4,1610,13.0,11.8,14.3,2372,4.0,3.7,4.3,726,6
941,369,2674,31,144,21,148,111,283,11.9,12.0,-0.1,0.6,9.9,10.6,1683,23.4,36.1,26.4,14.1,24.6,35.3,33.7,184,3.4,61.1,228.7,202.9,79.1,71.9,7.0,6.1,6,22.7,54.6,52.7,56.3,10.6,9.6,11.4,858,12.5,11.0,14.0,1013,18.1,17.0,19.0,1467,4.5,4.2,4.8,363,6
1086,598,82,53,81,5,101,78,213,11.5,12.2,-0.7,0.6,6.5,7.1,1119,12.8,42.6,30.8,13.7,11.1,13.7,12.4,214,3.5,97.4,230.8,212.0,80.3,74.4,6.5,6.1,0,26.2,48.1,45.7,50.6,8.8,8.0,9.7,856,10.9,9.3,12.4,1053,13.7,12.6,14.8,1325,3.3,3.1,3.6,323,5
3422,1803,273,148,255,6,558,-117,386,10.4,11.3,-0.8,0.4,-2.4,-2.0,3041,10.6,43.6,29.9,15.8,9.7,14.4,13.1,863,4.1,96.0,292.7,248.6,93.7,83.7,8.3,7.1,0,24.0,50.4,47.9,52.8,8.7,7.9,9.6,2777,10.0,8.6,11.5,3181,12.4,11.4,13.4,3944,3.2,2.9,3.4,1011,6
2181,1319,2422,314,225,17,429,146,421,11.7,11.2,0.5,0.5,4.9,5.4,2942,17.8,38.2,30.2,13.8,15.6,25.4,24.6,544,5.5,77.1,224.8,199.9,72.9,66.5,6.2,5.4,0,27.1,52.9,51.0,54.7,9.9,9.1,10.7,1879,9.6,8.5,10.9,1820,15.5,14.6,16.4,2935,3.9,3.6,4.1,733,6
4890,3495,23220,347,2407,76,1881,1061,11039,13.9,8.5,5.3,5.3,2.4,7.7,4924,11.1,25.4,28.8,34.8,20.8,25.1,24.9,1437,4.0,59.5,263.2,231.8,90.3,81.7,7.3,6.3,49,18.6,39.1,37.2,41.0,6.3,5.8,6.9,4158,6.9,6.0,7.8,4546,9.9,9.3,10.6,6572,2.9,2.7,3.1,1920,3
7365,3464,451,9615,509,82,920,260,935,10.5,14.8,-4.2,0.5,8.6,9.1,5718,14.7,28.6,38.2,18.5,20.4,33.6,32.9,1267,5.9,73.8,242.0,224.0,78.1,73.2,6.9,6.1,8,35.3,47.1,45.3,48.8,10.9,9.9,11.9,4681,11.0,9.5,12.6,4737,14.2,13.1,15.2,6121,4.6,4.3,4.9,1979,5
1288,981,92,110,54,3,187,-6,336,10.8,11.7,-0.9,-0.1,0.7,0.6,840,8.4,38.2,35.5,17.8,11.7,17.6,15.3,243,3.5,74.8,302.7,265.0,104.9,96.0,7.4,6.6,4,29.9,43.9,41.7,46.1,8.2,7.4,9.1,878,6.9,5.9,8.1,738,11.3,10.3,12.2,1207,3.4,3.1,3.7,362,6
388,225,233,49,25,0,97,-42,21,8.1,9.6,-1.5,1.3,-10.1,-8.9,571,21.0,35.0,29.5,14.5,17.4,27.1,25.4,61,3.6,70.0,224.8,199.9,72.9,66.5,6.2,5.4,0,27.0,50.3,48.3,52.2,10.3,9.4,11.3,319,10.0,8.7,11.4,309,15.4,14.4,16.4,474,3.9,3.7,4.2,122,6
49122,28895,275890,4327,34801,697,28115,5718,16470,14.7,8.6,6.1,3.1,-3.1,-0.1,88886,14.3,28.0,27.3,30.4,17.2,24.5,22.8,17132,3.5,86.9,230.8,212.0,80.3,74.4,6.5,6.1,526,17.1,43.2,41.7,44.9,6.6,6.0,7.1,47200,8.6,7.5,9.8,62062,12.2,11.5,13.0,88052,3.1,3.0,3.3,22519,1
696,486,127,99,77,18,136,92,156,13.1,10.5,2.7,0.0,7.1,7.1,684,10.9,41.4,30.8,16.9,11.2,16.1,14.9,136,2.8,87.5,218.2,193.1,84.8,77.9,6.9,6.5,0,24.3,44.5,42.3,46.7,8.1,7.4,9.0,569,7.9,6.7,9.0,549,11.5,10.6,12.5,805,3.3,3.0,3.5,229,6
1587,829,6138,89,83,12,328,-157,1576,6.1,11.9,-5.9,0.1,-3.0,-2.9,2112,16.0,30.4,35.8,17.8,14.7,20.2,17.8,252,2.8,72.6,263.2,231.8,90.3,81.7,7.3,6.3,0,25.6,49.5,47.6,51.2,8.7,8.1,9.5,1259,9.0,7.9,10.2,1295,15.2,14.3,16.2,2191,3.8,3.5,4.0,541,6
606,311,30,61,36,4,23,-44,41,9.8,13.2,-3.4,0.0,-6.2,-6.2,509,15.7,31.1,31.1,22.1,17.6,35.9,35.2,58,3.1,70.1,224.8,199.9,72.9,66.5,6.2,5.4,0,39.2,52.6,50.2,54.7,11.6,10.4,12.8,417,10.5,8.8,12.2,377,16.6,15.3,17.9,599,4.4,4.0,4.7,156,6
210888,102776,933703,49922,348874,5865,91307,34460,48643,15.0,6.0,9.0,7.7,-9.3,-1.6,557077,19.1,23.2,26.8,31.0,16.5,24.8,23.9,100473,4.4,99.4,224.8,199.9,72.9,66.5,6.2,5.4,918,14.4,45.6,44.2,47.0,6.2,5.8,6.7,214400,6.0,5.3,6.7,205605,13.4,12.7,14.1,460821,3.0,2.8,3.1,102160,1
3058,1927,228,442,212,39,766,76,559,13.4,11.3,2.1,-0.4,0.3,-0.1,4277,16.8,37.0,30.9,15.3,15.5,23.5,22.4,552,3.0,82.8,273.1,236.3,86.6,79.0,7.0,6.3,0,23.7,48.4,46.0,50.6,9.3,8.4,10.3,2677,11.1,9.5,12.7,3182,13.1,12.1,14.2,3769,3.5,3.3,3.8,1007,6
4233,2170,5371,6934,184,15,3552,-314,1500,8.7,11.4,-2.7,0.2,-4.1,-3.9,4071,12.3,38.6,31.5,17.6,15.1,22.1,20.6,891,4.3,94.1,206.7,189.1,73.9,68.5,6.2,5.8,0,24.9,50.5,48.8,52.1,10.1,9.4,10.9,3730,10.2,9.1,11.4,3751,14.8,13.9,15.6,5430,3.8,3.6,4.0,1400,3
2739,1173,98,417,170,20,531,776,246,11.0,10.8,0.2,-0.3,33.0,32.7,2070,12.4,33.0,37.9,16.6,12.9,19.7,17.4,566,6.0,81.3,303.4,271.5,109.4,101.0,9.2,8.3,0,32.4,47.9,45.6,50.1,9.8,8.8,10.8,1869,10.2,8.6,11.8,1948,14.0,12.8,15.1,2675,3.8,3.5,4.1,731,5
27458,15773,70813,1977,7689,534,6723,3154,9820,11.6,10.2,1.4,1.2,6.2,7.3,27043,10.8,27.5,30.5,31.2,13.0,18.1,14.8,6107,3.4,109.2,253.1,225.8,85.1,77.8,8.1,7.4,215,23.1,47.2,45.3,49.1,7.8,7.1,8.5,22389,8.9,7.7,10.3,25824,12.9,12.0,13.9,37343,3.2,3.0,3.4,9103,3
897,539,4074,71,43,1,185,-90,3737,7.7,11.5,-3.7,0.2,-3.2,-3.0,1910,18.7,50.3,22.1,8.9,27.5,27.1,25.1,174,4.3,95.4,207.6,188.2,79.9,75.0,7.0,6.5,0,20.8,53.5,51.6,55.3,9.0,8.3,9.7,998,9.7,8.7,10.7,1076,13.9,13.2,14.8,1552,3.4,3.2,3.6,378,4
3173,1794,3188,6671,173,24,3398,-513,1376,11.2,13.7,-2.5,0.1,-10.8,-10.7,3615,14.0,35.7,36.2,14.1,21.5,29.1,26.2,776,4.9,81.6,206.7,189.1,73.9,68.5,6.2,5.8,0,23.7,53.5,51.8,55.1,10.4,9.7,11.1,3049,11.0,9.9,12.1,3216,15.1,14.3,15.9,4435,4.0,3.7,4.2,1159,3
369,286,72,116,11,1,136,-54,73,11.7,11.3,0.5,0.0,-12.9,-12.9,300,9.9,34.7,32.3,23.1,12.7,16.8,15.3,57,2.1,94.5,206.7,189.1,73.9,68.5,6.2,5.8,0,28.3,49.4,47.2,51.8,9.3,8.3,10.3,305,8.9,7.6,10.3,294,12.3,11.3,13.4,407,3.3,3.1,3.6,110,6
15139,7155,42852,952,1954,118,3573,1145,2295,11.3,10.7,0.6,0.8,5.4,6.2,14750,12.7,32.2,28.7,26.4,15.0,22.8,21.9,2474,3.3,100.4,229.5,205.0,80.1,72.3,7.0,6.2,35,24.9,48.7,46.9,50.3,8.1,7.3,8.8,10671,8.4,7.3,9.7,11174,13.3,12.4,14.2,17658,3.5,3.3,3.7,4627,3
3099,1950,376,10291,352,22,1541,363,2095,14.2,9.3,4.9,0.8,2.1,2.9,2437,8.7,28.1,35.2,28.1,18.4,23.6,22.3,988,4.1,67.0,302.7,265.0,104.9,96.0,7.4,6.6,10,20.7,42.3,40.5,44.1,7.4,6.7,8.1,2596,6.6,5.7,7.6,2325,10.8,10.0,11.6,3799,3.2,3.0,3.4,1123,5
5891,2979,3116,329,907,17,1241,-51,2001,11.0,11.8,-0.8,1.0,-0.9,0.1,4180,8.8,30.6,38.0,22.6,14.4,20.0,18.8,1637,5.1,71.0,284.4,240.5,99.6,87.2,7.0,5.8,26,24.2,46.6,44.3,48.9,7.8,7.1,8.6,4106,8.8,7.6,10.2,4638,11.3,10.4,12.2,5925,3.2,3.0,3.4,1677,4
756,600,128,146,65,7,197,-161,399,11.7,12.6,-1.0,0.6,-16.9,-16.3,615,9.5,33.3,37.0,20.2,11.2,16.6,16.1,145,2.7,85.7,218.2,193.1,84.8,77.9,6.9,6.5,0,26.4,46.6,44.4,49.0,8.3,7.5,9.2,612,7.7,6.6,9.0,566,11.4,10.5,12.5,840,3.3,3.1,3.6,243,6
9243,4975,7934,1359,4874,230,5998,2781,1241,13.7,5.5,8.1,1.0,6.0,7.0,5401,4.8,21.1,34.1,40.1,5.7,6.4,5.5,2499,2.7,132.9,239.2,214.5,88.2,80.3,6.8,6.2,8,15.4,42.7,40.6,44.7,4.9,4.4,5.4,6521,4.8,4.1,5.5,6373,8.0,7.4,8.7,10772,2.2,2.1,2.4,2981,3
598,583,105,165,215,5,247,81,1005,11.6,7.8,3.8,3.2,1.2,4.4,398,6.8,29.2,34.7,29.3,11.2,9.0,7.5,129,2.4,88.1,302.7,265.0,104.9,96.0,7.4,6.6,0,22.0,38.2,36.0,40.4,6.3,5.6,7.0,482,5.2,4.4,6.1,403,8.7,7.9,9.5,674,2.7,2.5,2.9,208,6
4781,2428,2997,216,615,22,985,17,3210,8.0,11.1,-3.2,1.9,1.7,3.6,4523,12.8,38.2,27.0,22.1,13.0,17.9,16.8,935,4.5,80.6,375.1,304.1,112.9,94.8,10.2,7.4,0,28.1,43.2,41.2,45.2,8.4,7.5,9.3,3329,9.6,8.2,11.3,3812,12.1,11.0,13.1,4783,3.3,3.0,3.5,1296,6
85,63,3,42,0,3,38,2,0,14.0,10.8,3.2,0.0,0.0,0.0,36,6.0,42.5,27.5,24.0,13.2,23.8,23.1,15,2.7,87.0,240.4,219.1,92.8,84.8,9.2,8.6,0,34.1,42.2,39.5,44.8,8.6,7.7,9.6,62,6.6,5.5,7.7,48,11.3,10.2,12.4,82,3.3,3.1,3.6,24,6
4322,2305,249,84,148,28,419,-386,282,8.3,11.4,-3.1,0.0,-6.4,-6.4,3301,10.8,45.5,25.8,17.8,12.8,19.7,17.8,824,4.0,86.3,320.5,273.3,100.8,88.2,8.7,7.2,4,28.7,47.1,44.3,49.5,9.3,8.3,10.3,3066,9.8,8.2,11.3,3228,13.2,11.9,14.3,4352,3.5,3.2,3.8,1165,6
650,282,33,102,18,8,109,152,52,9.3,9.0,0.3,0.2,24.6,24.8,240,5.6,36.7,30.6,27.0,10.3,15.5,14.1,104,4.0,95.6,247.1,236.2,91.5,88.0,9.8,9.4,0,31.8,36.2,33.7,38.6,8.1,7.2,9.0,394,7.4,6.2,8.9,362,11.1,10.0,12.2,539,3.3,3.0,3.6,159,6
1111,588,248,72,78,6,169,64,217,11.2,12.2,-1.0,-0.1,6.3,6.2,1297,15.4,41.3,31.8,11.5,17.5,24.8,24.5,225,4.4,77.4,253.1,225.8,85.1,77.8,8.1,7.4,0,29.4,54.6,52.3,56.8,10.7,9.7,11.8,1013,12.9,11.3,14.8,1224,15.5,14.3,16.7,1468,3.8,3.5,4.2,364,6
347,178,172,166,83,12,110,-11,39,21.0,5.6,15.4,4.7,-21.8,-17.1,1348,30.8,26.5,29.1,13.6,12.1,18.1,16.9,83,2.0,83.4,224.8,199.9,72.9,66.5,6.2,5.4,0,15.8,47.4,45.4,49.2,7.3,6.7,7.9,360,7.5,6.6,8.5,372,12.7,11.9,13.5,628,3.1,2.9,3.3,152,6
1713,682,107,100,69,3,212,235,163,7.1,10.0,-2.9,0.0,18.5,18.5,992,8.8,32.6,31.2,27.4,10.1,16.3,14.6,243,3.2,109.4,230.8,212.0,80.3,74.4,6.5,6.1,0,32.2,45.6,42.7,48.3,8.8,7.8,9.9,1103,10.3,8.4,12.2,1286,13.6,12.2,15.0,1694,3.4,3.1,3.7,423,2
7832,4407,4517,745,914,118,2671,1344,1045,11.5,9.5,1.9,0.4,10.6,11.0,5293,7.6,33.1,33.1,26.1,8.1,10.8,10.1,1660,3.1,131.2,273.1,236.3,86.6,79.0,7.0,6.3,9,21.9,44.0,41.8,46.0,7.3,6.6,8.1,5819,8.2,6.9,9.5,6529,10.5,9.6,11.4,8363,2.8,2.6,3.0,2252,2
3033,1319,395,1270,495,207,1126,1953,851,16.1,6.2,9.9,-0.2,28.0,27.8,1997,7.2,25.2,38.5,29.1,14.4,16.4,15.6,814,3.6,72.0,216.2,199.9,65.3,62.2,5.8,5.4,6,16.2,37.5,35.7,39.5,6.1,5.5,6.8,2296,6.1,5.2,7.1,2281,9.7,8.9,10.5,3630,2.8,2.6,3.0,1059,5
89,95,7,10,4,0,8,-6,26,11.4,9.8,1.6,1.6,-8.1,-6.5,100,12.8,29.0,29.2,29.0,11.3,18.6,17.1,17,2.0,88.7,227.6,206.5,88.0,80.5,6.8,6.3,0,30.7,46.6,43.9,49.0,8.4,7.3,9.5,76,7.9,6.5,9.6,72,12.5,11.3,13.8,114,3.4,3.1,3.7,31,6
1142,657,14545,31,44,1,146,-227,989,13.3,13.4,-0.2,-0.1,-12.6,-12.7,2776,24.9,41.2,24.0,9.9,33.2,45.5,43.1,507,8.9,59.1,191.3,174.8,65.9,61.2,7.1,6.7,0,19.5,59.7,57.7,61.6,10.7,10.0,11.5,1413,12.4,11.1,13.8,1633,21.9,20.7,23.1,2882,5.2,4.9,5.6,688,6
71,39,3,7,3,0,5,-13,0,11.9,7.9,4.0,1.3,-22.5,-21.2,43,7.4,28.0,45.0,19.7,9.3,11.7,10.9,13,2.8,93.0,239.2,214.5,88.2,80.3,6.8,6.2,0,24.9,45.3,42.8,47.7,8.5,7.6,9.3,47,7.7,6.6,9.1,43,11.7,10.6,12.7,65,3.3,3.1,3.6,19,5
289,300,27,14,8,0,45,-7,81,10.8,13.2,-2.4,0.7,-0.7,0.0,188,8.7,32.5,35.3,23.5,13.6,21.0,21.0,38,3.0,77.0,227.6,206.5,88.0,80.5,6.8,6.3,0,34.2,48.9,46.2,51.6,10.5,9.3,11.7,243,9.8,8.0,11.5,226,14.7,13.3,16.0,339,4.0,3.6,4.4,92,6
856,450,5940,48,84,2,81,-197,1211,6.3,15.0,-8.8,0.5,-15.0,-14.6,1906,28.5,42.9,19.8,8.8,30.7,44.7,43.2,149,6.0,54.1,228.7,202.9,79.1,71.9,7.0,6.1,0,28.1,57.0,54.8,58.9,11.4,10.5,12.1,801,12.4,11.0,13.8,877,22.3,21.0,23.4,1572,5.2,4.9,5.6,368,5
2617,1410,344,6300,202,325,2485,-150,969,12.0,16.0,-4.0,0.4,-1.1,-0.7,3101,15.1,37.3,33.6,14.1,20.6,30.8,28.6,498,3.5,73.6,206.7,189.1,73.9,68.5,6.2,5.8,9,24.0,52.7,50.9,54.4,10.6,9.8,11.4,2496,11.5,10.2,12.8,2697,15.2,14.3,16.0,3571,3.9,3.7,4.2,922,5
67893,34020,120772,6367,232588,1016,44147,3912,10623,12.2,5.2,7.0,8.8,-12.5,-3.7,61178,7.9,12.8,18.2,61.1,6.1,7.2,6.7,15320,2.4,168.1,263.2,231.8,90.3,81.7,7.3,6.3,178,18.0,27.5,26.1,29.0,4.9,4.5,5.4,43440,4.3,3.5,5.1,38006,8.4,7.8,9.1,74010,2.3,2.2,2.5,20430,2
299,172,60,8814,269,0,246,38,28,24.0,11.7,12.3,5.9,-14.5,-8.6,1097,22.1,29.5,32.5,15.8,48.4,53.0,48.6,194,6.2,55.9,240.4,219.1,92.8,84.8,9.2,8.6,0,11.0,54.3,52.1,56.6,11.4,10.5,12.3,678,11.8,10.4,13.4,704,18.8,17.6,20.0,1120,5.0,4.6,5.3,296,6
2512,1255,8813,89,102,14,498,-88,492,11.3,14.0,-2.7,0.0,-0.4,-0.4,3640,18.6,39.8,29.5,12.1,20.4,32.3,32.3,480,4.1,77.6,229.5,205.0,80.1,72.3,7.0,6.2,6,26.9,54.7,53.0,56.3,9.3,8.6,10.0,2005,10.4,9.2,11.7,2238,16.2,15.3,17.1,3505,4.0,3.8,4.2,863,3
873,535,949,34,11,6,104,-176,131,9.3,13.4,-4.0,0.0,-17.5,-17.5,1062,17.8,40.0,27.1,15.1,15.8,24.1,23.6,139,3.9,91.8,207.6,188.2,79.9,75.0,7.0,6.5,0,29.2,50.6,48.4,52.9,11.2,10.2,12.3,726,11.3,9.7,12.9,731,15.1,14.0,16.2,974,4.0,3.7,4.3,257,6
3165,1783,550,165,1079,71,614,124,595,13.8,10.2,3.7,2.6,-3.4,-0.8,4002,13.4,43.5,27.5,15.5,12.0,15.2,15.0,651,2.8,99.6,230.8,212.0,80.3,74.4,6.5,6.1,7,21.4,53.9,51.6,55.9,8.4,7.6,9.2,2791,10.7,9.3,12.3,3569,13.5,12.4,14.5,4480,3.2,3.0,3.5,1073,5
821,361,1516,41,13,1,64,-32,2634,3.0,10.7,-7.7,1.0,2.3,3.3,1062,17.6,55.6,19.4,7.4,24.0,30.1,23.3,113,6.2,68.6,320.5,273.3,100.8,88.2,8.7,7.2,0,26.7,49.3,47.2,51.4,9.1,8.2,9.9,591,9.6,8.3,10.8,623,13.3,12.3,14.2,863,3.4,3.2,3.7,223,6
112921,66645,680275,8414,61660,352,44973,-2371,22715,12.8,10.5,2.2,2.3,-5.9,-3.6,166003,14.1,30.0,32.5,23.3,21.7,32.4,31.3,41540,5.2,82.0,287.0,249.7,97.8,87.6,7.9,6.7,586,20.6,47.6,46.0,49.0,8.2,7.6,8.8,110071,9.8,8.7,11.0,131673,13.6,12.8,14.4,182534,3.7,3.5,3.9,49830,1
242,209,11,53,17,1,40,-5,63,10.0,13.1,-3.2,0.5,0.5,0.9,145,8.6,36.0,33.6,21.8,10.2,15.0,14.2,39,3.5,95.9,240.4,219.1,92.8,84.8,9.2,8.6,0,37.1,42.3,39.6,44.9,9.3,8.2,10.5,160,6.8,5.7,8.1,117,11.7,10.6,12.8,201,3.5,3.2,3.9,61,6
3054,1501,11639,1423,112,23,759,-251,2685,11.8,13.2,-1.4,0.1,-5.5,-5.5,4792,18.5,44.5,24.4,12.7,23.6,32.8,31.5,656,4.6,77.0,217.1,196.7,77.2,71.2,7.6,6.9,14,23.1,53.8,52.1,55.6,10.2,9.5,11.0,2914,11.5,10.3,12.7,3270,17.3,16.4,18.2,4944,4.0,3.8,4.3,1148,6
4962,2838,4293,194,404,53,1331,315,6018,11.3,11.1,0.2,0.1,4.7,4.7,5750,12.4,43.4,31.1,13.1,16.5,24.7,23.8,1256,4.4,80.9,292.7,248.6,93.7,83.7,8.3,7.1,15,23.0,55.1,53.2,57.0,9.4,8.6,10.3,4843,10.8,9.5,12.3,5567,13.4,12.5,14.4,6928,3.3,3.1,3.6,1720,5
20446,6487,14063,1139,1083,139,2369,6009,844,7.4,12.3,-5.0,0.0,49.5,49.5,9523,9.6,28.6,33.1,28.6,10.5,20.1,19.0,2723,5.2,111.6,255.0,223.5,86.2,78.1,7.1,6.2,19,37.8,45.8,43.4,48.1,9.9,8.8,11.1,11475,9.8,8.2,11.6,11298,14.0,12.7,15.3,16217,3.8,3.5,4.2,4428,3
2366,1525,411,413,420,33,406,-263,1296,12.8,9.8,3.1,2.1,-13.7,-11.5,2051,10.0,28.0,37.1,24.9,11.8,14.4,13.4,475,2.9,92.4,239.2,214.5,88.2,80.3,6.8,6.2,10,23.7,45.7,43.7,47.6,7.3,6.6,8.1,1766,6.9,5.9,8.1,1659,10.5,9.6,11.4,2517,3.0,2.8,3.2,723,5
2629,1095,89,250,75,26,487,286,209,8.4,12.8,-4.4,1.1,17.7,18.8,1798,12.2,34.9,32.6,20.2,20.3,33.7,30.9,595,7.4,73.5,247.1,236.2,91.5,88.0,9.8,9.4,0,36.5,44.2,41.8,46.7,10.6,9.4,11.9,1721,9.9,8.3,11.7,1608,14.3,13.0,15.7,2318,4.1,3.8,4.5,670,6
526,256,89,291,41,17,166,120,47,14.8,7.1,7.7,1.3,6.6,7.9,929,19.1,33.9,31.0,15.9,13.7,19.4,18.6,118,2.9,93.5,192.6,181.6,73.9,68.9,5.8,5.5,0,20.8,43.4,41.5,45.3,8.1,7.3,8.8,432,7.9,6.8,9.2,423,12.8,11.9,13.7,684,3.5,3.2,3.7,185,6
1274,700,5002,43,18,3,99,-118,116,10.0,12.0,-2.0,-0.1,-7.3,-7.4,1857,20.3,40.7,25.9,13.1,22.2,32.9,31.5,270,6.0,85.1,191.3,174.8,65.9,61.2,7.1,6.7,0,29.9,57.1,55.4,58.9,11.1,10.2,12.0,1091,12.0,10.6,13.6,1176,19.1,17.8,20.2,1867,4.5,4.2,4.8,443,5
2312,1125,662,69,100,14,478,-335,945,12.5,13.7,-1.2,0.5,-11.9,-11.4,5832,30.5,38.6,22.0,8.9,31.3,43.5,43.1,540,6.3,58.5,230.9,214.6,77.3,72.9,8.3,7.6,7,24.4,59.4,57.2,61.4,13.8,12.6,15.1,2886,18.1,15.9,20.3,3788,18.8,17.5,20.1,3937,4.6,4.3,5.0,970,5
6920,4160,745,1297,314,26,989,-484,2040,9.2,12.9,-3.7,0.5,-3.9,-3.5,6312,12.5,37.2,31.3,18.9,15.3,19.1,18.0,1496,4.8,71.0,330.2,305.7,128.9,119.7,12.1,11.7,12,29.7,52.1,50.0,54.0,10.5,9.4,11.6,5750,10.7,9.0,12.4,5859,14.9,13.5,16.1,8158,3.8,3.5,4.2,2094,6
385,308,326,80,71,0,56,-42,1026,7.6,10.5,-2.9,0.6,-5.8,-5.2,521,13.8,42.2,28.0,16.0,13.8,13.9,12.0,74,3.6,87.7,239.2,214.5,88.2,80.3,6.8,6.2,0,25.7,42.8,40.8,44.7,7.6,6.9,8.4,317,7.3,6.3,8.5,305,11.0,10.1,11.8,457,3.1,2.9,3.3,128,6
1415,708,867,47,88,9,323,144,227,13.4,10.6,2.8,0.4,4.4,4.8,3057,24.4,40.4,23.4,11.8,22.2,28.5,27.7,322,4.0,73.8,230.9,214.6,77.3,72.9,8.3,7.6,0,22.3,55.5,53.2,57.8,11.1,10.0,12.2,1581,14.3,12.3,16.2,2037,16.3,15.0,17.4,2322,3.8,3.5,4.1,541,6
1734,886,4523,85,64,4,253,69,199,10.6,12.7,-2.1,0.1,6.1,6.2,2412,19.8,33.5,28.7,18.0,17.9,27.2,24.4,300,4.4,92.3,217.1,196.7,77.2,71.2,7.6,6.9,0,28.3,52.3,50.4,54.2,10.1,9.3,11.1,1380,11.0,9.6,12.4,1501,16.6,15.6,17.7,2272,4.0,3.7,4.3,547,4
246,175,11,18,17,0,17,-30,0,10.5,7.7,2.8,-0.4,-14.2,-14.6,174,10.0,34.9,37.2,17.9,14.5,16.5,15.9,58,4.4,69.6,237.6,217.1,87.0,79.6,10.5,9.7,0,27.5,49.0,46.5,51.5,10.2,9.1,11.4,197,8.7,7.2,10.1,168,13.3,12.0,14.5,257,3.8,3.5,4.1,73,6
2654,1184,1165,130,177,8,460,157,250,10.9,12.6,-1.7,0.1,7.1,7.2,3842,18.9,39.5,30.0,11.6,15.3,23.5,22.3,575,4.7,97.0,253.1,225.8,85.1,77.8,8.1,7.4,0,25.4,52.6,50.4,54.8,10.0,9.0,10.9,2250,12.2,10.6,13.8,2752,14.6,13.5,15.7,3293,3.6,3.3,3.9,814,3
1084,702,98,298,425,4,280,-161,191,11.2,8.6,2.6,0.3,-13.5,-13.2,762,7.3,34.9,38.5,19.3,8.5,11.7,10.1,265,3.3,85.7,302.7,265.0,104.9,96.0,7.4,6.6,0,22.5,42.5,40.2,44.6,7.1,6.4,7.9,818,6.2,5.3,7.2,709,10.3,9.4,11.2,1188,3.0,2.7,3.2,341,6
6670,3093,13320,795,1535,185,2283,2098,2696,10.5,8.9,1.6,0.4,20.0,20.4,10123,15.7,30.3,28.5,25.5,11.4,15.8,15.8,1503,3.5,130.0,217.1,196.7,77.2,71.2,7.6,6.9,10,20.1,49.1,46.9,51.2,7.8,7.1,8.6,5840,8.9,7.5,10.2,6606,13.1,12.1,14.1,9737,3.1,2.9,3.3,2298,3
7982,4730,1542,297,1481,28,1497,-453,1838,10.2,10.7,-0.5,0.4,-4.6,-4.2,6811,10.0,37.4,29.5,23.1,12.8,18.7,17.2,2106,4.9,81.1,375.1,304.1,112.9,94.8,10.2,7.4,8,24.9,48.1,45.9,50.1,8.5,7.6,9.3,6391,9.9,8.4,11.5,7455,12.8,11.7,13.8,9607,3.3,3.0,3.6,2472,5
2171,1251,307,172,102,22,569,-160,496,11.6,13.3,-1.6,-0.1,-3.9,-4.0,3678,19.0,40.4,26.8,13.8,20.5,30.9,28.5,708,6.5,80.4,292.7,248.6,93.7,83.7,8.3,7.1,0,24.0,55.9,53.6,58.1,9.8,8.8,10.8,2102,12.1,10.3,13.9,2592,14.7,13.5,15.8,3148,3.6,3.3,3.9,772,6
624,281,65,148,48,25,173,307,122,17.0,7.2,9.8,-0.2,17.5,17.3,477,7.8,37.3,37.9,17.1,8.5,10.7,10.2,166,3.0,91.6,216.2,199.9,65.3,62.2,5.8,5.4,0,16.0,39.9,37.7,42.0,5.8,5.2,6.3,437,5.9,5.1,6.8,449,9.3,8.5,10.0,701,2.6,2.4,2.8,199,3
16720,9595,40958,1907,4066,322,4125,2761,4800,13.6,9.4,4.2,1.5,6.4,7.9,21656,14.8,24.2,35.2,25.8,15.0,22.2,21.4,3909,3.6,93.8,224.8,199.9,72.9,66.5,6.2,5.4,194,21.3,43.7,41.9,45.5,8.0,7.4,8.8,13919,7.9,6.9,9.0,13631,13.2,12.4,14.0,22842,3.4,3.2,3.6,5838,4
2904,1593,1259,92,129,8,465,-343,2971,9.8,11.9,-2.1,0.1,-7.3,-7.3,3317,12.6,46.4,22.8,18.2,15.9,20.0,19.4,811,4.9,83.7,320.5,273.3,100.8,88.2,8.7,7.2,0,24.4,47.0,44.3,49.2,7.9,7.1,8.8,2333,8.9,7.5,10.2,2614,12.0,10.9,13.0,3532,3.1,2.9,3.4,921,6
419,386,15,23,5,0,35,-34,67,11.3,8.8,2.5,0.0,-10.5,-10.5,470,15.9,27.7,32.4,24.0,11.4,13.5,12.2,41,1.9,83.5,237.6,217.1,87.0,79.6,10.5,9.7,0,31.7,47.2,44.2,50.0,10.4,9.0,11.8,331,8.5,6.8,10.2,272,12.8,11.4,14.2,409,3.8,3.4,4.2,122,6
76,65,6,3,41,0,6,-1,9,15.2,7.6,7.6,1.1,-8.7,-7.6,77,11.2,32.0,30.5,26.3,9.0,11.5,12.0,12,2.8,116.8,237.6,217.1,87.0,79.6,10.5,9.7,0,25.4,42.6,39.9,45.2,8.3,7.4,9.4,61,6.8,5.6,8.1,50,11.0,9.8,12.1,80,3.1,2.8,3.4,23,6
1510,949,974,70,116,9,209,-148,1493,11.0,12.6,-1.6,0.1,-6.4,-6.3,1807,13.1,29.9,40.4,16.6,11.8,17.1,16.3,470,5.4,80.4,284.4,240.5,99.6,87.2,7.0,5.8,0,25.6,45.7,43.4,48.0,7.8,7.0,8.7,1177,9.0,7.7,10.4,1351,10.9,10.1,11.9,1647,3.2,2.9,3.4,475,6
1578,720,3484,263,116,11,397,160,2958,10.3,8.2,2.1,0.4,4.8,5.2,2914,18.3,43.5,29.8,8.4,20.0,24.4,24.1,476,5.9,90.6,260.3,231.8,84.1,75.8,9.1,7.8,0,19.8,52.1,50.3,53.9,8.6,7.9,9.3,1518,10.2,9.1,11.5,1818,13.1,12.4,13.9,2330,3.3,3.1,3.5,586,4
1595,787,1970,77,72,0,238,-41,291,10.1,13.7,-3.5,0.2,1.0,1.2,2060,17.6,41.5,27.9,12.9,23.5,37.4,39.1,267,4.1,78.7,217.1,196.7,77.2,71.2,7.6,6.9,12,27.6,49.9,47.7,51.9,10.5,9.6,11.4,1356,11.7,10.2,13.3,1522,15.5,14.5,16.5,2009,3.9,3.6,4.2,504,6
7247,3951,14580,754,1621,279,1891,500,3759,12.0,11.3,0.8,1.7,2.7,4.4,12190,19.0,33.1,27.5,20.4,20.7,32.3,29.6,1906,4.3,76.6,228.7,202.9,79.1,71.9,7.0,6.1,65,21.7,48.2,46.2,50.0,8.3,7.5,9.0,6227,9.6,8.3,11.0,7216,13.6,12.6,14.6,10257,3.5,3.2,3.7,2599,4
1747,1003,1896,89,114,13,391,-123,2473,9.5,10.6,-1.1,0.2,-5.0,-4.8,2394,15.6,38.6,34.1,11.7,17.8,23.4,20.0,505,6.0,76.8,284.4,240.5,99.6,87.2,7.0,5.8,0,24.2,50.6,48.3,52.6,8.3,7.6,9.2,1420,9.7,8.5,11.1,1662,11.7,10.8,12.6,1994,3.3,3.1,3.6,562,6
1506,706,177,44,30,1,195,48,122,9.7,10.3,-0.6,0.0,4.1,4.1,1331,12.7,52.2,21.7,13.4,11.5,17.3,16.4,311,3.9,85.9,320.5,273.3,100.8,88.2,8.7,7.2,0,26.8,44.9,42.4,47.4,8.8,7.9,9.7,1022,9.7,8.2,11.1,1124,12.6,11.5,13.7,1468,3.4,3.1,3.7,392,6
1336,627,2583,58,156,7,290,166,177,9.3,10.2,-0.9,0.3,11.7,12.0,2184,20.6,36.6,25.8,16.9,13.8,21.4,20.3,261,3.7,87.2,228.7,202.9,79.1,71.9,7.0,6.1,0,23.5,47.3,45.1,49.4,9.0,8.1,9.8,1066,10.3,8.8,11.8,1224,14.6,13.5,15.6,1733,3.7,3.4,3.9,437,4
3971,2041,313,278,225,15,687,-94,1579,12.1,10.6,1.6,0.0,-3.6,-3.6,3649,11.7,38.5,32.8,17.0,13.5,20.0,18.6,834,4.0,89.0,287.0,249.7,97.8,87.6,7.9,6.7,4,25.3,46.2,44.1,48.4,9.4,8.5,10.4,3376,10.8,9.3,12.4,3844,12.1,11.1,13.1,4323,3.4,3.2,3.7,1226,5
15555,9415,36912,1115,2832,104,4434,-1196,6728,11.1,11.2,-0.1,1.1,-7.2,-6.2,13876,10.5,33.6,34.8,21.1,17.0,23.9,21.5,4152,4.8,86.2,287.0,249.7,97.8,87.6,7.9,6.7,133,24.5,50.7,49.1,52.4,8.7,8.0,9.4,12996,9.6,8.4,11.0,14436,13.2,12.3,14.0,19768,3.5,3.3,3.8,5297,4
483,252,97,57,28,2,47,-36,1634,11.3,5.6,5.7,3.8,-14.4,-10.6,1606,31.7,42.5,12.6,13.1,29.6,35.5,36.9,112,2.4,66.1,224.8,199.9,72.9,66.5,6.2,5.4,0,20.4,46.4,43.9,49.0,6.6,6.1,7.2,402,5.5,4.8,6.2,334,13.6,12.7,14.5,824,3.2,2.9,3.4,192,6
2597,1149,1571,106,88,5,438,-157,313,10.6,13.7,-3.0,0.0,-2.9,-2.9,3456,19.0,44.2,24.0,12.7,17.4,22.3,20.8,457,5.4,76.1,253.1,225.8,85.1,77.8,8.1,7.4,0,26.9,56.5,54.3,58.6,11.2,10.1,12.3,2254,13.5,11.7,15.4,2734,16.1,14.8,17.3,3242,4.0,3.7,4.3,803,6
4590,2272,2749,556,1240,34,1975,1489,2187,12.6,5.7,7.0,0.5,8.2,8.7,3342,5.5,27.8,39.3,27.4,6.5,6.9,5.6,1631,3.2,116.4,302.7,265.0,104.9,96.0,7.4,6.6,0,15.1,38.7,36.5,40.8,5.1,4.6,5.7,3596,4.8,4.0,5.7,3390,7.7,7.0,8.5,5459,2.3,2.2,2.5,1633,2
3814,2101,245,246,158,12,482,-37,565,10.3,12.0,-1.7,0.1,0.8,0.9,3554,12.1,41.5,32.2,14.2,15.9,22.0,20.2,1004,5.1,81.5,287.0,249.7,97.8,87.6,7.9,6.7,0,27.4,48.1,45.9,50.2,10.1,9.1,11.1,3262,11.4,9.7,13.0,3681,13.0,12.0,14.0,4201,3.7,3.4,4.0,1186,6
1520,664,87,654,180,28,680,-191,385,8.2,12.9,-4.8,0.0,-10.4,-10.4,932,9.4,33.4,37.6,19.7,21.6,31.3,29.6,268,5.7,54.1,279.6,243.8,96.2,87.1,7.2,6.2,0,36.3,44.5,42.3,47.0,10.3,9.4,11.3,1071,10.4,9.0,12.0,1084,14.4,13.3,15.5,1492,4.3,4.0,4.6,443,6
5374,2686,972,3238,1482,260,2188,1497,1995,13.6,7.8,5.7,3.3,8.3,11.6,4351,8.1,26.5,38.2,27.2,13.8,15.5,14.4,1139,2.7,92.4,192.6,181.6,73.9,68.9,5.8,5.5,20,18.7,37.5,35.6,39.5,6.6,6.0,7.2,4214,6.7,5.7,7.7,4281,10.5,9.7,11.3,6742,2.9,2.7,3.1,1843,4
3673,1864,16110,269,438,27,637,-214,630,12.5,11.9,0.7,0.9,-6.5,-5.5,5290,17.4,30.9,28.7,23.1,20.2,30.7,28.1,798,4.7,71.0,228.7,202.9,79.1,71.9,7.0,6.1,35,23.0,44.0,42.1,45.9,8.8,8.1,9.5,2982,9.9,8.7,11.2,3370,15.3,14.3,16.2,5185,4.0,3.7,4.2,1346,5
3399,1590,14025,342,186,21,637,66,389,11.6,15.3,-3.6,-0.5,6.0,5.4,3485,13.3,44.1,27.3,15.2,20.0,33.5,33.3,671,4.0,74.5,229.5,205.0,80.1,72.3,7.0,6.2,8,26.6,51.6,49.9,53.1,9.9,9.2,10.7,2899,10.3,9.2,11.5,3007,17.4,16.5,18.4,5103,4.2,4.0,4.5,1236,6
2853,1750,145,182,165,17,371,-78,513,8.5,12.1,-3.6,0.1,0.8,1.0,1765,8.4,33.5,40.7,17.5,15.3,22.6,19.3,684,5.1,75.6,287.0,249.7,97.8,87.6,7.9,6.7,9,29.7,46.2,43.8,48.5,9.9,8.9,10.9,2280,10.8,9.2,12.4,2493,12.6,11.4,13.7,2905,3.6,3.3,3.9,839,5
13339,7254,65011,916,4699,136,3811,1248,5155,13.2,8.2,5.0,0.8,-0.6,0.1,19959,12.5,30.2,25.2,32.1,15.3,20.4,18.4,5072,4.5,120.4,260.3,231.8,84.1,75.8,9.1,7.8,80,17.5,41.3,39.7,43.3,7.0,6.4,7.6,13013,8.0,6.9,9.2,14806,12.1,11.3,12.9,22417,3.0,2.8,3.2,5518,3
12983,6170,14206,963,6995,168,3050,841,2565,10.4,10.6,-0.3,1.4,4.2,5.6,16024,14.8,30.6,32.7,21.9,13.0,20.0,18.7,2761,3.5,99.7,255.0,223.5,86.2,78.1,7.1,6.2,52,22.7,43.8,41.7,45.7,8.0,7.2,8.9,9916,8.8,7.5,10.3,10922,12.2,11.2,13.2,15048,3.2,3.0,3.5,3996,3
2476,1528,714,110,183,10,653,-170,738,12.1,11.4,0.7,0.0,-5.7,-5.7,2072,9.1,39.7,33.8,17.4,10.6,11.7,10.7,521,2.7,102.2,230.8,212.0,80.3,74.4,6.5,6.1,5,22.6,45.8,43.3,47.9,7.8,7.1,8.6,2002,9.7,8.2,11.1,2476,12.1,11.1,13.1,3095,3.1,2.8,3.3,782,6
10043,5208,3785,478,5474,128,2833,2303,2446,12.1,8.2,3.9,1.4,9.5,10.9,8059,8.0,31.0,29.2,31.8,7.7,10.1,9.7,2362,2.9,125.4,230.8,212.0,80.3,74.4,6.5,6.1,6,19.6,43.7,41.4,45.9,6.2,5.5,6.8,7238,7.9,6.6,9.1,9235,10.5,9.5,11.4,12335,2.6,2.4,2.8,3087,2
768,379,42,109,53,10,140,-6,43,10.8,9.0,1.8,0.1,-2.5,-2.4,389,6.1,33.9,45.3,14.7,12.5,16.6,14.6,208,4.8,75.9,216.2,199.9,65.3,62.2,5.8,5.4,0,21.9,45.5,43.4,47.4,7.5,6.8,8.3,535,7.0,6.1,8.0,499,11.9,11.0,12.8,848,3.2,3.0,3.5,229,6
150,61,20,63,21,3,57,53,1,8.6,5.1,3.5,0.0,22.8,22.8,90,6.8,39.0,42.5,11.7,9.5,9.6,8.2,29,2.7,119.2,213.5,185.8,72.3,65.0,5.6,5.0,0,26.2,44.7,42.6,46.7,7.7,7.1,8.3,118,8.4,7.4,9.4,128,11.2,10.5,11.9,171,3.0,2.9,3.2,46,5
14597,6994,28171,851,4871,125,3008,1978,2512,10.6,7.3,3.3,0.7,5.3,6.0,11258,7.8,20.3,29.7,42.1,8.0,8.9,8.2,3219,2.9,151.7,217.1,196.7,77.2,71.2,7.6,6.9,32,19.9,43.5,41.4,45.5,6.6,6.0,7.3,10912,6.9,5.8,8.1,11446,10.6,9.8,11.5,17570,2.7,2.5,2.9,4464,2
3663,2367,8747,310,2174,49,1659,-539,3586,10.6,8.2,2.4,4.2,-16.1,-11.8,2763,7.8,23.7,32.5,36.0,25.7,28.9,27.5,1290,4.6,63.7,284.4,240.5,99.6,87.2,7.0,5.8,21,19.1,43.5,41.4,45.8,6.9,6.3,7.6,3256,7.8,6.7,9.1,3677,10.5,9.7,11.3,4917,3.0,2.8,3.3,1425,4
4378,2394,303,185,255,12,638,-98,1375,8.6,11.0,-2.4,0.2,-0.2,0.1,1890,6.3,33.5,29.2,31.0,11.0,16.1,14.8,663,3.2,102.0,330.2,305.7,128.9,119.7,12.1,11.7,8,30.9,41.2,39.0,43.3,8.7,7.8,9.7,2845,8.0,6.7,9.4,2625,10.0,9.0,11.0,3264,3.3,3.1,3.6,1088,6
2393,1237,6797,82,101,5,331,-19,925,8.2,11.2,-3.0,-0.4,2.7,2.3,3402,19.8,34.6,29.6,15.9,19.1,30.8,27.2,400,4.0,80.9,229.5,205.0,80.1,72.3,7.0,6.2,6,28.4,45.3,43.5,47.0,9.2,8.4,10.1,1806,10.0,8.8,11.3,1961,16.0,15.0,17.0,3131,4.0,3.8,4.3,788,5
1167,598,52,172,101,15,228,100,119,11.0,9.4,1.6,-0.3,8.7,8.4,998,14.1,36.5,34.6,14.8,15.3,22.5,20.1,192,4.1,78.2,192.6,181.6,73.9,68.9,5.8,5.5,0,31.9,50.2,48.0,52.0,10.5,9.5,11.6,823,9.9,8.6,11.5,781,15.5,14.4,16.6,1220,4.2,3.9,4.6,331,6
4680,2640,1576,351,418,12,1500,224,765,12.3,9.5,2.8,0.4,0.5,0.9,5258,12.9,38.2,33.2,15.7,13.6,17.9,16.6,1055,3.7,93.0,287.0,249.7,97.8,87.6,7.9,6.7,8,23.7,45.7,43.6,47.8,8.9,8.1,9.9,4120,10.4,8.9,11.9,4783,12.5,11.4,13.6,5750,3.4,3.1,3.7,1558,5
812,670,105,71,40,69,170,-51,150,12.0,11.5,0.4,1.8,-7.7,-5.9,684,10.3,33.5,38.3,18.0,10.2,13.8,12.4,184,3.7,73.3,302.7,265.0,104.9,96.0,7.4,6.6,0,28.2,46.5,44.2,48.8,8.5,7.6,9.4,610,7.1,6.0,8.3,508,11.5,10.6,12.5,828,3.4,3.2,3.7,247,6
108,63,12,29,8,0,19,3,0,9.7,8.5,1.2,4.9,-2.4,2.4,133,18.5,29.0,37.1,15.3,18.9,22.8,21.8,13,3.4,68.3,224.8,199.9,72.9,66.5,6.2,5.4,0,39.1,53.9,52.0,55.9,11.8,10.9,12.8,78,9.4,8.2,10.5,62,19.5,18.3,20.7,129,4.8,4.5,5.2,32,6
692,432,589,173,73,10,238,297,119,13.8,8.0,5.9,0.9,18.8,19.7,1538,21.3,35.2,29.9,13.6,13.9,17.7,17.0,172,2.6,88.4,224.8,199.9,72.9,66.5,6.2,5.4,0,18.7,48.7,47.0,50.5,7.7,7.2,8.3,648,7.3,6.5,8.2,611,14.2,13.4,15.0,1187,3.4,3.2,3.6,284,6
30458,19374,30269,3577,6742,744,12527,2628,11401,11.2,9.3,1.9,5.4,-1.0,4.4,38105,13.5,37.2,24.7,24.5,11.4,16.9,15.7,8842,4.2,102.7,320.5,273.3,100.8,88.2,8.7,7.2,71,22.4,41.8,39.8,43.7,7.2,6.5,8.0,23631,7.8,6.6,8.9,25364,11.2,10.4,12.1,36610,3.1,2.9,3.3,10025,3
2558,942,12178,250,263,25,429,573,1235,11.7,9.4,2.3,0.9,16.6,17.5,3621,18.5,38.3,26.2,16.9,19.0,33.6,31.0,369,3.0,82.2,229.5,205.0,80.1,72.3,7.0,6.2,4,22.9,51.6,50.0,53.2,9.0,8.3,9.7,2073,9.8,8.7,11.1,2271,17.2,16.3,18.3,3975,4.1,3.9,4.3,944,4
996,493,84,74,34,7,202,54,63,9.4,12.7,-3.3,0.1,8.6,8.7,744,11.0,38.5,34.5,16.0,12.9,17.5,15.6,261,5.9,81.1,227.6,206.5,88.0,80.5,6.8,6.3,0,27.4,51.6,49.3,53.7,9.7,8.8,10.6,733,10.0,8.6,11.5,758,14.5,13.3,15.6,1095,3.7,3.4,4.0,277,2
439,351,3293,41,54,6,73,-171,246,0.0,14.4,-14.4,0.2,-18.6,-18.4,814,22.4,35.9,28.3,13.4,20.7,37.4,32.0,111,4.7,50.8,263.2,231.8,90.3,81.7,7.3,6.3,7,22.8,56.2,54.4,58.0,11.0,10.3,11.9,445,11.7,10.5,13.0,472,20.3,19.3,21.5,821,5.1,4.8,5.5,207,6
3493,2295,139,949,175,9,904,-39,623,8.9,12.0,-3.1,-0.1,2.2,2.1,1603,6.1,33.3,39.1,21.5,12.4,17.4,15.8,905,5.3,87.0,287.0,249.7,97.8,87.6,7.9,6.7,9,30.2,48.8,46.1,51.1,10.1,9.2,11.1,2913,10.8,9.2,12.4,3102,13.2,12.1,14.4,3806,3.7,3.4,4.0,1069,5
2533,1646,925,457,737,121,1099,-12,1781,11.9,9.5,2.4,1.5,-4.2,-2.7,2122,9.1,28.2,33.2,29.5,17.7,21.4,19.8,750,4.0,75.4,227.6,206.5,88.0,80.5,6.8,6.3,12,20.3,44.9,42.7,47.0,7.2,6.5,8.0,2208,7.6,6.4,8.7,2309,10.9,10.0,11.8,3320,3.0,2.8,3.2,904,5
2065,1073,4097,286,188,18,450,2,1598,12.2,11.1,1.1,1.4,-2.4,-1.0,3040,18.9,34.9,32.2,14.0,22.2,33.0,31.5,393,4.7,71.3,224.8,199.9,72.9,66.5,6.2,5.4,6,24.4,52.9,51.1,54.6,10.0,9.2,10.9,1830,10.0,8.8,11.2,1829,15.7,14.7,16.6,2866,4.0,3.8,4.3,729,6
2776,1469,846,553,103,16,525,107,1369,9.8,12.7,-2.8,0.3,6.9,7.2,1715,9.4,36.1,34.5,20.0,13.1,21.9,19.6,600,5.7,83.7,287.0,249.7,97.8,87.6,7.9,6.7,0,32.8,48.4,46.1,50.6,10.0,9.0,11.0,2029,10.7,9.2,12.4,2171,13.3,12.1,14.3,2687,3.7,3.4,3.9,741,6
2687,1587,2559,148,410,14,538,119,1651,9.8,10.5,-0.7,1.0,3.4,4.4,3368,15.7,38.0,24.8,21.5,19.7,22.3,21.4,675,4.2,80.9,253.1,225.8,85.1,77.8,8.1,7.4,6,23.7,52.9,50.5,55.1,9.1,8.2,10.0,2454,10.8,9.3,12.4,2912,13.3,12.2,14.3,3581,3.4,3.2,3.7,917,5
1683,929,1511,41,26,0,241,-298,139,9.9,17.6,-7.7,0.5,-9.1,-8.6,4709,33.6,44.9,16.1,5.4,35.4,42.5,40.3,422,9.4,62.0,263.4,231.6,100.1,89.4,10.5,9.2,7,26.8,63.7,61.7,65.6,15.1,13.9,16.4,2181,19.9,17.7,22.1,2877,21.3,20.1,22.7,3093,5.0,4.7,5.4,727,6
3120,1327,181,441,286,86,786,213,487,9.0,11.2,-2.2,0.4,9.8,10.2,1884,9.7,31.5,37.8,21.0,13.2,19.7,17.5,525,4.4,83.1,303.4,271.5,109.4,101.0,9.2,8.3,4,34.3,46.5,44.2,48.7,9.3,8.4,10.4,2027,9.6,8.1,11.1,2080,13.1,12.0,14.3,2848,3.7,3.4,4.0,801,6
43527,26674,33190,8782,11334,1863,12466,213,16458,14.8,6.5,8.2,1.8,-9.8,-8.0,114276,22.5,23.9,30.9,22.8,20.5,28.9,29.7,15221,4.2,72.5,224.8,199.9,72.9,66.5,6.2,5.4,203,15.9,45.9,43.8,47.9,6.6,6.1,7.2,40686,5.6,4.9,6.4,34602,15.0,13.9,16.0,91707,3.5,3.2,3.7,21277,3
737,467,162,79,76,2,99,-38,94,12.7,7.2,5.5,2.1,-11.4,-9.3,2137,32.7,33.2,19.9,14.1,24.6,35.8,33.2,224,3.0,61.3,224.8,199.9,72.9,66.5,6.2,5.4,0,21.3,54.9,52.7,57.3,10.2,9.2,11.1,743,8.3,7.1,9.3,604,20.2,18.8,21.5,1478,4.7,4.3,5.1,346,6
8678,3332,9352,663,942,73,1824,1529,1191,12.9,8.2,4.7,-0.1,6.5,6.4,13107,14.4,39.0,28.3,18.3,11.3,15.0,13.8,2751,4.1,131.4,260.3,231.8,84.1,75.8,9.1,7.8,0,17.7,49.7,47.7,51.8,7.1,6.4,7.9,7375,8.9,7.7,10.3,9271,10.5,9.7,11.3,10855,2.8,2.6,3.0,2911,3
5998,3047,1882,591,1210,112,1327,1477,2568,11.2,9.7,1.5,3.6,13.8,17.3,6860,14.0,37.0,23.6,25.4,14.5,18.7,17.3,1219,3.6,86.9,253.1,225.8,85.1,77.8,8.1,7.4,38,22.1,44.3,42.1,46.4,8.3,7.5,9.1,5182,10.1,8.6,11.6,6271,12.0,11.0,12.9,7459,3.1,2.9,3.4,1953,5
2154,1539,240,168,138,12,306,43,831,13.7,10.0,3.7,0.1,-2.5,-2.4,2920,13.8,44.1,25.5,16.6,11.9,16.3,14.3,485,2.8,92.8,230.8,212.0,80.3,74.4,6.5,6.1,0,22.0,47.3,45.2,49.3,8.1,7.3,9.0,1925,9.9,8.6,11.5,2363,13.3,12.3,14.3,3171,3.2,3.0,3.5,759,5
4818,2045,1063,758,438,53,1185,2442,805,11.4,9.1,2.3,0.6,33.3,33.9,6455,14.9,33.8,33.8,17.5,9.9,14.1,13.3,1063,3.4,109.5,224.8,199.9,72.9,66.5,6.2,5.4,21,20.6,50.9,48.8,52.7,7.8,7.2,8.6,4033,8.3,7.1,9.5,4243,12.3,11.4,13.1,6303,3.1,2.9,3.3,1582,2
664,349,279,24,18,12,72,0,1034,9.9,9.6,0.3,0.1,-0.4,-0.3,1216,22.0,43.7,26.0,8.3,25.2,29.1,30.0,192,9.3,70.6,230.9,214.6,77.3,72.9,8.3,7.6,0,23.9,56.0,53.7,58.3,12.5,11.4,13.6,765,15.5,13.6,17.5,951,16.9,15.7,18.1,1039,4.1,3.8,4.5,254,6
885,463,32,39,39,1,106,31,133,11.3,9.9,1.4,-0.1,1.9,1.8,1025,14.5,43.2,28.9,13.4,11.8,15.6,14.9,143,2.7,99.5,230.8,212.0,80.3,74.4,6.5,6.1,0,24.5,49.8,47.3,52.2,9.0,8.1,10.0,717,11.1,9.5,12.8,882,13.7,12.4,14.8,1084,3.4,3.1,3.7,268,6
2125,1144,176,162,107,52,429,130,271,12.1,10.4,1.7,-0.2,3.8,3.6,2310,13.4,43.1,26.8,16.6,16.9,24.8,23.1,443,3.7,86.8,273.1,236.3,86.6,79.0,7.0,6.3,0,24.7,48.4,46.1,50.9,9.3,8.4,10.2,1805,10.8,9.3,12.5,2103,12.7,11.6,13.7,2465,3.4,3.2,3.7,666,6
964,512,2901,97,47,4,187,35,91,9.4,11.4,-2.1,0.7,5.1,5.8,1337,18.4,30.4,38.1,13.1,16.2,28.9,28.8,184,4.2,80.3,255.0,223.5,86.2,78.1,7.1,6.2,0,27.1,54.8,53.0,56.6,11.0,10.2,11.9,864,11.8,10.4,13.2,925,18.1,17.1,19.1,1418,4.6,4.3,4.8,358,4
32395,16986,41471,1647,10901,506,10388,4357,12383,11.2,9.6,1.6,1.1,6.6,7.8,27363,9.0,25.8,28.5,36.7,13.2,15.2,13.8,7048,2.9,106.7,253.1,225.8,85.1,77.8,8.1,7.4,254,20.7,40.8,38.7,42.9,7.2,6.5,8.0,26639,8.3,7.0,9.8,30479,11.5,10.6,12.5,42410,2.9,2.7,3.1,10606,3
5578,3013,1619,7771,479,80,5166,-170,1062,12.1,12.8,-0.6,0.5,-2.3,-1.7,6393,13.2,40.5,29.9,16.3,14.0,19.9,17.6,1204,3.8,104.9,206.7,189.1,73.9,68.5,6.2,5.8,0,23.4,48.7,46.8,50.5,9.2,8.5,10.0,4996,9.9,8.7,11.2,5375,13.1,12.3,14.0,7150,3.4,3.2,3.6,1850,3
3865,2079,193,501,249,9,620,211,397,9.4,10.4,-0.9,0.2,5.6,5.8,2031,6.5,37.7,35.3,20.4,9.6,13.3,12.3,916,3.7,98.7,264.9,238.3,94.6,86.4,7.9,7.1,3,26.8,43.5,41.0,45.9,7.9,7.1,8.8,2722,7.5,6.4,8.7,2570,10.7,9.7,11.7,3686,3.2,3.0,3.5,1103,6
2222,1102,15802,163,430,64,343,-84,1627,12.7,12.3,0.4,0.4,-3.6,-3.2,3683,19.3,33.2,28.8,18.6,25.7,39.5,39.2,757,5.9,64.1,228.7,202.9,79.1,71.9,7.0,6.1,10,21.3,53.9,52.0,55.8,8.4,7.8,9.1,1935,9.7,8.6,10.9,2230,17.0,16.1,18.0,3912,4.0,3.7,4.2,913,5
68,28,16,976,50,5,163,-20,37,23.8,11.9,11.9,5.0,-30.1,-25.0,123,14.5,41.9,27.9,15.8,18.2,23.7,25.2,86,11.6,65.9,276.9,256.7,112.8,105.6,9.6,8.5,0,14.5,46.8,44.9,48.6,8.6,7.9,9.2,97,10.1,9.0,11.2,115,14.5,13.6,15.4,164,3.7,3.5,3.9,42,6
1509,757,162,104,43,4,251,36,905,9.7,11.5,-1.8,-0.4,4.4,4.0,1611,14.3,46.1,23.1,16.6,20.0,26.8,25.1,409,6.0,90.3,263.4,231.6,100.1,89.4,10.5,9.2,0,26.4,57.9,55.5,60.2,10.9,10.0,12.0,1450,13.6,11.8,15.5,1803,15.8,14.6,17.1,2096,3.6,3.4,4.0,482,6
5869,2930,3012,899,542,39,1961,102,877,10.9,10.7,0.2,0.5,0.7,1.2,6587,12.8,31.9,34.4,20.9,15.3,23.2,20.8,1726,4.8,101.3,287.0,249.7,97.8,87.6,7.9,6.7,0,24.2,47.1,44.9,49.3,9.0,8.2,10.0,5231,10.3,8.7,11.8,5953,12.7,11.7,13.7,7354,3.5,3.2,3.7,2004,3
316,201,279,47,13,2,51,-31,43,5.9,11.5,-5.6,0.3,-5.3,-4.9,503,24.1,28.8,32.7,14.3,24.1,38.8,35.9,49,4.3,53.8,224.8,199.9,72.9,66.5,6.2,5.4,0,30.8,57.7,56.2,59.2,13.2,12.1,14.3,308,12.6,11.0,14.2,293,19.9,18.8,21.0,464,5.1,4.8,5.5,120,6
1458,1122,941,548,526,83,542,-400,708,18.1,6.8,11.4,3.8,-27.0,-23.2,5830,28.5,24.9,29.0,17.6,11.6,15.8,15.3,443,2.6,96.4,227.6,206.5,88.0,80.5,6.8,6.3,10,14.7,49.6,47.8,51.3,7.2,6.6,7.8,1695,7.3,6.4,8.2,1718,13.8,12.9,14.6,3263,3.1,3.0,3.4,746,5
2215,978,20069,50,286,17,231,-562,1671,13.4,12.9,0.5,0.5,-18.9,-18.3,4804,23.1,24.7,28.5,23.8,29.4,38.9,36.5,764,6.1,74.0,191.3,174.8,65.9,61.2,7.1,6.7,8,20.2,53.4,51.3,55.3,9.5,8.7,10.3,2255,10.5,9.1,11.8,2483,18.6,17.4,19.8,4414,4.4,4.1,4.7,1041,5
88,53,0,23,6,0,18,3,0,14.8,7.4,7.4,0.0,-3.0,-3.0,33,5.8,35.6,35.1,23.5,11.4,22.0,24.7,10,3.0,91.9,247.1,236.2,91.5,88.0,9.8,9.4,0,33.2,42.3,39.7,44.8,10.1,9.0,11.2,54,8.7,7.4,10.1,47,13.4,12.2,14.6,72,4.0,3.7,4.3,21,6
3654,1722,1735,81,203,5,554,-128,1094,9.2,13.1,-3.9,0.0,0.2,0.2,3520,13.8,32.7,34.1,19.4,14.6,20.5,18.8,555,3.5,70.0,263.2,231.8,90.3,81.7,7.3,6.3,8,29.1,49.7,47.2,51.9,9.0,8.1,9.9,2516,9.4,7.9,10.9,2643,12.6,11.5,13.6,3539,3.5,3.2,3.7,969,4
2627,1264,326,114,168,14,484,113,1740,15.9,12.8,3.1,0.2,-0.1,0.1,4686,20.3,37.3,23.2,19.2,25.7,33.9,33.7,696,5.0,73.4,230.9,214.6,77.3,72.9,8.3,7.6,10,22.4,50.3,48.0,52.6,10.4,9.3,11.5,2805,13.2,11.3,15.3,3574,14.9,13.7,16.2,4050,3.5,3.2,3.9,955,5
1960,1003,337,252,522,5,410,-16,580,12.6,13.4,-0.8,1.0,-0.9,0.1,2278,14.9,45.0,28.0,12.1,18.6,29.5,27.6,353,4.0,88.1,207.6,188.2,79.9,75.0,7.0,6.5,0,25.2,48.2,45.9,50.3,10.5,9.6,11.4,1790,11.3,9.9,12.8,1929,14.1,13.0,15.1,2401,3.7,3.4,4.0,629,6
788,349,6929,32,98,1,129,-89,3413,11.2,9.9,1.3,0.1,-9.2,-9.1,2113,24.0,41.1,26.0,9.0,26.7,27.2,26.7,161,3.7,60.0,263.2,231.8,90.3,81.7,7.3,6.3,0,20.7,55.4,53.5,57.2,8.8,8.2,9.4,846,9.6,8.6,10.6,923,16.7,15.8,17.6,1607,3.9,3.7,4.1,376,6
1437,776,109,61,85,5,174,-11,205,10.3,10.5,-0.2,0.3,-0.8,-0.5,1267,11.6,41.1,24.3,23.0,8.4,11.0,9.9,259,2.8,109.3,230.8,212.0,80.3,74.4,6.5,6.1,0,25.6,47.3,44.4,49.7,8.4,7.5,9.3,1003,9.9,8.4,11.6,1192,12.9,11.7,14.1,1549,3.2,2.9,3.5,381,6
6134,3062,13013,408,744,60,1427,678,4988,11.2,12.0,-0.9,0.5,10.0,10.5,6365,13.3,36.1,35.0,15.6,17.3,26.4,25.7,1106,3.7,83.3,265.2,240.7,86.8,80.1,6.9,6.0,27,24.9,49.6,47.8,51.2,9.2,8.5,10.0,5087,11.0,9.7,12.4,6092,14.3,13.4,15.2,7873,3.6,3.4,3.9,1996,5
1660,1093,8839,74,259,10,215,-218,333,11.2,12.1,-0.9,0.9,-11.0,-10.1,2141,15.4,43.9,24.6,16.1,24.5,36.3,35.3,427,4.8,74.9,217.1,196.7,77.2,71.2,7.6,6.9,7,25.6,58.1,56.2,59.7,10.4,9.6,11.2,1588,11.4,10.0,12.7,1741,18.6,17.5,19.5,2841,4.3,4.1,4.6,662,6
186,178,8,96,7,3,48,-15,81,14.2,17.2,-3.0,0.9,-3.9,-3.0,164,10.0,31.0,34.7,24.3,10.6,14.2,12.5,61,4.9,78.7,237.6,217.1,87.0,79.6,10.5,9.7,0,28.7,48.9,46.3,51.4,9.4,8.4,10.5,167,8.1,6.8,9.5,143,12.7,11.5,13.9,225,3.6,3.3,3.9,64,6
1138,878,134,98,50,9,239,-22,727,9.9,11.8,-1.9,0.3,-0.3,0.1,754,9.1,30.9,34.9,25.1,9.6,12.2,11.3,188,3.1,88.9,227.6,206.5,88.0,80.5,6.8,6.3,0,29.5,47.3,44.9,49.8,8.5,7.6,9.5,799,8.2,6.9,9.7,773,12.5,11.4,13.7,1178,3.3,3.0,3.6,312,6
620,457,58,27,31,3,91,41,131,12.2,12.0,0.1,0.4,5.4,5.9,375,7.5,35.9,37.3,19.3,10.0,16.4,15.6,69,1.9,91.0,218.2,193.1,84.8,77.9,6.9,6.5,0,29.1,47.2,44.6,49.7,8.7,7.8,9.6,471,8.1,6.8,9.4,439,11.6,10.5,12.6,629,3.4,3.1,3.7,186,6
2196,886,242,67,89,14,362,-27,298,11.0,11.0,0.0,-0.1,-0.9,-0.9,2737,14.6,45.9,28.5,11.1,14.8,21.9,19.0,497,3.6,92.5,230.8,212.0,80.3,74.4,6.5,6.1,0,21.8,51.2,49.0,53.4,8.4,7.7,9.3,1794,11.0,9.5,12.5,2337,13.5,12.5,14.5,2879,3.2,3.0,3.5,683,5
246,168,45,68,7,0,65,-44,35,10.1,9.1,1.0,0.0,-16.4,-16.4,329,15.7,27.3,39.1,17.9,11.3,16.5,15.2,37,2.4,80.8,227.6,206.5,88.0,80.5,6.8,6.3,0,26.5,50.3,47.9,52.4,9.2,8.3,10.2,201,9.0,7.6,10.5,196,14.3,13.1,15.4,311,3.6,3.3,3.9,78,6
2256,1048,7186,101,180,5,378,163,288,7.9,10.1,-2.2,0.0,8.0,8.0,2472,12.6,36.7,30.6,20.1,14.5,20.6,18.0,508,3.7,95.1,228.7,202.9,79.1,71.9,7.0,6.1,0,22.2,51.2,49.1,53.1,8.2,7.5,8.9,1794,9.2,8.0,10.4,2012,14.4,13.5,15.4,3177,3.5,3.3,3.7,766,4
5911,3036,3599,516,669,57,1589,-214,3334,11.4,10.3,1.1,0.4,-4.3,-3.8,7454,14.6,38.4,25.6,21.4,16.6,22.4,20.6,1478,4.4,95.2,207.6,188.2,79.9,75.0,7.0,6.5,13,20.7,50.3,47.9,52.4,8.5,7.7,9.4,5173,9.3,8.0,10.8,5662,12.3,11.4,13.4,7478,3.1,2.9,3.4,1891,5
2033,935,2020,98,71,9,414,-147,341,13.7,14.0,-0.3,0.4,-6.2,-5.8,3161,19.4,44.3,26.3,10.1,23.7,35.2,33.2,395,3.8,79.4,207.6,188.2,79.9,75.0,7.0,6.5,0,24.0,54.4,52.1,56.4,10.3,9.4,11.2,1871,11.6,10.2,13.2,2119,14.5,13.5,15.5,2648,3.7,3.4,4.0,672,4
1526,676,61,107,19,10,177,88,75,10.8,15.0,-4.2,-0.1,13.6,13.5,1105,15.1,43.4,31.4,10.0,17.8,34.5,32.3,158,4.1,64.4,273.1,236.3,86.6,79.0,7.0,6.3,0,40.6,54.9,52.5,57.3,12.8,11.6,14.2,1010,13.8,11.9,16.0,1086,17.0,15.7,18.4,1337,4.5,4.1,4.9,354,6
40539,17104,272189,7876,114724,977,26312,9628,5571,12.4,4.9,7.5,3.9,-1.0,3.0,70656,12.3,22.8,28.8,36.1,9.2,12.8,11.9,17073,3.5,122.8,228.7,202.9,79.1,71.9,7.0,6.1,82,13.8,38.1,36.8,39.4,5.6,5.2,6.0,37762,5.8,5.1,6.5,39507,11.2,10.6,11.8,75829,2.7,2.5,2.8,17990,2
2845,1468,224,235,205,16,597,210,389,11.0,10.0,1.0,0.4,5.0,5.3,2408,10.5,36.8,34.8,17.9,13.1,19.7,19.3,688,4.7,81.9,287.0,249.7,97.8,87.6,7.9,6.7,6,25.2,50.0,47.7,52.2,9.5,8.6,10.5,2442,11.0,9.4,12.7,2839,12.8,11.7,13.9,3295,3.5,3.2,3.8,897,5
4068,2291,11281,239,199,20,966,-324,1050,13.4,11.0,2.4,0.4,-8.0,-7.6,8911,21.8,41.2,23.6,13.4,25.2,35.4,34.1,1287,5.4,84.3,260.3,231.8,84.1,75.8,9.1,7.8,4,19.4,52.9,50.9,54.7,9.3,8.5,10.2,4308,11.4,10.0,12.9,5258,14.1,13.1,15.0,6496,3.6,3.4,3.9,1673,3
4854,2608,1603,396,262,27,1064,424,3055,11.0,9.6,1.5,0.2,5.0,5.2,5300,12.1,39.9,35.0,13.0,14.3,19.9,18.4,1204,4.2,89.0,287.0,249.7,97.8,87.6,7.9,6.7,12,22.7,54.1,52.1,56.2,8.9,8.1,9.7,4410,10.6,9.2,12.1,5288,12.2,11.3,13.2,6088,3.3,3.1,3.6,1658,2
15505,6596,26623,1220,6850,344,6872,3895,1250,10.3,8.5,1.8,2.1,14.3,16.4,12535,8.9,31.6,35.5,24.1,8.8,12.1,10.8,3487,3.3,113.4,265.2,240.7,86.8,80.1,6.9,6.0,28,20.4,43.1,41.3,44.8,7.5,6.8,8.1,12381,8.5,7.4,9.7,14110,11.9,11.1,12.6,19664,3.0,2.8,3.2,4960,2
10755,4995,3531,397,2823,59,2341,-386,1694,8.3,8.9,-0.6,0.3,-2.4,-2.1,5291,5.2,31.4,28.5,34.9,5.2,5.9,5.5,2871,4.0,112.8,306.5,271.0,97.7,87.5,7.6,6.7,10,22.8,33.9,31.7,36.1,6.3,5.6,7.0,7128,6.3,5.3,7.4,7120,9.6,8.7,10.4,10789,2.6,2.4,2.8,2967,2
766,381,87,477,130,12,199,124,144,10.8,8.0,2.8,2.3,7.8,10.1,618,9.2,28.4,34.7,27.7,11.3,16.2,15.7,289,4.8,71.1,216.2,199.9,65.3,62.2,5.8,5.4,0,23.7,37.4,35.1,39.6,6.8,6.0,7.5,519,6.3,5.2,7.4,482,10.7,9.7,11.7,823,3.0,2.8,3.3,232,6
285,195,10,17,4,0,7,-30,40,9.3,15.6,-6.2,0.0,-8.0,-8.0,162,9.6,30.6,33.8,25.9,9.2,12.5,10.9,24,2.3,83.1,237.6,217.1,87.0,79.6,10.5,9.7,0,37.4,47.2,44.4,49.9,9.9,8.7,11.2,176,7.9,6.4,9.4,140,12.9,11.5,14.2,229,3.7,3.4,4.1,66,6
17810,12126,16206,799,9553,163,5210,-550,13150,10.5,10.8,-0.3,2.5,-4.6,-2.1,18190,11.4,32.9,31.0,24.7,14.8,20.1,19.6,4498,4.4,80.0,375.1,304.1,112.9,94.8,10.2,7.4,51,24.2,48.7,46.7,50.5,8.2,7.4,9.2,14899,9.5,8.0,11.1,17194,12.9,11.9,14.0,23351,3.3,3.0,3.6,5945,3
10547,5632,5682,404,7440,116,3011,-12,15020,7.7,7.0,0.6,2.5,-3.2,-0.7,5215,5.4,27.5,25.9,41.2,8.0,6.4,5.6,3097,3.6,117.3,352.1,302.9,105.7,93.7,8.6,7.1,16,20.8,33.5,31.5,35.4,5.7,5.1,6.3,7162,5.6,4.6,6.5,6931,7.9,7.1,8.6,9818,2.3,2.2,2.5,2920,2
807,660,65,33,49,2,136,-31,125,11.2,12.1,-0.9,0.4,-2.8,-2.4,520,7.8,35.9,35.4,20.8,9.7,12.7,11.3,130,2.5,100.2,218.2,193.1,84.8,77.9,6.9,6.5,0,26.6,46.1,43.9,48.4,8.5,7.7,9.4,621,7.9,6.7,9.2,576,11.5,10.5,12.5,843,3.3,3.1,3.6,245,6
2985,1525,302,65,113,1,259,-98,529,9.5,12.0,-2.5,0.2,-1.1,-0.8,2290,10.7,43.8,25.4,20.1,12.2,18.4,18.0,737,4.8,59.2,386.0,306.1,116.2,97.6,9.6,7.5,2,28.6,44.2,41.9,46.2,9.1,8.1,10.0,2152,9.8,8.3,11.5,2336,13.2,12.0,14.4,3144,3.4,3.1,3.7,805,6
1294,545,1053,87,40,5,200,25,2632,8.1,10.3,-2.2,0.1,3.9,4.0,2795,25.1,38.7,23.4,12.9,26.7,35.0,35.0,250,5.8,76.8,253.1,225.8,85.1,77.8,8.1,7.4,0,23.4,54.3,51.8,56.6,10.3,9.3,11.4,1293,12.6,10.9,14.4,1576,15.0,13.9,16.2,1877,3.6,3.4,3.9,454,6
2502,1385,694,131,213,106,566,-164,883,12.1,12.0,0.1,0.7,-6.3,-5.5,3769,18.2,40.7,25.8,15.3,22.1,30.9,30.4,741,6.1,78.0,292.7,248.6,93.7,83.7,8.3,7.1,14,24.0,56.5,54.4,58.6,9.8,8.9,10.9,2276,12.0,10.4,13.7,2788,14.5,13.4,15.6,3361,3.6,3.4,3.9,840,5
2939,1324,370,113,221,9,444,121,1263,9.7,13.4,-3.7,0.2,7.4,7.5,4425,19.6,38.4,26.8,15.2,23.4,35.2,29.1,549,4.2,72.5,253.1,225.8,85.1,77.8,8.1,7.4,5,25.9,52.2,49.9,54.5,10.2,9.2,11.3,2632,12.7,10.9,14.6,3266,15.0,13.8,16.3,3858,3.7,3.4,4.0,950,6
1647,984,753,83,578,17,513,33,2915,10.5,7.5,3.1,2.2,-3.9,-1.8,1263,9.4,35.8,24.8,30.0,23.9,19.9,18.6,375,3.5,74.2,273.1,236.3,86.6,79.0,7.0,6.3,10,19.3,41.4,38.9,43.8,6.8,6.1,7.5,1408,8.2,7.0,9.5,1700,9.6,8.8,10.4,1981,2.7,2.5,2.9,563,5
1350,730,75,59,40,8,205,-8,209,9.6,12.9,-3.3,0.5,2.4,2.8,1065,9.7,44.2,32.8,13.4,15.2,20.5,19.4,395,5.5,88.4,230.8,212.0,80.3,74.4,6.5,6.1,6,26.1,46.5,44.2,48.6,8.7,7.9,9.6,1058,10.8,9.5,12.2,1311,13.5,12.4,14.5,1629,3.3,3.1,3.6,402,4
866,730,228,41,27,0,100,-50,720,10.3,13.2,-2.9,0.5,-2.8,-2.3,418,6.0,36.4,38.1,19.5,11.3,14.7,14.4,108,2.5,91.3,218.2,193.1,84.8,77.9,6.9,6.5,2,30.6,46.8,44.3,49.2,8.6,7.7,9.5,657,7.9,6.7,9.0,598,11.5,10.4,12.5,875,3.4,3.1,3.6,256,6
2279,1206,12562,236,710,30,637,-97,2241,10.3,10.3,0.0,3.0,-5.9,-2.9,3660,19.0,33.3,24.2,23.6,23.6,30.6,29.5,686,4.5,74.7,217.1,196.7,77.2,71.2,7.6,6.9,9,19.3,51.0,48.9,53.1,7.6,7.1,8.3,2064,8.6,7.7,9.7,2336,13.4,12.7,14.2,3626,3.3,3.1,3.5,887,5
4396,2422,30047,405,164,67,637,-752,909,10.9,12.0,-1.1,0.1,-13.3,-13.2,7438,20.3,37.3,29.8,12.7,22.9,37.0,34.0,1470,6.8,72.0,255.0,223.5,86.2,78.1,7.1,6.2,15,24.5,55.8,54.1,57.4,10.3,9.5,11.0,4139,11.2,10.0,12.4,4499,19.0,18.0,20.1,7676,4.6,4.4,4.9,1866,4
1393,601,316,138,130,7,189,408,59,9.2,11.2,-2.0,0.9,35.1,36.1,1289,15.2,41.8,31.2,11.7,14.5,23.7,22.0,205,3.5,78.5,224.8,199.9,72.9,66.5,6.2,5.4,0,30.0,51.0,48.7,53.2,10.2,9.3,11.1,988,10.2,8.8,11.6,988,14.5,13.5,15.6,1413,3.7,3.4,4.0,362,6
751,416,399,74,39,2,106,36,90,10.0,8.3,1.7,-0.4,3.4,3.0,650,12.4,30.7,39.3,17.6,14.4,22.6,22.0,126,3.8,90.7,224.8,199.9,72.9,66.5,6.2,5.4,0,28.7,51.3,49.3,53.3,9.5,8.8,10.3,566,8.5,7.3,9.7,504,15.4,14.5,16.5,921,3.8,3.6,4.1,228,4
533,364,20,37,18,3,76,31,72,11.5,10.3,1.2,0.0,3.4,3.4,172,3.9,34.2,39.3,22.7,9.2,12.7,11.1,77,2.1,107.9,239.2,214.5,88.2,80.3,6.8,6.2,0,26.5,46.3,44.0,48.6,7.5,6.8,8.3,372,7.0,6.0,8.1,347,10.6,9.7,11.5,522,3.1,2.9,3.3,152,5
1414,700,96,62,33,4,165,-135,395,8.5,12.1,-3.5,0.1,-5.9,-5.9,2024,19.5,47.5,17.9,15.1,21.6,29.8,27.2,358,7.0,89.2,263.4,231.6,100.1,89.4,10.5,9.2,0,28.6,58.6,56.1,60.9,12.2,11.0,13.5,1390,15.4,13.2,17.7,1748,16.8,15.5,18.2,1912,4.0,3.7,4.4,453,6
160,136,33,22,4,1,34,-25,26,9.4,8.5,0.9,0.5,-13.7,-13.2,209,14.0,29.2,35.7,21.1,11.9,19.3,17.2,28,2.2,102.8,227.6,206.5,88.0,80.5,6.8,6.3,0,24.9,48.0,45.9,50.2,8.0,7.2,8.8,124,7.4,6.3,8.6,115,12.9,11.9,13.9,200,3.2,3.0,3.5,51,6
19932,12200,11151,581,11636,140,5498,2185,12253,10.5,9.2,1.3,2.3,5.1,7.4,13275,7.7,32.9,23.6,35.8,7.3,9.2,8.8,4334,3.3,117.7,320.5,273.3,100.8,88.2,8.7,7.2,45,23.6,36.7,34.4,38.9,6.6,5.9,7.4,13248,6.7,5.5,7.9,13415,10.2,9.2,11.1,20405,2.7,2.5,3.0,5476,3
854,736,138,147,132,7,124,64,150,14.2,9.9,4.3,3.2,-1.6,1.6,1220,16.6,41.2,26.9,15.3,10.7,14.2,13.6,225,3.5,73.9,302.7,265.0,104.9,96.0,7.4,6.6,0,26.0,44.2,42.2,46.1,8.3,7.5,9.3,691,7.0,5.9,8.1,578,11.9,11.0,12.9,990,3.4,3.2,3.7,285,6
1767,904,198,54,78,0,229,-90,368,9.5,11.7,-2.2,0.0,-2.2,-2.2,1423,9.9,44.9,30.3,14.9,9.2,11.8,10.9,360,3.3,102.0,230.8,212.0,80.3,74.4,6.5,6.1,0,25.1,45.3,42.8,47.6,8.3,7.5,9.2,1323,10.3,8.8,11.8,1633,13.0,11.8,14.1,2064,3.2,2.9,3.4,504,6
1057,577,101,930,100,68,538,49,297,16.2,6.4,9.8,0.8,-8.1,-7.4,1421,12.1,36.6,36.9,14.4,11.9,13.6,12.5,355,4.6,85.1,216.2,199.9,65.3,62.2,5.8,5.4,4,15.4,41.1,39.2,42.8,6.4,5.8,7.0,845,6.5,5.7,7.3,863,9.9,9.2,10.6,1315,2.8,2.7,3.0,375,6
4365,2421,307,776,365,83,883,429,542,10.5,10.7,-0.2,0.0,10.4,10.4,3304,11.2,31.8,33.1,23.9,11.6,17.4,16.7,805,3.7,73.1,285.7,262.5,95.4,88.9,7.8,7.1,8,29.4,38.7,36.5,40.7,8.5,7.6,9.4,2806,8.1,6.8,9.6,2684,10.9,10.0,11.9,3606,3.6,3.3,3.9,1194,5
31477,13894,40893,4894,43457,901,16127,20771,4260,11.9,5.1,6.8,2.2,28.1,30.3,23435,6.8,20.4,31.7,41.1,6.4,7.9,6.9,9168,3.1,144.8,224.8,199.9,72.9,66.5,6.2,5.4,90,16.0,38.0,36.4,39.5,5.4,4.9,5.9,22735,5.0,4.3,5.8,21123,9.6,8.9,10.2,40266,2.4,2.3,2.6,10121,2
39317,19943,415518,3540,49707,528,16578,4470,11521,14.4,6.6,7.8,6.6,-8.5,-1.8,55530,11.0,20.8,24.8,43.4,14.3,23.4,22.3,16073,4.0,108.3,228.7,202.9,79.1,71.9,7.0,6.1,168,16.5,40.1,38.4,41.7,5.7,5.3,6.2,33226,6.0,5.1,6.8,34655,13.5,12.6,14.4,78586,3.1,2.9,3.3,17968,2
4301,2336,844,195,228,25,995,42,578,12.6,10.1,2.5,0.6,-2.4,-1.7,4628,11.8,46.6,28.1,13.6,11.1,14.6,13.2,1641,5.9,98.3,292.7,248.6,93.7,83.7,8.3,7.1,12,22.7,49.1,46.9,51.1,8.8,7.9,9.7,3907,10.5,9.0,12.0,4670,12.4,11.4,13.3,5519,3.2,3.0,3.5,1424,5
2795,1483,90,124,120,8,337,-174,281,9.6,13.0,-3.4,0.1,-2.2,-2.0,2803,12.3,41.7,31.2,14.8,14.0,18.7,16.9,609,4.4,84.0,230.8,212.0,80.3,74.4,6.5,6.1,5,25.6,51.5,49.1,53.7,9.1,8.2,10.1,2267,11.2,9.7,12.9,2800,14.4,13.2,15.6,3595,3.4,3.1,3.7,853,6
727,772,71,74,36,8,148,57,259,13.2,8.6,4.6,0.2,0.9,1.1,436,6.6,38.8,30.1,24.5,9.1,10.9,10.5,126,2.3,102.4,227.6,206.5,88.0,80.5,6.8,6.3,0,25.9,43.0,40.6,45.4,7.9,7.1,8.9,595,7.7,6.6,9.1,582,11.3,10.3,12.4,850,3.1,2.9,3.4,236,6
302,208,20,51,4,0,73,38,39,10.7,14.2,-3.5,0.0,15.5,15.5,275,11.8,36.5,38.3,13.5,16.1,24.0,21.9,69,4.3,75.5,227.6,206.5,88.0,80.5,6.8,6.3,0,32.3,49.9,47.3,52.3,10.8,9.8,12.0,272,11.2,9.7,13.0,281,15.7,14.4,16.9,393,4.1,3.8,4.5,103,6
1381,782,7125,225,869,35,1203,628,2676,13.0,8.3,4.8,4.8,12.0,16.9,1751,10.3,23.2,24.4,42.1,14.5,21.2,21.0,476,3.5,80.5,263.2,231.8,90.3,81.7,7.3,6.3,26,14.6,35.1,33.5,37.0,5.0,4.6,5.4,1149,5.6,4.9,6.5,1294,8.8,8.2,9.4,2028,2.4,2.3,2.5,553,2
455,294,67,120,24,2,147,-42,43,10.9,9.6,1.3,2.4,-11.8,-9.4,573,15.8,36.0,28.5,19.7,11.2,17.0,15.5,60,2.0,101.2,206.7,189.1,73.9,68.5,6.2,5.8,0,24.5,46.1,43.9,48.2,9.6,8.6,10.6,379,9.3,7.9,10.8,368,13.6,12.4,14.6,534,3.5,3.2,3.8,139,6
25904,13329,4656,640,2488,57,2507,2417,2250,7.3,17.7,-10.4,0.5,26.3,26.8,13556,11.9,38.3,32.1,17.6,15.2,24.5,21.3,2485,5.2,75.0,265.2,240.7,86.8,80.1,6.9,6.0,40,43.6,47.1,44.9,49.0,13.0,11.8,14.3,16378,13.5,11.7,15.7,17037,15.0,13.7,16.2,18842,4.6,4.2,5.0,5740,4
1117,814,127,71,104,7,202,124,230,10.3,7.9,2.4,1.0,4.9,5.9,933,9.1,39.2,35.0,16.7,7.1,10.3,9.6,268,3.2,94.2,302.7,265.0,104.9,96.0,7.4,6.6,0,23.4,43.0,40.9,45.0,7.1,6.4,7.8,810,6.2,5.3,7.1,710,10.3,9.5,11.2,1188,3.0,2.8,3.2,341,2
813,722,146,85,51,3,141,-24,428,12.5,11.0,1.5,0.8,-4.5,-3.6,580,7.9,31.7,41.6,18.8,11.0,14.5,13.3,137,2.4,82.1,239.2,214.5,88.2,80.3,6.8,6.2,0,25.3,45.0,42.7,47.0,8.0,7.2,8.8,669,7.5,6.4,8.6,629,10.9,10.0,11.8,915,3.2,3.0,3.5,269,6
1015,481,137,48,34,7,180,-29,215,11.2,11.2,0.0,0.1,-2.1,-2.0,1723,17.2,43.5,28.0,11.3,15.5,22.7,21.7,289,4.1,108.8,230.9,214.6,77.3,72.9,8.3,7.6,0,20.4,53.8,51.2,56.3,9.7,8.8,10.6,1088,12.4,10.7,14.1,1395,14.5,13.3,15.6,1628,3.3,3.0,3.6,371,2
1985,1182,2035,320,308,30,457,43,1627,13.2,7.4,5.8,0.6,-4.8,-4.3,4198,24.2,47.9,17.4,10.4,27.0,38.2,37.2,467,5.3,70.7,265.2,240.7,86.8,80.1,6.9,6.0,0,20.2,51.6,50.0,53.0,10.5,9.7,11.3,2112,11.8,10.6,13.1,2376,15.9,15.0,16.8,3197,4.1,3.9,4.4,833,5
789,460,4868,53,53,2,125,-162,1753,9.0,12.9,-3.9,-0.1,-13.8,-13.9,1831,27.0,40.8,23.3,8.9,43.0,50.9,46.4,141,4.8,59.6,207.6,188.2,79.9,75.0,7.0,6.5,0,23.8,57.9,56.2,59.6,11.2,10.4,11.9,821,11.6,10.4,12.8,851,18.8,17.8,19.7,1381,4.6,4.3,4.8,335,6
2990,1567,225,80,107,2,353,-431,540,9.2,12.7,-3.5,0.0,-10.4,-10.4,2088,9.0,43.2,29.3,18.5,13.9,19.3,18.1,824,5.8,113.7,263.4,231.6,100.1,89.4,10.5,9.2,9,28.9,54.6,52.1,56.8,10.6,9.6,11.6,2632,12.9,11.1,14.7,3198,15.0,13.7,16.1,3715,3.5,3.3,3.8,878,4
959,536,530,50,72,54,236,40,393,13.1,11.2,1.8,0.8,0.5,1.2,1687,18.6,46.1,25.5,9.8,18.4,22.0,22.3,246,4.2,93.9,230.9,214.6,77.3,72.9,8.3,7.6,0,23.7,53.6,51.5,55.7,11.1,10.1,12.1,1109,13.9,12.2,15.8,1394,16.0,14.9,17.1,1603,3.8,3.5,4.1,380,6
1624,1123,388,97,356,11,290,-197,690,11.7,10.3,1.4,1.2,-11.5,-10.3,1317,8.8,38.8,30.0,22.3,12.4,15.5,13.3,289,2.5,94.0,218.2,193.1,84.8,77.9,6.9,6.5,0,24.5,39.5,37.4,41.8,7.7,7.0,8.6,1296,7.5,6.4,8.8,1259,10.9,9.9,11.9,1827,3.1,2.9,3.4,526,5
2785,1831,4999,505,3727,220,2602,-279,9684,12.5,4.9,7.6,2.6,-14.0,-11.4,1601,4.2,18.5,31.2,46.0,20.7,12.7,12.8,1022,2.9,80.9,227.6,206.5,88.0,80.5,6.8,6.3,8,11.2,33.4,31.4,35.5,4.3,3.9,4.7,2653,4.9,4.3,5.6,3007,7.1,6.6,7.6,4353,2.0,1.9,2.2,1245,4
251,126,132,50,29,2,47,42,315,9.0,7.6,1.3,1.8,16.2,18.0,296,18.5,34.2,30.7,16.7,20.3,27.5,25.9,28,4.2,65.4,224.8,199.9,72.9,66.5,6.2,5.4,0,29.7,51.7,49.8,53.4,10.2,9.3,11.2,187,9.6,8.2,11.0,175,15.3,14.3,16.3,279,4.0,3.7,4.2,72,6
2872,1847,2367,145,260,19,628,-223,3327,9.1,10.6,-1.5,1.4,-6.4,-5.0,1991,8.3,40.7,31.1,19.9,15.2,23.1,21.4,719,4.4,75.3,284.4,240.5,99.6,87.2,7.0,5.8,9,25.5,46.8,44.3,49.1,8.0,7.3,8.8,2208,9.1,7.7,10.3,2503,11.4,10.4,12.3,3132,3.2,3.0,3.5,890,5
574,292,62,26,9,2,123,-38,41,9.9,13.0,-3.0,0.7,-2.2,-1.5,854,15.1,44.0,27.1,13.7,11.3,21.6,20.1,187,4.9,112.4,230.9,214.6,77.3,72.9,8.3,7.6,0,22.0,51.8,49.4,54.1,9.9,8.9,10.9,625,12.5,10.7,14.3,787,14.1,12.9,15.2,889,3.4,3.1,3.7,214,2
1374,605,80,88,51,1,163,12,180,11.7,14.5,-2.8,0.0,3.6,3.6,2274,24.3,42.1,21.4,12.1,21.2,27.8,26.6,216,4.4,69.4,253.1,225.8,85.1,77.8,8.1,7.4,0,26.1,55.1,52.6,57.4,11.5,10.4,12.7,1204,14.5,12.7,16.6,1519,16.3,15.0,17.6,1707,4.1,3.8,4.4,428,6
694,348,353,101,47,10,106,22,1121,10.6,7.7,2.9,-0.6,0.2,-0.3,1208,19.9,39.6,27.9,12.6,17.7,21.9,19.8,111,2.5,80.5,224.8,199.9,72.9,66.5,6.2,5.4,0,21.5,47.8,45.5,49.6,8.8,8.1,9.7,612,9.3,8.1,10.6,643,13.0,12.0,13.8,897,3.3,3.1,3.6,230,6
507,253,25,136,78,21,80,19,174,12.2,7.7,4.5,3.7,-4.5,-0.8,274,8.0,35.6,32.0,24.4,11.2,19.1,17.3,217,7.8,71.5,216.2,199.9,65.3,62.2,5.8,5.4,0,26.2,41.1,38.7,43.6,8.4,7.5,9.3,326,7.5,6.3,8.7,292,12.6,11.5,13.6,490,3.6,3.3,3.8,138,6
4326,2610,488,126,388,21,703,-90,520,10.1,9.8,0.4,-0.2,-2.1,-2.2,3192,9.2,36.1,29.2,25.5,10.2,15.2,13.8,999,4.4,89.2,375.1,304.1,112.9,94.8,10.2,7.4,0,25.2,42.3,39.9,44.4,8.3,7.4,9.2,3189,8.9,7.3,10.4,3404,11.5,10.4,12.6,4418,3.3,3.0,3.5,1254,4
1878,1132,3251,259,776,33,1076,-102,1079,13.7,9.1,4.7,8.6,-16.7,-8.2,3106,16.9,25.0,24.2,33.9,15.3,22.0,21.7,427,2.9,70.9,263.2,231.8,90.3,81.7,7.3,6.3,48,21.3,42.7,40.6,44.8,7.0,6.4,7.8,1532,7.6,6.5,8.9,1661,11.1,10.2,12.0,2408,3.0,2.8,3.2,653,4
20131,9407,64760,1352,61608,286,12260,3822,1686,11.0,5.7,5.3,4.0,2.7,6.7,9527,4.5,14.0,20.2,61.4,5.2,6.2,5.7,5529,3.0,140.5,386.0,306.1,116.2,97.6,9.6,7.5,16,18.3,32.8,31.4,34.3,4.9,4.5,5.4,11985,4.6,3.9,5.4,11223,9.2,8.6,9.8,22389,2.4,2.3,2.5,5835,2
387,219,26,3848,17,1,137,27,16,23.5,10.1,13.4,0.0,-9.8,-9.8,608,15.5,29.8,39.0,15.6,30.8,40.4,35.1,89,3.9,65.0,237.6,217.1,87.0,79.6,10.5,9.7,0,19.3,54.1,52.3,55.7,11.2,10.4,12.0,504,11.0,9.8,12.2,495,16.4,15.5,17.4,740,4.3,4.1,4.6,196,6
5624,2668,1325,1449,368,457,1602,-19,782,11.4,11.3,0.1,0.5,-0.8,-0.4,12394,25.9,33.3,28.1,12.7,21.3,29.6,29.6,1150,3.8,79.2,217.1,196.7,77.2,71.2,7.6,6.9,12,22.2,52.3,50.2,54.2,10.5,9.5,11.5,5694,12.5,10.7,14.2,6766,15.6,14.5,16.7,8479,3.8,3.5,4.2,2082,6
6715,4124,29547,426,3438,100,3105,484,2113,14.9,11.7,3.2,4.4,-2.6,1.7,10143,14.5,32.7,29.0,23.8,20.2,32.3,30.2,1575,3.2,58.8,263.2,231.8,90.3,81.7,7.3,6.3,71,22.1,48.3,46.5,50.1,8.0,7.3,8.7,6178,8.8,7.7,10.0,6809,13.7,12.9,14.6,10618,3.5,3.3,3.7,2721,3
1620,743,132,10083,177,16,2335,101,92,14.7,12.8,1.8,0.1,2.7,2.9,2837,19.8,45.6,23.1,11.6,24.6,34.9,35.8,340,4.2,67.7,206.7,189.1,73.9,68.5,6.2,5.8,0,21.0,59.6,58.1,61.2,12.2,11.5,13.0,1982,13.8,12.6,15.1,2244,18.6,17.8,19.5,3014,4.5,4.3,4.8,732,6
911,473,251,1985,20,3,944,-79,157,11.0,14.6,-3.6,0.1,-4.1,-4.0,788,11.0,45.4,32.9,10.7,16.5,25.4,23.8,194,4.2,88.1,206.7,189.1,73.9,68.5,6.2,5.8,0,25.9,53.7,52.0,55.4,10.4,9.8,11.2,824,10.9,9.8,12.0,861,14.9,14.1,15.7,1174,3.8,3.6,4.0,300,6
866,551,77,4008,25,1,338,140,281,15.6,9.8,5.8,3.9,4.0,7.9,756,11.5,35.6,35.7,17.2,21.3,31.0,30.5,209,4.3,78.4,240.4,219.1,92.8,84.8,9.2,8.6,0,25.1,46.4,44.5,48.2,10.2,9.3,11.0,758,8.4,7.4,9.5,627,14.2,13.3,15.1,1059,4.0,3.7,4.3,298,6
646,408,22,17,39,1,101,-144,57,12.5,12.4,0.1,0.0,-20.6,-20.6,505,10.1,40.8,35.0,14.1,13.1,20.9,20.0,99,2.7,79.7,218.2,193.1,84.8,77.9,6.9,6.5,0,27.9,49.7,47.4,52.0,9.0,8.1,9.9,485,8.5,7.3,9.8,461,12.4,11.4,13.4,669,3.4,3.2,3.7,186,6
7264,3706,3435,184,506,29,1091,375,2922,8.4,10.4,-2.0,0.3,6.7,7.0,6843,12.6,38.2,25.7,23.5,9.0,12.2,10.2,993,2.7,83.4,263.2,231.8,90.3,81.7,7.3,6.3,12,26.5,43.8,41.5,46.0,8.2,7.3,9.1,4983,8.6,7.2,10.1,5261,11.9,10.8,13.0,7284,3.2,2.9,3.4,1936,4
271,244,22,24,14,0,41,-28,50,11.9,11.9,0.0,0.3,-9.2,-8.9,137,6.3,31.8,39.3,22.6,12.7,18.6,16.8,42,2.5,76.4,227.6,206.5,88.0,80.5,6.8,6.3,0,30.2,47.4,44.6,49.9,8.9,8.0,9.9,209,8.6,7.2,10.1,200,13.0,11.7,14.2,304,3.5,3.2,3.8,82,6
3441,1834,2471,348,234,54,684,535,751,11.2,11.3,-0.1,0.7,14.2,14.9,4257,17.6,34.6,30.6,17.1,12.6,20.2,19.3,592,3.6,80.3,224.8,199.9,72.9,66.5,6.2,5.4,5,26.6,52.9,50.9,54.7,9.6,8.7,10.5,2662,9.4,8.1,10.8,2615,14.5,13.6,15.5,4050,3.7,3.5,4.0,1032,6
1815,957,70,264,97,5,284,108,197,9.4,13.2,-3.8,0.6,10.0,10.6,909,7.7,35.9,34.1,22.3,12.5,17.7,16.2,308,3.9,83.1,264.9,238.3,94.6,86.4,7.9,7.1,0,33.8,48.5,45.8,51.1,9.3,8.3,10.4,1196,8.5,7.1,10.0,1089,12.1,11.0,13.3,1556,3.7,3.4,4.0,476,6
1445,706,3632,104,155,38,280,69,418,12.2,11.5,0.7,-0.2,3.3,3.1,3148,25.5,38.3,26.5,9.7,21.9,34.0,31.6,393,4.3,73.0,228.7,202.9,79.1,71.9,7.0,6.1,3,22.8,50.6,48.7,52.3,10.0,9.1,10.8,1387,11.8,10.4,13.2,1642,16.3,15.3,17.2,2270,4.1,3.8,4.3,566,6
1435,865,930,312,129,15,311,-15,807,12.0,9.3,2.7,0.2,-3.5,-3.3,3447,24.0,26.6,35.4,14.0,19.5,28.1,28.1,359,3.1,77.1,224.8,199.9,72.9,66.5,6.2,5.4,0,19.6,47.6,45.8,49.3,7.9,7.3,8.5,1341,7.7,6.8,8.6,1310,13.5,12.8,14.2,2306,3.3,3.2,3.5,570,5
2686,1195,268,76,131,4,281,-335,617,8.9,11.8,-2.9,0.1,-9.5,-9.4,1397,7.1,47.4,25.9,19.6,11.8,17.1,15.7,618,4.5,94.6,320.5,273.3,100.8,88.2,8.7,7.2,6,26.2,48.2,45.7,50.6,8.1,7.3,8.9,1767,8.7,7.5,10.1,1904,11.8,10.8,12.8,2574,3.2,2.9,3.4,690,3
33699,21046,9010,488,3419,93,5371,-1710,6994,8.0,12.7,-4.6,0.2,-0.4,-0.2,15637,6.0,37.5,28.0,28.5,9.2,12.3,10.9,7976,4.4,95.9,320.5,273.3,100.8,88.2,8.7,7.2,51,29.1,41.8,39.5,44.3,7.8,7.0,8.7,22204,8.1,6.8,9.5,23209,11.3,10.2,12.4,32314,3.1,2.9,3.4,9023,2
147,122,19,20,5,1,49,14,3,9.7,10.3,-0.6,0.0,10.3,10.3,50,4.5,32.8,41.2,21.6,10.3,14.9,14.2,22,2.8,101.9,227.6,206.5,88.0,80.5,6.8,6.3,0,26.0,48.7,46.2,51.1,9.3,8.4,10.2,113,8.8,7.5,10.1,106,13.6,12.4,14.7,165,3.6,3.3,3.9,44,6
9602,4387,2201,1327,944,91,2495,4667,1240,11.6,8.4,3.3,0.7,30.2,31.0,9535,10.9,28.8,33.5,26.8,8.3,11.5,10.5,2013,3.1,121.6,224.8,199.9,72.9,66.5,6.2,5.4,20,21.2,45.4,43.1,47.7,7.1,6.4,8.0,7430,7.3,6.1,8.6,7624,11.0,10.1,12.0,11444,2.8,2.6,3.1,2946,2
3333,1880,523,847,504,16,1272,-119,1379,9.6,9.3,0.3,0.5,-3.6,-3.0,2031,6.6,31.1,38.4,24.0,11.7,14.3,12.9,928,4.0,83.3,264.9,238.3,94.6,86.4,7.9,7.1,0,24.0,43.8,41.4,46.3,7.4,6.6,8.1,2551,7.1,5.9,8.2,2449,10.0,9.0,10.9,3460,3.0,2.8,3.3,1056,3
3643,2364,227,147,195,13,429,408,522,11.3,11.1,0.2,0.1,10.6,10.7,1318,5.0,29.6,40.0,25.4,8.8,9.5,8.8,581,2.8,86.7,302.7,265.0,104.9,96.0,7.4,6.6,8,28.8,43.1,40.9,45.2,7.5,6.7,8.3,2220,5.9,5.0,7.0,1757,10.3,9.4,11.3,3074,3.1,2.9,3.3,922,5
2320,1004,19339,4992,812,225,2379,623,939,16.4,6.4,9.9,1.3,0.2,1.5,4769,14.0,27.8,39.8,18.4,18.0,25.6,24.8,1002,5.0,88.8,255.0,223.5,86.2,78.1,7.1,6.2,0,13.5,45.5,43.8,47.1,6.7,6.3,7.1,2663,7.7,7.0,8.5,3077,13.0,12.4,13.7,5197,3.2,3.0,3.3,1269,3
1682,1005,831,471,96,11,786,-188,480,13.9,11.3,2.5,0.0,-11.9,-12.0,1663,12.0,32.6,37.6,17.8,16.0,22.7,21.8,410,4.0,76.6,227.6,206.5,88.0,80.5,6.8,6.3,5,24.9,48.7,46.5,50.8,8.9,8.0,9.7,1343,9.3,8.0,10.8,1418,14.0,12.9,15.0,2121,3.5,3.3,3.8,537,5
1065,564,59,213,64,19,209,104,734,8.5,11.7,-3.2,0.1,14.8,14.9,700,10.5,34.8,37.8,16.9,15.5,23.2,21.4,197,6.7,83.6,192.6,181.6,73.9,68.9,5.8,5.5,0,35.6,50.0,47.5,52.2,10.0,9.0,11.0,728,9.1,7.8,10.5,668,14.0,12.8,15.1,1020,3.8,3.5,4.1,278,6
3798,2493,1596,301,447,65,986,239,916,11.3,11.0,0.3,4.7,-0.1,4.6,4852,14.2,35.2,33.2,17.5,15.8,24.7,22.5,1155,5.1,64.7,375.1,304.1,112.9,94.8,10.2,7.4,8,24.1,45.9,44.1,47.6,9.1,8.2,10.0,3466,10.3,8.9,11.9,3949,13.4,12.4,14.5,5138,3.5,3.3,3.8,1351,5
1863,919,359,518,262,213,535,632,2958,12.8,6.1,6.6,1.5,12.8,14.3,1772,10.3,27.7,43.2,18.8,14.8,16.3,15.4,465,3.7,74.1,216.2,199.9,65.3,62.2,5.8,5.4,0,17.5,39.1,37.3,40.9,6.4,5.8,7.0,1463,6.2,5.4,7.1,1425,10.0,9.3,10.7,2282,2.9,2.7,3.1,652,6
578,422,15,106,67,1,150,48,461,13.0,8.8,4.2,1.8,2.0,3.7,326,7.8,32.4,35.4,24.4,15.8,21.5,21.1,91,3.4,87.5,247.1,236.2,91.5,88.0,9.8,9.4,0,29.1,39.0,36.7,41.3,8.6,7.7,9.7,403,7.9,6.6,9.2,370,11.5,10.5,12.6,538,3.5,3.2,3.8,163,6
32017,16006,4675,5971,12239,1043,17382,3994,8786,9.5,9.5,0.0,1.6,9.0,10.6,21713,8.6,23.5,38.3,29.6,18.1,22.4,19.9,8165,4.5,84.2,303.4,271.5,109.4,101.0,9.2,8.3,67,24.9,42.5,40.6,44.5,7.4,6.7,8.1,22773,8.0,6.9,9.2,24825,11.0,10.1,11.9,34059,3.2,3.0,3.5,9969,3
8130,5042,5739,328,3129,91,1812,-90,1975,8.9,9.2,-0.3,1.9,-2.4,-0.5,6661,8.8,31.5,27.8,31.8,6.7,8.9,8.2,2118,3.8,94.9,306.5,271.0,97.7,87.5,7.6,6.7,20,23.0,37.1,34.9,39.2,6.8,6.1,7.6,5782,6.9,5.7,8.1,5840,10.1,9.3,11.1,8620,2.8,2.6,3.1,2408,3
469,324,6051,17,9,2,58,-127,359,12.1,11.3,0.8,0.0,-18.6,-18.6,1261,25.2,36.1,23.7,15.0,35.5,50.8,52.0,265,13.3,62.6,191.3,174.8,65.9,61.2,7.1,6.7,0,22.0,64.3,62.0,66.2,11.8,10.8,12.8,647,13.1,11.3,14.8,718,24.0,22.4,25.4,1320,5.7,5.2,6.1,311,6
2670,1083,799,220,191,30,687,154,283,11.6,10.0,1.7,0.0,2.2,2.2,4178,15.0,36.4,29.0,19.6,10.3,13.4,11.9,587,2.7,120.8,253.1,225.8,85.1,77.8,8.1,7.4,0,19.7,45.4,42.9,48.0,7.8,7.1,8.7,2467,9.9,8.4,11.4,3113,11.9,10.9,12.9,3748,3.0,2.7,3.2,929,2
1504,692,159,72,48,8,195,94,476,12.5,13.1,-0.6,-0.2,6.9,6.7,2745,25.0,38.4,23.3,13.3,26.0,38.5,38.2,314,4.7,68.5,230.9,214.6,77.3,72.9,8.3,7.6,0,25.4,55.8,53.2,58.0,12.5,11.2,13.6,1528,15.8,13.4,18.0,1935,17.4,15.9,18.7,2127,4.2,3.9,4.6,517,6
35114,19181,187571,4066,28622,506,12865,4174,19211,11.5,8.6,3.0,3.9,1.0,4.9,37932,10.9,23.8,30.1,35.3,15.4,23.1,22.1,10771,4.1,96.7,255.0,223.5,86.2,78.1,7.1,6.2,142,19.8,44.6,43.0,46.3,6.9,6.3,7.5,28630,7.3,6.3,8.3,30097,12.4,11.6,13.2,51514,3.1,3.0,3.3,13050,3
151,136,18,2077,15,2,187,27,37,17.4,11.0,6.4,0.0,1.4,1.4,343,18.0,32.1,31.4,18.4,32.5,44.7,42.0,48,4.5,65.0,240.4,219.1,92.8,84.8,9.2,8.6,0,17.5,50.7,49.0,52.4,10.2,9.4,10.9,233,9.5,8.4,10.6,217,15.2,14.3,16.0,348,4.2,4.0,4.5,96,6
3041,1501,26118,186,325,30,677,-388,1038,14.4,11.1,3.3,-0.2,-11.1,-11.3,5461,17.6,35.0,29.4,18.0,19.2,29.0,28.4,925,4.3,90.5,207.6,188.2,79.9,75.0,7.0,6.5,0,19.3,54.2,52.4,55.9,8.7,8.1,9.4,3077,9.5,8.4,10.7,3347,15.8,14.9,16.8,5577,3.7,3.5,4.0,1311,2
299,178,38,42,22,1,36,-40,14,12.4,7.4,5.0,4.2,-20.1,-15.9,658,24.7,29.9,27.6,17.7,14.2,22.6,22.6,56,3.8,90.3,224.8,199.9,72.9,66.5,6.2,5.4,0,23.2,46.3,44.6,47.9,7.7,7.1,8.4,221,6.5,5.7,7.3,186,14.1,13.2,15.0,404,3.3,3.1,3.6,96,6
1295,824,86,332,72,3,239,-86,241,7.9,10.5,-2.6,0.5,-4.7,-4.2,722,7.7,36.0,38.7,17.6,14.9,21.6,20.6,362,6.1,65.8,302.7,265.0,104.9,96.0,7.4,6.6,0,30.6,43.3,41.1,45.4,9.1,8.2,10.0,924,7.6,6.4,8.8,773,12.3,11.2,13.3,1253,3.7,3.4,3.9,372,6
548,269,1654,101,38,4,147,215,2081,10.1,8.4,1.7,0.1,23.8,24.0,1119,18.6,47.9,20.8,12.7,23.8,27.1,26.7,100,3.8,73.6,265.2,240.7,86.8,80.1,6.9,6.0,0,19.4,51.6,49.9,53.2,8.9,8.3,9.7,621,10.9,9.7,12.2,754,13.1,12.3,13.9,908,3.3,3.1,3.6,231,6
924,741,109,31,62,9,102,-61,177,10.1,11.2,-1.0,0.2,-4.8,-4.7,511,6.6,36.5,33.8,23.1,8.5,11.2,10.5,138,2.3,101.3,218.2,193.1,84.8,77.9,6.9,6.5,0,27.9,44.4,41.8,46.7,8.0,7.1,8.9,671,7.2,6.0,8.5,605,10.6,9.5,11.6,888,3.2,2.9,3.4,265,6
605,305,40,3524,100,4,278,-196,65,16.3,11.1,5.1,0.7,-27.4,-26.7,744,12.9,32.1,37.0,18.0,17.0,22.0,20.7,206,5.3,104.4,247.1,236.2,91.5,88.0,9.8,9.4,1,20.4,44.7,43.1,46.3,8.4,7.7,9.1,541,8.4,7.4,9.5,540,12.6,11.8,13.4,808,3.5,3.3,3.7,226,6
579,338,53,60,21,0,191,60,90,9.3,7.3,2.0,0.3,6.6,6.8,228,4.8,34.6,37.3,23.3,8.1,10.8,9.3,115,3.2,102.7,227.6,206.5,88.0,80.5,6.8,6.3,0,25.1,42.5,40.0,44.8,7.5,6.8,8.3,399,7.4,6.3,8.5,389,11.5,10.5,12.5,609,3.0,2.8,3.2,157,4
8929,3728,5189,429,879,72,1497,2968,543,9.9,11.2,-1.4,0.4,36.0,36.3,5083,8.6,32.7,30.4,28.2,10.4,13.7,12.5,1281,3.2,120.7,265.2,240.7,86.8,80.1,6.9,6.0,0,27.9,44.9,42.7,46.9,8.4,7.6,9.3,5805,9.3,7.9,10.8,6434,11.6,10.5,12.6,7999,3.2,3.0,3.5,2207,2
90278,47214,256401,7543,63646,1879,40090,26773,22977,12.1,8.0,4.1,8.4,6.2,14.7,108569,11.6,27.1,28.6,32.7,14.7,20.1,18.4,24886,3.4,105.3,265.2,240.7,86.8,80.1,6.9,6.0,432,19.0,42.8,41.3,44.2,6.8,6.3,7.3,75432,7.5,6.6,8.5,83735,12.3,11.6,13.1,137266,3.1,2.9,3.2,34032,1
597,303,94,417,37,2,290,-52,144,9.8,12.4,-2.6,0.3,-6.0,-5.7,725,17.1,39.4,29.6,13.9,24.7,37.9,38.5,88,3.4,71.9,206.7,189.1,73.9,68.5,6.2,5.8,0,26.8,58.2,56.2,60.1,11.8,10.9,12.8,549,12.2,10.7,13.8,567,16.5,15.5,17.6,767,4.2,4.0,4.6,197,6
2012,966,1247,153,129,4,249,21,104,12.1,12.0,0.1,0.2,1.0,1.2,2117,17.6,38.8,27.3,16.4,15.6,24.4,24.3,309,5.0,77.6,224.8,199.9,72.9,66.5,6.2,5.4,0,30.5,48.5,46.2,50.6,11.0,10.0,12.1,1478,10.7,9.2,12.3,1430,16.0,14.8,17.1,2142,4.2,3.8,4.5,556,6
3030,1625,223,132,226,32,485,404,615,12.4,9.6,2.8,-0.3,6.9,6.6,2800,9.8,41.8,30.7,17.7,10.1,12.8,11.3,636,2.8,105.9,230.8,212.0,80.3,74.4,6.5,6.1,8,21.6,41.3,39.0,43.4,7.4,6.7,8.2,2441,9.4,8.0,10.8,3091,11.8,10.8,12.7,3859,2.9,2.7,3.2,957,5
691,524,49,94,18,4,91,110,153,10.3,11.8,-1.6,1.1,14.0,15.1,380,6.6,33.1,37.1,23.2,9.4,11.0,10.5,127,2.7,110.1,240.4,219.1,92.8,84.8,9.2,8.6,0,27.6,43.8,41.5,46.3,8.0,7.2,8.9,508,6.2,5.3,7.4,398,10.7,9.7,11.7,680,3.2,2.9,3.5,202,4
3334,1604,4579,250,215,77,573,36,393,11.9,11.5,0.5,0.6,-0.1,0.4,5302,17.8,44.1,24.0,14.2,17.3,23.3,22.7,703,3.6,95.3,217.1,196.7,77.2,71.2,7.6,6.9,6,21.5,56.2,54.2,58.1,9.4,8.7,10.4,3181,10.9,9.6,12.5,3672,15.2,14.2,16.2,5115,3.5,3.3,3.8,1185,2
1775,973,2915,300,209,33,399,-12,7786,10.4,7.2,3.2,0.0,-3.6,-3.6,5851,26.3,34.9,28.7,10.2,26.7,32.0,29.6,507,5.1,69.0,224.8,199.9,72.9,66.5,6.2,5.4,8,15.8,50.7,48.9,52.5,7.6,7.1,8.1,1963,7.2,6.6,7.9,1854,14.3,13.6,15.0,3690,3.4,3.2,3.5,864,5
30562,18691,29502,1132,3608,154,9814,-503,8838,10.8,11.1,-0.3,0.3,-1.3,-1.0,22563,8.7,37.8,30.8,22.8,14.4,23.2,21.8,9140,4.9,93.2,292.7,248.6,93.7,83.7,8.3,7.1,128,25.2,48.3,46.1,50.2,8.4,7.6,9.2,24483,9.6,8.2,11.1,28058,13.1,12.0,14.0,38121,3.2,3.0,3.5,9364,3
4368,2295,496,198,309,8,691,-254,753,10.5,11.5,-1.0,0.1,-4.4,-4.3,4076,11.8,39.0,30.8,18.3,15.1,22.3,20.2,1047,4.7,74.4,375.1,304.1,112.9,94.8,10.2,7.4,7,26.0,47.2,44.9,49.1,8.7,7.9,9.6,3292,9.9,8.4,11.5,3737,12.7,11.6,13.8,4796,3.4,3.2,3.7,1291,6
8805,5723,12856,512,3301,501,3311,-1,4976,12.5,9.1,3.4,2.7,-6.1,-3.4,7270,8.7,30.2,32.5,28.6,16.3,18.8,17.7,1909,2.8,87.1,218.2,193.1,84.8,77.9,6.9,6.5,24,21.3,38.9,37.2,40.7,6.6,6.0,7.3,6845,6.5,5.7,7.6,6779,9.6,8.9,10.3,9917,2.8,2.7,3.0,2944,4
6640,4097,1934,483,739,59,1267,931,1633,10.5,9.3,1.1,1.4,9.0,10.4,8960,16.5,34.8,22.8,25.9,8.7,9.3,8.7,1079,2.6,84.5,263.2,231.8,90.3,81.7,7.3,6.3,0,24.1,42.4,39.8,44.6,7.6,6.7,8.6,4850,8.4,6.8,10.0,5337,11.2,10.0,12.3,7102,3.1,2.8,3.4,1957,4
4887,2454,410,53827,323,30,1159,273,931,13.6,9.8,3.8,0.9,-0.8,0.1,9085,20.4,33.1,34.8,11.7,37.3,47.3,44.7,2080,10.1,57.0,242.0,224.0,78.1,73.2,6.9,6.1,0,19.7,48.0,46.3,49.5,10.9,10.1,11.7,5693,12.8,11.4,14.3,6717,17.0,16.0,17.9,8894,5.1,4.8,5.4,2669,6
959,513,5531,49,73,17,161,-220,56,12.9,15.0,-2.1,0.4,-17.4,-17.0,1677,21.2,44.0,22.4,12.4,24.3,36.1,34.0,247,4.5,76.7,207.6,188.2,79.9,75.0,7.0,6.5,0,25.2,58.5,56.8,60.3,11.6,10.8,12.5,996,12.3,11.0,13.7,1056,19.3,18.3,20.3,1656,4.7,4.4,5.0,403,6
7747,3574,5612,278,985,22,1262,508,547,8.4,11.0,-2.6,0.5,8.6,9.2,5735,10.2,31.3,29.6,28.9,10.4,13.1,11.8,1163,3.1,84.3,263.2,231.8,90.3,81.7,7.3,6.3,6,27.7,42.5,40.9,44.1,7.8,7.3,8.4,4945,8.2,7.2,9.2,5167,12.1,11.3,12.8,7625,3.2,3.0,3.3,2001,3
848,427,38,9,20,1,120,-78,58,8.4,14.1,-5.6,0.0,-3.6,-3.6,1292,20.8,49.7,20.2,9.3,23.0,36.8,34.9,201,6.3,77.3,263.4,231.6,100.1,89.4,10.5,9.2,0,29.6,59.8,57.3,61.9,13.3,12.1,14.6,881,16.8,14.7,19.0,1115,18.3,16.9,19.6,1211,4.3,3.9,4.7,284,6
12421,6119,40210,1507,9251,211,5031,4618,1364,12.2,7.9,4.3,1.1,16.7,17.7,13302,10.0,25.2,33.7,31.2,9.0,12.9,10.9,3794,3.6,128.5,255.0,223.5,86.2,78.1,7.1,6.2,25,18.1,41.6,39.7,43.6,6.4,5.8,7.0,10037,6.9,5.9,8.1,10872,10.7,10.0,11.6,16846,2.8,2.6,3.0,4358,2
665,278,1264,66,49,1,199,157,2579,9.1,7.7,1.5,0.3,12.5,12.8,1307,19.8,34.8,28.5,16.8,18.6,20.5,18.8,159,3.3,94.1,253.1,225.8,85.1,77.8,8.1,7.4,0,20.6,48.4,45.8,50.9,7.3,6.6,8.0,667,9.6,8.3,11.0,872,11.8,11.0,12.6,1069,2.9,2.7,3.1,259,2
13876,7279,3977,804,1520,257,2155,1291,1265,9.2,12.2,-3.0,0.1,14.0,14.0,8546,10.1,24.3,33.8,31.8,9.7,15.5,15.0,1764,3.2,100.2,255.0,223.5,86.2,78.1,7.1,6.2,27,31.6,42.5,40.0,45.0,9.0,8.0,10.1,8506,8.7,7.1,10.4,8237,12.4,11.2,13.7,11773,3.5,3.2,3.8,3270,3
354,164,19,7,12,0,7,-7,0,8.1,12.6,-4.5,0.0,1.4,1.4,245,13.1,35.7,28.1,23.1,12.7,21.2,23.2,34,2.7,62.1,263.2,231.8,90.3,81.7,7.3,6.3,0,51.7,49.5,46.3,52.4,11.6,10.2,12.9,222,11.3,9.1,13.5,217,15.3,13.6,16.8,293,4.2,3.8,4.6,80,6
7614,3880,3695,445,2236,68,1873,-74,2582,8.3,7.7,0.6,1.1,-2.4,-1.3,4951,7.0,26.9,26.2,39.9,6.0,6.6,6.0,1886,3.7,149.1,375.1,304.1,112.9,94.8,10.2,7.4,10,22.8,36.4,34.2,38.4,6.2,5.5,6.9,4906,6.7,5.4,7.9,5275,9.5,8.6,10.3,7515,2.6,2.5,2.8,2100,2
824,513,104,487,82,3,271,-88,136,12.1,10.2,1.9,0.9,-11.1,-10.2,621,8.3,33.6,40.0,18.2,13.7,18.9,15.1,149,2.8,97.0,239.2,214.5,88.2,80.3,6.8,6.2,0,25.7,44.0,41.8,46.1,7.5,6.7,8.3,607,7.3,6.1,8.4,588,11.3,10.3,12.2,913,3.1,2.9,3.4,252,6
1634,781,7643,172,159,45,315,38,4677,10.6,10.1,0.6,2.2,-1.1,1.0,4381,24.6,39.1,23.2,13.2,25.6,32.7,31.4,407,4.2,70.7,228.7,202.9,79.1,71.9,7.0,6.1,0,18.8,46.5,44.5,48.3,8.4,7.7,9.1,1698,10.1,8.9,11.3,2043,14.8,13.9,15.6,2990,3.6,3.4,3.8,733,6
16720,10430,15459,2384,2323,113,5469,-433,3991,9.8,11.3,-1.5,0.7,-1.2,-0.5,13257,8.8,34.2,33.2,23.8,13.0,18.5,17.7,5197,5.2,81.3,375.1,304.1,112.9,94.8,10.2,7.4,32,24.9,44.1,42.0,45.9,8.0,7.2,8.8,13400,9.1,7.8,10.5,15362,12.4,11.4,13.4,20854,3.2,3.0,3.5,5408,2
1335,682,337,1794,80,2,559,31,95,7.9,12.1,-4.2,2.0,5.0,7.1,810,9.8,34.3,34.1,21.8,13.4,20.8,19.8,495,9.7,82.4,287.0,249.7,97.8,87.6,7.9,6.7,0,35.2,53.6,51.4,55.8,11.4,10.4,12.5,1037,11.9,10.4,13.5,1081,15.1,14.0,16.2,1375,4.2,3.9,4.5,378,6
201,186,42,54,51,6,66,-77,83,8.1,10.0,-1.8,1.1,-28.1,-27.0,265,14.1,30.8,38.0,17.1,11.1,16.7,14.5,38,3.3,92.5,227.6,206.5,88.0,80.5,6.8,6.3,0,22.7,50.2,48.0,52.4,8.6,7.7,9.5,173,8.4,7.2,9.9,171,13.7,12.7,14.7,277,3.5,3.2,3.8,71,6
13016,6949,52161,1184,2754,123,4143,782,3794,14.6,10.0,4.6,0.3,-1.0,-0.7,17857,13.5,33.8,30.8,21.9,14.9,21.1,20.4,4195,3.8,105.2,260.3,231.8,84.1,75.8,9.1,7.8,75,19.8,52.3,50.6,54.0,7.8,7.2,8.5,11910,9.3,8.1,10.4,14116,12.9,12.1,13.7,19671,3.2,3.0,3.4,4928,4
3168,1586,10781,574,418,81,594,49,1052,13.3,10.2,3.0,0.3,-2.2,-1.9,7704,26.2,39.4,22.0,12.5,23.9,33.8,33.9,811,3.8,65.9,228.7,202.9,79.1,71.9,7.0,6.1,10,19.4,49.6,48.0,51.1,9.4,8.6,10.1,3151,11.1,9.8,12.3,3740,15.8,14.9,16.6,5318,4.0,3.7,4.2,1342,5
669,384,40,102,23,0,155,-39,90,10.7,12.3,-1.6,0.0,-4.6,-4.6,375,8.4,34.6,37.4,19.6,14.5,21.3,18.9,116,3.6,74.1,227.6,206.5,88.0,80.5,6.8,6.3,0,33.0,49.9,47.4,52.3,9.8,8.8,10.9,465,9.7,8.3,11.3,461,14.8,13.5,16.0,699,3.8,3.5,4.1,179,6
12942,8028,3828,762,4503,150,3408,320,1161,9.3,10.4,-1.1,0.0,3.1,3.1,10157,8.4,28.4,31.0,32.1,7.8,10.1,9.1,3346,3.7,108.3,370.0,325.3,117.5,106.6,10.1,8.6,15,24.7,40.4,38.3,42.7,7.3,6.5,8.2,9775,7.6,6.3,9.1,10140,11.0,9.9,12.1,14614,2.8,2.6,3.1,3751,2
2765,1082,580,244,248,45,588,133,2772,8.8,9.5,-0.7,0.1,4.7,4.7,3270,16.3,29.2,28.3,26.2,14.9,18.6,17.6,600,3.6,94.8,228.7,202.9,79.1,71.9,7.0,6.1,0,23.7,41.2,38.8,43.7,7.7,6.9,8.6,2078,8.9,7.5,10.4,2404,11.4,10.4,12.5,3095,3.1,2.9,3.4,838,6
209,182,9,114,3,0,36,-66,34,10.8,9.0,1.8,0.0,-31.5,-31.5,132,8.0,32.2,41.6,18.2,9.3,11.0,9.6,31,2.6,79.5,237.6,217.1,87.0,79.6,10.5,9.7,0,32.6,47.9,45.4,50.3,10.4,9.3,11.4,179,8.8,7.5,10.2,152,13.8,12.6,15.0,239,3.9,3.6,4.2,67,6
60667,41217,82004,1941,66492,528,18202,4042,21657,10.4,9.5,0.9,2.6,1.5,4.1,33289,5.8,23.8,21.7,48.7,5.9,6.6,6.6,15422,3.4,148.1,320.5,273.3,100.8,88.2,8.7,7.2,215,23.2,37.3,35.3,39.4,5.9,5.3,6.5,38374,5.7,4.7,6.8,36764,9.4,8.6,10.3,61275,2.7,2.5,2.9,17266,2
761,527,40,31,31,1,93,70,116,13.0,8.4,4.5,0.0,3.1,3.1,334,5.3,30.7,37.9,26.0,6.5,8.1,7.5,116,2.5,101.5,239.2,214.5,88.2,80.3,6.8,6.2,0,26.2,41.5,39.0,43.7,6.8,6.1,7.6,479,6.4,5.3,7.5,449,9.8,8.9,10.7,692,2.8,2.6,3.0,198,4
29683,13855,108873,1618,7220,388,6857,4167,10855,12.1,8.8,3.3,1.0,6.1,7.0,23647,8.5,22.7,26.0,42.8,14.2,23.4,24.5,5719,2.8,120.0,229.5,205.0,80.1,72.3,7.0,6.2,221,21.2,38.9,37.2,40.7,5.9,5.4,6.5,19360,6.4,5.5,7.4,20766,11.0,10.2,11.8,35798,2.9,2.7,3.1,9435,3
2120,1164,4373,86,299,16,512,140,283,12.9,9.1,3.9,0.5,0.6,1.1,4216,22.2,31.6,31.5,14.8,13.4,18.8,17.4,494,3.5,104.2,191.3,174.8,65.9,61.2,7.1,6.7,8,22.2,50.0,48.0,52.0,8.7,7.9,9.5,1862,9.9,8.5,11.3,2125,13.2,12.3,14.1,2843,3.4,3.1,3.6,728,6
18434,9127,36883,824,7802,271,7017,2066,2748,10.4,8.6,1.8,1.0,5.4,6.4,12561,7.2,26.6,30.4,35.8,7.0,9.7,8.6,5005,3.6,105.9,386.0,306.1,116.2,97.6,9.6,7.5,19,21.3,44.3,42.3,46.3,6.4,5.8,7.0,12626,6.8,5.8,7.8,13345,11.6,10.7,12.5,22826,2.8,2.6,3.0,5505,2
529,346,36,80,17,18,66,10,74,12.9,10.5,2.4,0.2,-1.0,-0.8,396,9.3,32.7,39.6,18.4,11.0,14.6,14.0,100,3.1,94.2,239.2,214.5,88.2,80.3,6.8,6.2,0,25.8,46.8,44.5,48.9,8.3,7.5,9.3,390,7.9,6.7,9.2,369,11.5,10.5,12.5,537,3.3,3.1,3.6,155,6
2900,1322,1963,211,538,28,997,646,680,12.0,9.7,2.3,0.1,13.7,13.8,3721,13.7,36.0,29.2,21.1,10.3,13.9,12.8,615,3.1,90.4,263.2,231.8,90.3,81.7,7.3,6.3,8,21.8,43.8,41.8,46.0,7.4,6.7,8.2,2317,8.3,7.1,9.6,2580,10.9,10.0,11.8,3396,2.9,2.7,3.1,911,2
2814,1446,13567,4303,312,17,906,-362,2549,12.7,12.1,0.6,0.7,-11.7,-10.9,4771,20.2,34.1,30.3,15.5,26.9,41.8,38.4,843,7.4,68.1,255.0,223.5,86.2,78.1,7.1,6.2,8,23.3,55.3,53.7,56.8,10.0,9.3,10.7,2699,11.3,10.1,12.3,3030,17.5,16.7,18.3,4724,4.3,4.1,4.6,1165,5
375,216,27,113,16,3,89,-23,46,11.1,12.9,-1.8,1.3,-4.8,-3.5,358,12.7,38.6,28.8,20.0,12.7,18.3,16.4,48,2.2,99.9,206.7,189.1,73.9,68.5,6.2,5.8,0,28.3,49.8,47.4,52.1,10.4,9.4,11.5,317,10.5,9.0,12.2,320,14.1,12.9,15.2,427,3.8,3.5,4.1,114,6
1467,950,432,53,234,17,217,0,249,12.2,11.9,0.3,2.3,-2.5,-0.2,1167,10.7,34.0,35.3,19.9,11.4,17.0,16.2,237,2.7,89.6,218.2,193.1,84.8,77.9,6.9,6.5,0,27.8,47.1,44.8,49.3,8.7,7.8,9.7,1058,8.3,6.9,9.7,1001,12.0,10.9,13.1,1454,3.4,3.2,3.8,418,6
411,336,14,62,18,2,58,34,70,15.0,13.6,1.3,5.2,2.1,7.3,233,8.5,29.9,40.5,21.2,10.6,13.5,13.0,51,2.6,92.4,237.6,217.1,87.0,79.6,10.5,9.7,0,33.1,46.1,43.3,48.5,9.2,8.1,10.2,272,7.3,6.0,8.6,217,11.9,10.7,13.0,354,3.4,3.2,3.7,102,6
3540,1928,976,144,217,7,660,-457,612,9.6,14.4,-4.8,1.0,-9.3,-8.3,3911,15.0,38.6,26.4,19.9,15.8,23.1,21.3,800,5.1,85.5,263.4,231.6,100.1,89.4,10.5,9.2,12,29.6,56.2,53.7,58.4,11.7,10.5,12.9,3268,13.9,11.7,16.0,3891,16.4,15.0,17.7,4606,3.9,3.6,4.2,1083,6
1600,818,131,105,106,5,200,-16,197,8.2,11.9,-3.7,0.5,2.2,2.7,1142,11.0,33.8,36.5,18.8,13.6,26.1,25.2,331,6.0,82.9,287.0,249.7,97.8,87.6,7.9,6.7,6,32.1,51.0,48.4,53.6,10.7,9.6,12.0,1226,11.6,9.7,13.4,1319,13.9,12.6,15.1,1585,3.9,3.6,4.2,441,6
649,266,55,46,76,17,133,170,0,14.5,4.1,10.4,1.6,2.3,3.8,153,2.4,17.7,40.4,39.5,4.0,3.8,3.3,152,2.8,138.5,216.2,199.9,65.3,62.2,5.8,5.4,0,16.7,36.4,34.0,38.9,4.9,4.4,5.5,383,4.4,3.7,5.3,346,7.9,7.2,8.7,618,2.3,2.1,2.5,180,3
2792,1652,943,7446,363,18,3179,-107,1703,14.1,13.4,0.7,0.8,-4.3,-3.5,2811,11.3,33.3,27.3,28.1,15.3,20.2,18.7,574,3.1,93.3,206.7,189.1,73.9,68.5,6.2,5.8,12,21.6,49.0,47.0,50.8,8.4,7.7,9.1,2424,8.6,7.5,9.8,2498,11.9,11.1,12.7,3445,3.2,3.0,3.4,925,5
101672,50926,365846,18402,121696,5139,52634,27463,24353,13.8,6.6,7.2,4.0,2.1,6.1,185596,14.4,24.0,30.2,31.5,12.1,16.8,15.4,37114,3.5,109.0,224.8,199.9,72.9,66.5,6.2,5.4,409,15.5,43.0,41.5,44.5,6.2,5.7,6.8,95392,6.2,5.4,7.2,95558,12.0,11.3,12.7,184024,2.8,2.7,3.0,43164,1
51964,30329,171110,1530,23593,423,19101,140,16630,12.5,9.9,2.7,2.8,-5.2,-2.4,52841,10.0,26.8,30.4,32.7,15.4,22.4,21.9,16269,4.1,111.3,230.9,214.6,77.3,72.9,8.3,7.6,366,21.2,46.8,45.3,48.7,8.1,7.4,8.8,48398,9.4,8.2,10.8,56533,12.9,12.0,13.8,77384,3.2,3.0,3.4,19143,1
12433,7156,34359,2373,2939,138,3642,2907,6014,11.5,9.8,1.6,0.7,15.2,15.9,15629,14.5,27.6,34.0,24.0,13.5,19.8,18.3,2958,3.7,93.6,255.0,223.5,86.2,78.1,7.1,6.2,20,22.4,50.4,48.6,52.1,8.2,7.5,8.9,10622,8.6,7.5,9.8,11140,12.9,12.0,13.7,16631,3.4,3.2,3.6,4401,4
1631,1010,114,43,63,5,153,-51,283,10.0,13.0,-3.0,0.3,-0.2,0.2,1362,10.8,38.3,34.1,16.7,13.5,19.5,18.3,430,4.7,79.3,284.4,240.5,99.6,87.2,7.0,5.8,0,27.9,47.5,44.9,50.1,8.4,7.6,9.3,1165,9.4,8.1,10.9,1306,11.5,10.5,12.5,1590,3.3,3.1,3.6,458,6
3689,2620,2828,266,1636,47,1442,540,3938,10.6,6.9,3.8,1.9,2.4,4.3,2259,5.9,26.7,33.8,33.6,15.1,10.9,9.8,1011,2.5,82.7,302.7,265.0,104.9,96.0,7.4,6.6,29,18.4,41.2,39.0,43.2,5.5,4.9,6.0,2969,4.9,4.2,5.7,2662,8.1,7.5,8.8,4413,2.5,2.3,2.7,1354,4
1942,840,466,30,66,3,288,-353,85,11.2,16.0,-4.8,0.0,-10.0,-10.0,4303,24.5,43.2,22.8,9.5,27.0,36.5,35.2,520,7.6,74.7,263.4,231.6,100.1,89.4,10.5,9.2,6,24.5,61.0,58.8,63.1,12.8,11.6,14.0,2374,17.3,15.0,19.7,3198,18.4,17.0,19.7,3400,4.1,3.8,4.5,768,6
2195,1226,833,7385,138,27,1869,-293,1927,13.9,13.0,0.9,1.0,-11.9,-11.0,2819,14.5,39.9,29.4,16.3,19.5,25.9,25.1,435,3.6,93.5,206.7,189.1,73.9,68.5,6.2,5.8,0,22.0,52.9,51.1,54.5,9.8,9.1,10.5,2124,10.3,9.1,11.5,2224,15.1,14.3,16.0,3283,3.7,3.5,3.9,802,6
910,633,380,327,119,13,205,-91,348,17.7,8.6,9.1,0.4,-14.3,-13.9,2994,27.0,34.2,26.7,12.2,17.5,25.3,24.7,238,2.8,72.9,224.8,199.9,72.9,66.5,6.2,5.4,0,17.1,48.4,46.5,50.5,7.6,7.1,8.3,987,7.0,6.2,7.8,904,14.5,13.7,15.4,1870,3.4,3.2,3.7,442,5
20960,11545,45468,1755,22037,215,7137,-899,6037,10.2,10.5,-0.3,4.9,-8.0,-3.1,24304,13.1,32.1,27.4,27.4,12.8,19.1,18.2,7001,5.9,74.4,306.5,271.0,97.7,87.5,7.6,6.7,64,22.9,40.9,39.3,42.5,7.6,7.0,8.3,15928,7.5,6.5,8.5,15750,12.7,11.9,13.5,26509,3.2,3.1,3.4,6795,3
4022,2150,234,411,224,10,561,183,592,8.3,13.0,-4.7,0.3,9.7,10.0,1906,7.1,32.4,33.5,27.1,9.4,13.7,12.6,655,3.6,88.5,264.9,238.3,94.6,86.4,7.9,7.1,20,33.4,40.5,38.1,42.9,8.3,7.4,9.3,2453,7.4,6.2,8.9,2186,10.9,9.9,12.0,3219,3.4,3.1,3.7,994,6
6976,3329,15190,848,1633,98,2755,1409,4199,12.2,7.2,5.0,0.4,6.0,6.4,6483,8.7,30.5,30.7,30.0,15.4,17.2,16.6,2016,3.3,114.4,207.6,188.2,79.9,75.0,7.0,6.5,25,16.2,43.2,41.1,45.1,6.8,6.2,7.4,6488,7.4,6.4,8.5,7097,10.4,9.6,11.1,9939,2.6,2.5,2.8,2543,3
4466,1585,484,4659,1042,186,3419,11,1654,12.0,8.9,3.1,1.4,-4.3,-2.9,2902,7.2,32.2,37.3,23.3,12.4,14.5,13.5,2044,7.7,87.4,276.9,256.7,112.8,105.6,9.6,8.5,6,22.7,39.8,37.8,41.8,7.4,6.7,8.2,3351,7.8,6.7,9.0,3555,10.7,9.8,11.6,4846,3.1,2.8,3.3,1384,6
11210,6461,12069,460,987,98,4009,-64,3716,11.4,12.4,-1.0,0.4,0.2,0.6,11551,12.5,36.8,32.1,18.6,14.9,21.7,19.7,2870,4.6,89.2,292.7,248.6,93.7,83.7,8.3,7.1,38,25.1,49.1,47.0,51.0,9.0,8.2,9.9,9400,10.5,9.0,12.1,11001,13.9,12.8,14.9,14498,3.4,3.2,3.7,3597,4
5620,2652,2246,235,670,33,1224,1411,649,10.4,8.2,2.2,0.0,16.5,16.5,3130,6.2,32.8,30.6,30.3,5.6,6.6,5.9,1206,3.0,132.5,230.8,212.0,80.3,74.4,6.5,6.1,24,21.3,44.6,42.2,46.9,6.6,6.0,7.3,3870,8.0,6.7,9.3,4696,11.1,10.1,12.1,6485,2.7,2.5,2.9,1587,2
3014,1660,242,2786,179,12,1161,296,458,12.2,11.1,1.2,0.8,6.7,7.5,1697,7.4,32.0,36.2,24.5,11.1,15.8,14.3,661,3.6,84.6,302.7,265.0,104.9,96.0,7.4,6.6,8,27.3,41.1,39.1,43.1,8.0,7.1,8.8,2070,6.7,5.6,7.7,1733,10.5,9.6,11.4,2734,3.3,3.1,3.6,857,6
4784,2818,1881,234,859,32,1027,-234,5876,7.9,8.6,-0.6,1.1,-4.1,-3.0,4403,10.3,32.9,31.4,25.4,12.5,14.1,12.4,1333,4.3,90.2,375.1,304.1,112.9,94.8,10.2,7.4,0,23.1,42.5,40.3,44.5,7.3,6.6,8.1,3802,8.6,7.2,10.0,4461,10.7,9.7,11.7,5576,3.0,2.7,3.2,1542,2
8240,4546,1626,11305,1454,114,4270,1508,2571,12.9,8.3,4.7,0.8,8.1,8.9,4623,6.2,28.6,34.5,30.7,13.3,19.2,17.8,1720,3.1,103.0,240.4,219.1,92.8,84.8,9.2,8.6,38,22.4,40.9,38.9,42.8,7.4,6.7,8.2,6372,6.0,5.1,7.1,5206,10.3,9.4,11.2,8907,3.0,2.8,3.2,2586,4
87,51,22,6,2,2,7,28,0,10.9,5.8,5.1,6.6,8.0,14.6,253,28.9,20.9,27.1,23.2,9.7,13.3,13.0,17,2.0,137.4,224.8,199.9,72.9,66.5,6.2,5.4,0,22.8,47.9,45.7,49.9,8.2,7.4,9.0,84,7.8,6.6,9.0,80,13.0,12.1,14.0,134,3.3,3.1,3.5,34,5
1097,769,57,48,70,2,141,112,184,10.8,9.1,1.7,0.3,8.2,8.4,517,6.5,32.6,39.0,21.9,8.4,10.0,8.6,166,2.6,86.7,302.7,265.0,104.9,96.0,7.4,6.6,0,30.6,39.0,36.5,41.3,7.9,7.1,8.8,698,6.3,5.3,7.4,557,10.4,9.4,11.3,911,3.2,3.0,3.5,282,6
98348,68109,176407,7375,141953,1358,26476,679,20482,10.4,8.4,2.0,1.8,-3.3,-1.5,82341,8.8,23.0,23.0,45.2,5.8,7.6,7.1,25027,3.5,170.4,375.1,304.1,112.9,94.8,10.2,7.4,461,23.3,34.1,32.6,35.7,6.0,5.5,6.7,64227,5.7,4.8,6.8,61106,9.9,9.2,10.7,105891,2.7,2.5,2.9,28654,2
2059,1710,138,73,205,7,205,-61,1120,10.9,11.3,-0.5,0.3,-2.2,-1.9,1285,7.4,37.6,34.6,20.4,8.4,10.4,9.5,488,3.4,86.2,302.7,265.0,104.9,96.0,7.4,6.6,0,27.2,43.7,41.5,45.8,7.2,6.5,8.0,1418,6.1,5.1,7.1,1193,10.4,9.5,11.3,2035,3.0,2.8,3.3,591,5
4178,1763,3622,195,923,38,1536,405,1051,9.7,9.3,0.4,-0.1,6.9,6.8,4128,10.7,32.1,26.3,30.8,9.7,11.2,10.1,983,3.3,170.4,263.4,231.6,100.1,89.4,10.5,9.2,5,21.4,46.5,44.2,48.7,8.2,7.3,9.0,3603,9.8,8.2,11.4,4327,12.6,11.5,13.6,5554,2.9,2.7,3.1,1284,2
26688,17411,19992,1955,4436,276,5989,22,11904,9.9,12.6,-2.7,3.3,-0.5,2.8,24176,10.7,38.9,27.3,23.2,14.3,23.2,20.8,8529,5.4,87.8,320.5,273.3,100.8,88.2,8.7,7.2,71,25.9,45.4,43.2,47.4,8.0,7.2,8.8,20299,8.3,7.1,9.6,21238,11.9,11.0,12.9,30404,3.3,3.0,3.5,8303,3
71206,46075,20381,1362,7604,264,6545,7029,5942,6.7,14.0,-7.3,3.2,20.7,23.9,23543,7.2,29.1,29.1,34.7,10.3,16.7,15.7,6331,3.4,111.2,265.2,240.7,86.8,80.1,6.9,6.0,118,43.0,41.9,39.6,44.2,10.7,9.5,12.0,39011,10.1,8.4,12.2,37132,13.1,11.9,14.4,48127,4.0,3.7,4.4,14590,3
1500,872,4838,62,113,33,201,-11,257,8.4,13.8,-5.3,-0.4,5.0,4.6,1682,16.0,34.3,30.0,19.8,17.2,30.2,28.2,247,4.4,79.0,255.0,223.5,86.2,78.1,7.1,6.2,4,31.0,52.2,50.1,54.0,10.5,9.6,11.3,1171,10.7,9.3,12.2,1195,16.8,15.7,17.9,1884,4.3,4.1,4.6,486,6
23458,12377,73229,2838,10752,567,10682,2276,17839,12.4,11.0,1.4,1.1,4.8,5.8,19107,9.2,27.3,37.1,26.4,14.7,24.4,22.1,5147,3.5,91.4,265.2,240.7,86.8,80.1,6.9,6.0,120,22.0,45.5,43.8,47.2,7.5,6.9,8.2,18848,8.4,7.4,9.6,21083,11.8,11.0,12.6,29564,3.1,2.9,3.3,7791,3
345,308,29,516,20,2,182,-92,132,13.8,8.0,5.9,0.0,-23.7,-23.7,443,12.5,30.7,32.1,24.8,15.8,22.4,17.7,69,2.7,87.2,240.4,219.1,92.8,84.8,9.2,8.6,0,25.6,45.8,43.4,48.1,8.8,7.9,9.8,339,7.2,5.9,8.4,278,11.6,10.6,12.8,450,3.5,3.2,3.8,134,6
500,430,44,175,6,1,66,-22,405,12.6,10.5,2.2,0.9,-6.5,-5.5,403,9.0,36.5,32.3,22.2,12.6,16.7,15.6,113,3.5,88.7,240.4,219.1,92.8,84.8,9.2,8.6,0,27.1,43.1,40.5,45.4,8.0,7.1,9.0,401,6.4,5.3,7.5,319,10.3,9.3,11.2,514,3.1,2.9,3.4,157,6
923,635,57,273,78,9,237,-139,431,11.8,12.2,-0.3,0.0,-11.7,-11.7,612,7.4,29.7,40.5,22.5,12.5,16.2,15.6,188,3.1,91.5,247.1,236.2,91.5,88.0,9.8,9.4,4,25.5,36.7,34.4,38.7,7.4,6.6,8.1,672,6.9,5.9,8.0,633,10.4,9.5,11.3,950,3.1,2.8,3.3,278,6
7858,4451,29098,804,2431,184,3146,127,2545,13.4,8.7,4.7,-0.1,-3.6,-3.7,8850,10.7,29.5,34.2,25.6,14.4,20.2,18.2,2464,4.3,118.2,260.3,231.8,84.1,75.8,9.1,7.8,0,18.8,48.2,46.3,50.0,7.3,6.8,8.0,7002,8.2,7.2,9.3,7858,11.7,11.0,12.4,11175,3.0,2.9,3.2,2908,3
3795,1661,2753,1597,2287,382,2479,2230,2901,17.4,4.7,12.7,1.7,9.5,11.2,13130,25.2,26.0,31.5,17.3,13.4,16.7,15.8,2515,6.1,81.7,278.8,246.3,100.6,91.7,6.9,6.1,0,12.4,39.1,37.5,40.7,5.8,5.3,6.3,3699,5.9,5.1,6.6,3740,10.7,10.1,11.3,6810,2.8,2.7,3.0,1795,3
4165,2147,1872,379,511,24,675,343,1497,9.7,11.0,-1.2,0.4,8.4,8.8,5283,16.2,33.5,33.4,16.9,15.4,21.4,20.1,712,3.4,81.5,255.0,223.5,86.2,78.1,7.1,6.2,9,25.5,46.6,44.2,48.9,9.5,8.5,10.5,3449,10.5,8.8,12.1,3815,13.3,12.2,14.4,4838,3.6,3.3,3.9,1308,5
1447,1207,181,663,127,17,391,-58,771,11.6,9.3,2.3,-0.4,-4.8,-5.2,1116,8.3,30.6,37.2,23.9,12.0,13.7,12.9,290,2.6,90.7,240.4,219.1,92.8,84.8,9.2,8.6,8,24.8,40.3,38.0,42.7,7.6,6.8,8.4,1153,6.0,5.1,7.1,921,10.0,9.1,10.9,1529,3.0,2.8,3.3,464,5
443,209,43,33,28,2,37,3,16,14.3,9.9,4.4,6.3,-10.3,-4.0,812,25.8,37.6,24.3,12.3,25.2,38.6,35.9,107,5.7,59.7,224.8,199.9,72.9,66.5,6.2,5.4,0,26.1,54.2,51.8,56.5,9.6,8.7,10.5,350,7.3,6.3,8.3,264,19.9,18.6,21.3,725,4.6,4.2,4.9,166,6
4483,2514,223,1742,153,60,1143,-53,1017,10.0,10.6,-0.6,0.2,-0.7,-0.5,2095,6.4,30.2,40.6,22.7,11.8,16.2,15.1,1175,5.4,75.6,302.7,265.0,104.9,96.0,7.4,6.6,9,30.2,45.7,43.5,47.6,8.3,7.4,9.1,2954,7.0,5.9,8.1,2484,11.8,10.7,12.8,4201,3.4,3.2,3.7,1212,6
13901,7588,21641,1535,4223,298,6206,1241,3841,12.2,10.8,1.4,2.3,3.0,5.3,12371,9.7,31.4,36.1,22.8,13.4,20.5,20.2,3548,4.0,93.4,265.2,240.7,86.8,80.1,6.9,6.0,77,22.3,46.4,44.5,48.1,8.3,7.6,9.1,12102,9.7,8.4,11.1,14119,12.2,11.3,13.0,17749,3.2,3.0,3.4,4663,4
3069,1416,170,7418,155,31,2168,6,586,11.9,10.9,0.9,0.0,-0.6,-0.6,1790,8.8,29.7,33.5,28.0,18.2,26.2,24.5,563,4.3,81.1,247.1,236.2,91.5,88.0,9.8,9.4,0,28.4,41.9,40.0,43.7,9.1,8.2,10.0,2105,8.6,7.5,10.1,2003,13.3,12.3,14.4,3089,3.9,3.6,4.1,893,6
870,465,6371,57,45,1,157,-143,2598,8.3,12.0,-3.7,0.4,-9.6,-9.1,2076,24.1,41.5,21.8,12.6,22.9,29.6,28.7,187,4.9,59.3,263.2,231.8,90.3,81.7,7.3,6.3,0,22.3,50.6,48.9,52.5,8.6,8.0,9.3,821,9.4,8.3,10.4,890,15.7,14.8,16.6,1493,3.9,3.6,4.1,368,2
3098,1732,779,160,196,15,622,-59,736,11.3,10.7,0.7,1.2,-3.4,-2.2,2072,8.0,44.0,31.3,16.7,9.1,14.0,12.2,801,4.4,101.0,292.7,248.6,93.7,83.7,8.3,7.1,8,23.7,52.5,50.3,54.4,8.1,7.4,8.9,2390,9.2,8.0,10.5,2699,12.3,11.4,13.2,3618,3.0,2.8,3.3,894,5
1488,915,181,278,377,61,612,-48,789,11.3,7.5,3.9,3.1,-9.0,-5.9,2946,18.9,21.2,28.3,31.6,10.9,14.7,13.4,485,3.3,105.4,303.4,271.5,109.4,101.0,9.2,8.3,0,21.2,38.9,36.7,41.1,7.0,6.2,7.8,1249,7.4,6.1,8.7,1322,11.0,10.1,12.0,1961,3.1,2.8,3.3,543,5
1199,656,1159,811,785,98,464,15,244,17.6,7.2,10.4,1.8,-11.5,-9.7,3156,25.4,36.4,25.6,12.5,12.4,18.0,16.9,373,3.5,93.0,239.2,214.5,88.2,80.3,6.8,6.2,0,18.2,47.3,45.9,48.6,6.9,6.3,7.5,993,7.2,6.3,8.1,1033,12.4,11.7,13.1,1776,3.1,2.9,3.3,445,4
6961,2906,4792,387,626,44,1308,1405,706,9.6,10.6,-1.0,0.1,17.8,17.9,8357,14.4,31.1,33.1,21.4,10.3,14.6,13.5,1454,3.4,116.8,255.0,223.5,86.2,78.1,7.1,6.2,10,23.2,42.0,39.7,44.2,8.2,7.4,9.1,5441,9.1,7.7,10.7,6046,12.0,11.1,13.1,7964,3.2,3.0,3.5,2136,2
18316,7510,5274,1763,17786,326,9262,7108,630,10.4,4.1,6.3,1.2,13.4,14.6,4347,2.0,12.2,27.9,57.9,2.6,2.5,2.1,5472,2.9,167.7,285.7,262.5,95.4,88.9,7.8,7.1,54,15.6,26.4,24.6,28.1,4.1,3.7,4.6,10518,3.8,3.1,4.6,9634,6.1,5.5,6.7,15574,2.1,2.0,2.3,5346,2
1218,566,72,80,18,4,175,81,177,8.9,13.6,-4.7,0.0,11.5,11.5,1846,21.5,46.8,22.6,9.0,19.8,29.6,27.0,217,4.7,71.7,253.1,225.8,85.1,77.8,8.1,7.4,0,29.4,52.9,50.6,55.1,11.5,10.4,12.7,1106,13.9,12.2,16.0,1344,16.0,14.9,17.2,1545,4.0,3.7,4.4,385,5
444,372,14,33,11,5,57,-75,85,12.3,14.3,-2.0,2.3,-19.3,-17.0,450,15.0,34.2,28.7,22.1,11.4,14.5,13.0,61,3.0,89.3,237.6,217.1,87.0,79.6,10.5,9.7,0,34.8,48.6,45.8,51.2,10.0,8.8,11.2,312,8.1,6.7,9.6,253,13.0,11.7,14.2,405,3.7,3.3,4.1,114,6
1258,882,96,53,59,7,143,-260,391,10.3,14.4,-4.1,0.1,-14.9,-14.8,865,8.7,38.4,37.8,15.2,12.3,19.3,18.4,288,4.3,76.1,284.4,240.5,99.6,87.2,7.0,5.8,0,27.5,50.4,48.0,52.8,9.1,8.2,10.0,973,10.2,8.8,11.7,1084,12.3,11.3,13.3,1317,3.6,3.3,3.8,379,6
757,430,74,83,78,1,148,5,130,10.9,9.7,1.2,-0.1,-0.5,-0.6,394,6.7,33.4,37.0,22.9,10.7,14.8,12.1,194,4.8,100.4,227.6,206.5,88.0,80.5,6.8,6.3,0,26.8,45.2,42.8,47.7,8.1,7.2,8.9,520,8.1,6.8,9.4,519,12.2,11.2,13.3,788,3.2,2.9,3.4,205,6
1095,913,174,454,99,8,297,-38,973,12.3,8.4,3.9,-0.1,-6.2,-6.2,993,9.4,27.5,41.5,21.6,11.6,11.1,9.7,230,2.6,93.8,237.6,217.1,87.0,79.6,10.5,9.7,0,23.7,42.7,40.5,44.9,7.3,6.5,8.0,924,6.4,5.4,7.5,813,10.3,9.4,11.2,1308,2.9,2.7,3.1,365,5
2882,1412,3812,217,139,24,706,101,2347,10.2,11.2,-1.0,0.1,4.0,4.1,3495,14.6,39.6,31.1,14.7,18.7,29.7,29.7,527,3.8,100.2,207.6,188.2,79.9,75.0,7.0,6.5,6,25.1,45.4,43.3,47.3,9.6,8.7,10.4,2562,10.2,8.8,11.6,2728,13.6,12.6,14.5,3642,3.5,3.3,3.8,937,5
3895,2344,2798,296,358,10,837,364,365,9.4,9.1,0.3,0.2,8.2,8.3,3979,13.3,31.4,32.4,22.9,10.8,15.5,13.5,700,3.4,112.8,255.0,223.5,86.2,78.1,7.1,6.2,0,26.5,42.2,39.9,44.5,8.7,7.8,9.7,2949,9.1,7.7,10.6,3076,12.3,11.3,13.4,4159,3.4,3.1,3.7,1142,3
77591,48450,624800,41726,64447,5940,52612,-7593,44498,14.2,7.8,6.3,8.9,-20.5,-11.7,258956,28.0,27.6,24.5,19.8,27.3,37.6,36.5,34319,5.7,57.0,375.1,304.1,112.9,94.8,10.2,7.4,270,16.7,43.7,42.2,45.0,7.3,6.8,7.7,78363,7.5,6.7,8.2,80509,16.2,15.4,16.9,174126,4.0,3.8,4.3,43628,1
1132,691,64,82,26,2,183,10,207,12.2,16.2,-3.9,-0.3,5.3,5.0,1105,15.9,42.5,28.2,13.4,18.2,29.6,29.7,165,4.4,68.0,273.1,236.3,86.6,79.0,7.0,6.3,0,34.9,54.8,52.2,57.1,11.5,10.4,12.7,862,12.5,10.7,14.3,940,15.1,13.9,16.3,1136,4.1,3.8,4.5,307,6
1778,858,3972,125,201,9,515,125,2724,11.3,9.3,2.1,0.2,2.2,2.4,2886,15.5,42.8,28.4,13.4,15.4,21.7,20.9,402,3.4,95.3,265.2,240.7,86.8,80.1,6.9,6.0,0,19.5,49.1,47.2,51.0,7.9,7.3,8.6,1712,9.8,8.6,11.1,2127,11.7,10.9,12.5,2533,3.1,2.9,3.3,667,2
3138,2029,1611,134,256,10,748,-201,759,12.8,11.0,1.8,0.6,-7.8,-7.2,2956,11.2,35.2,38.6,15.0,19.5,30.2,28.5,879,4.9,70.8,284.4,240.5,99.6,87.2,7.0,5.8,9,25.4,48.4,45.9,50.6,9.0,8.2,9.9,2600,10.3,8.8,11.8,2976,12.4,11.4,13.4,3586,3.6,3.3,3.9,1029,5
8337,3992,4910,7435,4633,160,6788,4394,2482,12.6,7.4,5.2,0.3,25.3,25.6,6955,7.7,29.5,36.0,26.8,7.3,8.8,8.4,2003,2.8,136.7,206.7,189.1,73.9,68.5,6.2,5.8,8,17.7,40.5,38.5,42.3,6.5,6.0,7.1,6953,6.9,5.9,7.9,7404,10.0,9.2,10.7,10661,2.6,2.4,2.8,2758,2
1316,737,1636,84,131,5,347,141,1094,10.5,8.8,1.6,0.8,5.9,6.7,1512,13.7,40.7,29.2,16.4,15.9,22.0,20.4,318,3.8,90.7,253.1,225.8,85.1,77.8,8.1,7.4,0,22.3,50.2,47.9,52.3,8.5,7.7,9.3,1138,10.2,8.9,11.6,1378,12.8,11.9,13.7,1721,3.2,3.0,3.4,435,4
6724,3544,855,1518,1373,160,2597,2162,1242,16.4,7.3,9.1,0.5,9.0,9.6,5624,8.3,26.1,35.5,30.1,10.6,13.2,11.9,1326,2.4,108.9,192.6,181.6,73.9,68.9,5.8,5.5,35,18.1,40.1,37.9,42.0,6.2,5.5,6.8,4982,6.1,5.2,7.1,4974,10.3,9.5,11.2,8372,2.7,2.6,2.9,2221,4
1467,695,143,2267,78,13,988,-61,194,11.4,11.9,-0.5,0.5,-3.7,-3.2,1312,11.7,43.7,28.5,16.1,14.7,19.5,18.3,306,4.1,90.4,206.7,189.1,73.9,68.5,6.2,5.8,0,25.5,51.3,49.3,53.2,10.0,9.3,10.8,1257,10.5,9.3,11.8,1315,14.4,13.5,15.4,1807,3.7,3.4,3.9,457,3
16396,8535,5528,5137,11131,1954,7123,6104,2146,13.7,6.6,7.0,1.8,13.8,15.6,20120,11.9,29.1,26.5,32.4,8.6,12.1,11.0,3872,2.9,146.5,207.6,188.2,79.9,75.0,7.0,6.5,30,17.7,41.9,40.2,43.8,7.0,6.4,7.7,14170,7.0,5.9,8.1,13975,10.3,9.6,11.2,20795,2.6,2.4,2.8,5240,3
6747,3025,17264,381,1511,105,1582,2097,761,12.2,9.2,3.1,0.6,18.9,19.6,7618,12.7,37.8,29.6,19.9,11.9,17.9,17.0,1608,3.6,111.6,228.7,202.9,79.1,71.9,7.0,6.1,7,20.1,44.1,42.2,46.1,7.2,6.5,7.8,5052,8.3,7.2,9.5,5846,12.4,11.6,13.3,8739,3.1,2.9,3.3,2193,2
51609,32918,21123,6766,231957,11600,36091,737,8815,11.4,6.9,4.5,6.0,-9.5,-3.5,59339,10.8,15.0,24.2,49.9,6.8,7.0,6.4,10007,2.2,163.4,279.6,243.8,96.2,87.1,7.2,6.2,131,21.2,32.8,31.4,34.1,5.0,4.6,5.5,30855,4.3,3.7,5.0,26186,9.5,8.9,10.1,58053,2.5,2.4,2.7,15505,2
17559,8882,14555,736,20550,161,6785,7004,1868,11.6,5.5,6.1,1.7,13.7,15.3,7379,3.6,15.3,23.3,57.8,4.2,4.5,3.9,4879,2.7,182.6,230.8,212.0,80.3,74.4,6.5,6.1,10,15.9,36.1,34.1,38.2,5.1,4.6,5.7,12292,5.5,4.6,6.7,13373,9.0,8.3,9.9,21750,2.2,2.1,2.4,5371,2
352,160,172,92,73,11,98,195,86,7.9,4.5,3.4,14.1,23.8,37.9,1263,46.1,30.7,16.3,6.9,17.8,25.0,25.7,79,4.7,70.4,224.8,199.9,72.9,66.5,6.2,5.4,0,22.2,55.5,53.2,57.6,9.1,8.4,9.8,343,8.2,7.3,9.0,309,17.3,16.3,18.2,652,4.1,3.8,4.4,154,3
4169,2281,12022,579,1039,38,1214,112,5035,12.0,8.9,3.1,1.4,-2.8,-1.4,6274,16.7,29.2,29.6,24.5,21.6,25.5,26.0,1124,3.9,74.8,224.8,199.9,72.9,66.5,6.2,5.4,27,18.3,47.7,46.0,49.3,7.7,7.1,8.3,3880,8.2,7.2,9.2,4121,12.9,12.2,13.6,6505,3.2,3.1,3.4,1636,5
837,604,6121,353,18,0,91,-92,1200,9.1,10.9,-1.8,0.0,-7.2,-7.2,1140,16.7,37.5,34.8,11.0,27.5,39.4,35.0,256,7.4,74.7,191.3,174.8,65.9,61.2,7.1,6.7,0,23.5,59.1,57.1,60.8,10.6,10.0,11.4,872,11.2,10.2,12.4,923,19.2,18.2,20.1,1573,4.6,4.3,4.9,379,5
163,69,19,18,4,0,27,11,0,9.9,5.3,4.6,0.0,2.6,2.6,73,7.2,35.9,39.9,16.9,8.1,10.2,9.3,24,3.1,93.6,224.8,199.9,72.9,66.5,6.2,5.4,0,26.5,47.4,45.8,49.0,8.7,8.0,9.4,103,7.9,6.9,9.0,94,13.7,12.8,14.5,162,3.4,3.2,3.6,41,4
1672,678,99,100,44,18,246,281,152,10.2,11.1,-0.9,0.3,14.9,15.2,3236,23.8,46.0,21.7,8.5,19.8,27.5,25.9,304,4.1,77.0,253.1,225.8,85.1,77.8,8.1,7.4,0,23.9,52.8,50.2,55.0,10.7,9.7,11.8,1655,13.9,11.9,15.8,2140,15.5,14.2,16.7,2385,3.8,3.5,4.1,584,3
556,285,5030,22,18,3,94,-185,115,11.9,14.6,-2.7,0.6,-24.1,-23.5,1447,29.4,30.2,29.1,11.4,37.6,55.0,51.0,184,7.6,62.1,191.3,174.8,65.9,61.2,7.1,6.7,0,23.2,62.9,60.9,64.6,11.4,10.6,12.3,622,13.1,11.7,14.5,712,22.4,21.2,23.7,1221,5.2,4.9,5.6,285,6
1472,748,5768,71,76,6,333,-28,2214,6.6,10.1,-3.5,0.2,1.7,1.9,2768,22.1,43.8,22.8,11.3,20.2,24.9,22.5,280,4.4,63.2,263.2,231.8,90.3,81.7,7.3,6.3,0,23.6,51.1,49.4,52.8,9.2,8.5,9.9,1287,10.1,8.9,11.2,1411,15.2,14.3,16.0,2121,3.8,3.6,4.1,537,4
812,698,55,38,42,18,124,14,169,14.3,9.8,4.5,0.0,-3.3,-3.3,719,9.4,36.5,32.7,21.4,6.9,9.5,9.2,107,1.5,114.9,218.2,193.1,84.8,77.9,6.9,6.5,0,23.1,43.8,41.4,46.1,7.1,6.4,7.9,605,6.7,5.7,7.9,570,10.0,9.1,10.9,843,2.9,2.7,3.1,244,6
51600,29844,57839,29536,109851,2739,31752,7858,16963,15.0,7.3,7.6,1.3,-1.0,0.3,147389,24.7,22.9,31.7,20.7,21.3,30.2,29.3,33427,7.5,69.5,279.6,243.8,96.2,87.1,7.2,6.2,164,16.2,41.0,39.6,42.4,6.7,6.2,7.2,47503,6.6,5.9,7.4,47342,12.0,11.4,12.7,85769,3.3,3.2,3.5,23776,3
1363,563,3718,102,84,9,251,93,1914,11.1,9.6,1.5,0.9,2.7,3.5,2351,19.7,34.1,31.7,14.5,20.1,27.9,25.1,369,5.4,99.7,191.3,174.8,65.9,61.2,7.1,6.7,0,21.4,50.3,48.3,52.1,8.3,7.6,9.1,1225,9.7,8.5,11.0,1429,13.1,12.2,14.0,1939,3.3,3.1,3.5,481,6
2424,1409,475,269,187,15,634,267,645,10.3,8.9,1.4,0.1,6.5,6.6,955,4.3,32.2,35.9,27.7,7.9,9.7,9.0,629,3.6,123.4,227.6,206.5,88.0,80.5,6.8,6.3,0,22.9,39.8,37.6,41.9,7.0,6.3,7.7,1768,6.9,5.9,8.0,1753,10.2,9.4,11.1,2602,2.8,2.6,3.0,703,2
597,488,46,149,30,1,237,-31,148,11.9,11.9,0.0,5.7,-10.3,-4.6,583,11.4,32.8,35.4,20.4,10.3,11.2,10.0,133,3.9,90.1,237.6,217.1,87.0,79.6,10.5,9.7,0,30.3,47.5,45.1,49.9,8.7,7.8,9.8,480,7.5,6.3,8.8,411,12.2,11.1,13.4,671,3.3,3.0,3.6,182,6
1656,774,63,192,76,8,363,298,108,9.1,9.5,-0.4,2.3,16.0,18.3,563,4.6,31.6,31.4,32.4,10.5,13.4,11.5,338,3.8,110.5,247.1,236.2,91.5,88.0,9.8,9.4,4,28.6,33.5,31.1,35.7,7.5,6.7,8.3,1030,6.8,5.6,8.1,935,10.2,9.2,11.3,1409,3.1,2.9,3.4,427,6
879,587,5669,49,78,4,119,-201,764,11.5,14.7,-3.2,0.4,-16.2,-15.8,1451,19.3,39.2,26.7,14.7,31.4,44.1,40.9,230,6.9,67.5,207.6,188.2,79.9,75.0,7.0,6.5,0,25.8,54.3,52.4,56.0,11.5,10.7,12.3,934,11.6,10.4,12.8,941,19.1,18.0,20.0,1546,4.7,4.4,5.0,385,6
2765,1992,1497,99,361,5,565,-354,2315,10.6,10.4,0.2,1.1,-11.3,-10.2,2722,10.7,43.1,30.5,15.7,12.6,16.3,14.9,734,4.4,91.2,284.4,240.5,99.6,87.2,7.0,5.8,5,24.6,47.3,44.9,49.5,8.1,7.3,8.9,2271,9.3,7.9,10.7,2611,11.4,10.4,12.3,3194,3.2,3.0,3.5,908,5
8056,4656,2804,1076,1231,75,1612,-515,10616,9.5,10.0,-0.5,0.9,-5.2,-4.3,8100,11.3,36.9,28.2,23.6,15.1,20.0,18.2,2448,5.6,73.0,375.1,304.1,112.9,94.8,10.2,7.4,20,22.0,48.5,46.5,50.5,7.7,7.0,8.5,6619,9.5,8.1,11.0,8179,11.2,10.3,12.1,9616,3.1,2.9,3.4,2684,5
1723,785,4770,98,53,26,242,-155,2151,11.1,11.4,-0.3,0.4,-7.0,-6.6,2650,16.8,47.3,24.4,11.5,21.8,27.8,26.3,344,4.0,92.3,217.1,196.7,77.2,71.2,7.6,6.9,0,21.1,51.6,49.6,53.4,8.6,7.9,9.3,1533,10.0,8.8,11.3,1789,14.1,13.2,14.9,2511,3.3,3.1,3.6,595,2
236,87,16,259,26,0,202,-44,0,6.4,4.0,2.4,0.8,-20.4,-19.6,57,3.0,30.0,29.5,37.4,10.5,16.4,14.2,104,9.5,78.7,276.9,256.7,112.8,105.6,9.6,8.5,0,28.7,38.3,35.9,40.7,7.5,6.7,8.2,153,7.4,6.2,8.5,151,10.9,9.8,11.9,223,3.2,2.9,3.4,65,6
512,282,191,817,154,10,211,60,52,10.5,21.6,-11.2,1.3,23.2,24.5,432,12.9,36.7,36.0,14.4,21.1,27.0,24.8,106,5.5,75.7,213.5,185.8,72.3,65.0,5.6,5.0,0,30.0,55.0,53.2,56.6,11.2,10.4,12.1,407,11.9,10.6,13.2,432,16.1,15.1,17.0,583,4.4,4.1,4.7,159,6
823,445,3322,42,42,3,96,-52,1645,11.1,11.7,-0.6,-0.3,-4.3,-4.6,1531,22.8,44.0,22.8,10.4,30.0,32.9,31.3,164,4.0,59.4,228.7,202.9,79.1,71.9,7.0,6.1,0,23.8,54.8,53.1,56.5,9.6,8.9,10.4,759,10.8,9.6,12.1,853,16.5,15.6,17.5,1302,4.0,3.7,4.3,313,5
703,417,7168,85,19,76,129,-38,1661,11.3,11.8,-0.5,-0.2,-3.0,-3.2,1760,24.8,39.7,22.3,13.3,42.5,68.3,66.5,224,4.7,58.7,217.1,196.7,77.2,71.2,7.6,6.9,0,22.6,60.7,58.6,62.6,10.0,9.3,10.8,804,10.9,9.6,12.1,873,20.6,19.4,21.9,1651,4.5,4.2,4.8,360,6
3328,1549,228,263,95,11,484,160,391,10.4,13.2,-2.8,0.2,7.9,8.1,3417,15.3,38.2,34.4,12.1,20.6,32.4,30.4,721,6.1,69.6,287.0,249.7,97.8,87.6,7.9,6.7,0,31.2,54.2,51.8,56.6,11.7,10.6,12.9,2891,13.3,11.4,15.4,3271,14.9,13.7,16.1,3668,4.1,3.8,4.5,1018,6
406,243,66,214,39,0,131,-182,79,15.1,5.1,10.0,-0.7,-33.8,-34.5,1201,26.5,27.9,30.2,15.4,10.9,17.0,16.0,95,2.8,106.0,227.6,206.5,88.0,80.5,6.8,6.3,0,16.9,48.4,46.6,50.2,7.0,6.4,7.6,354,7.3,6.3,8.3,370,12.9,12.1,13.7,654,3.1,2.9,3.3,156,6
16817,8649,2165,5702,5545,399,8067,501,2834,11.1,11.9,-0.8,1.0,2.7,3.7,11606,9.2,24.8,43.8,22.2,15.2,18.2,16.6,3669,4.9,71.6,279.6,243.8,96.2,87.1,7.2,6.2,81,26.8,36.8,34.9,38.7,7.7,7.0,8.5,10904,8.1,6.9,9.5,11516,11.2,10.3,12.1,15832,3.4,3.2,3.7,4876,4
5554,3248,7151,250,653,37,1490,-51,1190,12.2,12.9,-0.7,0.2,-0.2,0.0,4695,10.2,30.1,35.1,24.6,14.7,21.7,20.3,1642,5.6,97.5,230.9,214.6,77.3,72.9,8.3,7.6,58,25.5,51.6,49.3,53.6,9.7,8.8,10.6,4915,11.0,9.5,12.6,5592,15.3,14.1,16.4,7741,3.5,3.3,3.8,1774,5
22781,11291,20171,11654,22372,1108,16245,7440,4461,13.6,6.0,7.5,1.8,5.3,7.1,54079,17.0,28.4,31.0,23.6,9.2,12.6,12.1,9369,3.5,97.6,285.7,262.5,95.4,88.9,7.8,7.1,168,14.3,36.9,35.3,38.4,5.0,4.6,5.4,18745,5.3,4.6,6.1,19988,8.2,7.7,8.7,30901,2.6,2.4,2.7,9703,2
182,122,40,1730,5,1,169,6,42,23.6,10.3,13.3,2.7,-14.5,-11.8,324,17.3,33.3,28.8,20.5,32.7,41.6,38.1,63,4.9,59.8,240.4,219.1,92.8,84.8,9.2,8.6,0,20.2,50.3,48.5,51.9,11.6,10.7,12.4,256,10.7,9.5,11.8,236,16.9,15.9,17.8,373,4.8,4.5,5.1,105,6
3597,1707,16133,377,504,15,777,-500,701,13.0,9.8,3.2,0.5,-13.0,-12.5,6852,19.1,42.0,24.4,14.4,19.3,27.5,26.6,1173,5.2,96.3,260.3,231.8,84.1,75.8,9.1,7.8,0,19.4,52.6,50.9,54.3,8.6,8.0,9.3,3501,10.2,9.1,11.6,4156,13.9,13.1,14.7,5656,3.5,3.3,3.7,1419,3
6882,3510,8000,1145,1613,173,2126,2566,2521,12.6,10.4,2.2,1.1,23.5,24.6,9138,15.0,34.9,30.8,19.3,13.6,20.1,20.0,1605,3.8,88.0,224.8,199.9,72.9,66.5,6.2,5.4,23,21.4,50.1,48.2,52.0,8.3,7.6,9.1,6117,8.6,7.4,9.9,6327,12.9,12.0,13.7,9447,3.3,3.1,3.5,2413,2
3488,2013,219,306,304,26,772,-8,608,11.5,12.6,-1.1,0.4,0.6,0.9,3473,12.7,39.6,31.2,16.5,21.3,30.6,28.6,580,3.6,67.6,273.1,236.3,86.6,79.0,7.0,6.3,12,24.6,49.7,47.3,52.0,9.8,8.9,10.8,2994,11.8,10.1,13.4,3591,14.0,12.8,15.1,4266,3.7,3.4,4.0,1126,5
166,165,10,51,5,0,41,8,41,8.6,9.2,-0.6,2.9,2.3,5.2,63,4.7,38.2,35.2,21.9,10.1,10.1,9.0,19,2.2,80.8,247.1,236.2,91.5,88.0,9.8,9.4,0,29.6,39.0,36.7,41.5,8.8,7.8,9.8,120,7.4,6.2,8.7,102,11.3,10.3,12.4,155,3.5,3.2,3.8,48,6
14084,6964,74080,1169,8560,333,8804,2307,4307,11.7,7.9,3.9,1.4,4.3,5.8,12452,7.8,25.0,34.7,32.5,8.5,11.9,10.7,3685,3.0,108.6,263.2,231.8,90.3,81.7,7.3,6.3,28,17.8,42.9,41.3,44.5,5.9,5.5,6.4,10944,6.3,5.6,7.1,11671,10.5,9.9,11.2,19382,2.8,2.6,2.9,5070,2
1203,684,2054,107,50,4,295,-137,194,10.3,13.4,-3.1,1.3,-7.8,-6.5,1858,18.9,41.9,26.2,13.0,19.4,25.4,23.5,271,3.9,84.8,253.1,225.8,85.1,77.8,8.1,7.4,0,23.8,56.7,54.6,58.5,10.1,9.3,11.1,1112,12.2,10.8,13.7,1340,16.1,15.1,17.1,1766,3.9,3.6,4.2,427,4
228,177,63,70,26,6,91,-21,39,11.9,8.9,3.0,2.7,-11.9,-9.2,406,17.8,33.3,29.4,19.5,12.0,17.5,16.4,45,2.7,94.6,224.8,199.9,72.9,66.5,6.2,5.4,0,20.9,48.3,46.4,50.4,8.8,8.0,9.7,219,8.5,7.3,9.8,211,13.3,12.4,14.3,332,3.4,3.2,3.7,86,6
973,702,171,124,97,7,173,-134,534,9.2,11.4,-2.2,-0.4,-10.1,-10.5,653,8.6,28.2,36.0,27.2,12.3,12.7,10.7,142,2.7,84.3,237.6,217.1,87.0,79.6,10.5,9.7,0,28.4,43.7,41.3,45.9,8.1,7.3,9.1,686,7.0,5.8,8.1,586,11.1,10.1,12.1,937,3.2,2.9,3.5,268,6
788,373,247,34,42,6,172,90,177,10.2,11.4,-1.2,0.0,12.3,12.3,1336,23.2,46.1,20.1,10.6,16.7,25.2,23.1,178,5.5,85.3,253.1,225.8,85.1,77.8,8.1,7.4,0,25.8,49.1,46.7,51.5,10.4,9.5,11.4,672,12.8,11.1,14.6,829,14.9,13.8,16.0,964,3.7,3.4,4.0,241,6
4877,2687,1233,149,231,19,637,390,1044,7.6,11.5,-4.0,0.2,15.2,15.4,2900,11.4,27.0,30.1,31.5,12.8,22.6,21.3,538,3.8,95.3,255.0,223.5,86.2,78.1,7.1,6.2,4,37.0,48.0,45.3,50.7,10.6,9.4,12.0,3074,10.2,8.3,12.3,2959,13.9,12.4,15.3,4003,3.9,3.6,4.3,1140,5
5152,2586,1238,1603,1410,189,1766,806,2828,11.7,11.5,0.2,0.0,14.5,14.5,4939,12.7,27.5,37.5,22.3,11.3,16.9,15.3,1216,4.7,96.0,213.5,185.8,72.3,65.0,5.6,5.0,24,26.6,48.9,47.0,50.7,8.6,7.8,9.4,3796,9.1,7.9,10.5,4017,12.5,11.6,13.4,5513,3.5,3.3,3.7,1533,4
919,527,36,751,20,0,304,22,140,8.3,13.4,-5.1,0.0,7.8,7.8,602,9.9,44.3,30.0,15.8,13.2,22.0,19.9,242,7.1,79.2,287.0,249.7,97.8,87.6,7.9,6.7,0,35.1,52.9,50.4,55.3,11.7,10.7,12.8,785,12.9,11.2,14.6,862,15.2,14.0,16.4,1017,4.2,3.9,4.5,281,6
1536,923,367,59,69,10,281,-88,286,10.3,11.0,-0.7,0.1,-5.1,-5.0,1302,12.4,44.4,27.5,15.7,13.9,21.8,20.0,225,2.9,83.5,273.1,236.3,86.6,79.0,7.0,6.3,0,29.2,51.4,49.1,53.5,9.8,8.9,10.8,1141,11.0,9.5,12.6,1285,13.6,12.5,14.6,1590,3.6,3.3,3.9,420,6
571,264,34,23,12,0,85,-11,25,8.9,15.2,-6.3,0.0,4.3,4.3,451,12.0,40.7,37.4,9.9,20.5,31.9,26.7,140,5.8,66.6,284.4,240.5,99.6,87.2,7.0,5.8,0,29.2,51.7,49.8,53.4,10.1,9.2,11.0,404,11.6,10.1,13.1,463,13.7,12.7,14.6,547,3.9,3.6,4.2,155,6
1816,857,403,92,94,3,261,225,162,9.2,16.2,-7.0,0.0,21.1,21.1,2263,19.1,46.5,21.8,12.6,19.2,30.0,28.4,336,4.9,74.4,253.1,225.8,85.1,77.8,8.1,7.4,0,30.6,55.2,53.0,57.4,12.1,11.0,13.3,1562,14.5,12.6,16.5,1870,17.0,15.8,18.4,2205,4.3,3.9,4.6,551,6
767,463,57,66,29,4,188,36,214,10.7,9.8,0.9,0.2,3.0,3.2,604,9.8,43.2,28.7,18.3,14.4,19.6,17.7,138,3.1,87.5,273.1,236.3,86.6,79.0,7.0,6.3,0,26.4,49.4,46.8,51.8,9.4,8.5,10.4,653,10.9,9.4,12.5,756,13.1,12.0,14.2,907,3.5,3.2,3.8,243,2
1913,906,4994,143,51,20,285,-273,191,11.8,12.7,-0.8,-0.2,-12.4,-12.7,2465,17.7,39.9,29.2,13.2,19.6,28.8,28.7,420,5.5,87.3,207.6,188.2,79.9,75.0,7.0,6.5,6,24.5,54.9,53.0,56.7,10.8,10.0,11.6,1665,11.4,10.1,12.7,1755,16.4,15.4,17.3,2529,4.1,3.8,4.4,631,6
2164,1322,207,88,141,4,288,76,292,11.1,10.0,1.1,2.1,-0.1,2.0,2919,17.0,49.5,19.4,14.2,9.4,14.5,13.2,499,4.0,89.2,320.5,273.3,100.8,88.2,8.7,7.2,0,25.7,46.5,43.8,48.9,8.9,8.0,9.9,1711,9.9,8.4,11.6,1904,12.8,11.6,14.0,2463,3.4,3.1,3.7,652,6
237,130,30,4370,12,1,255,47,19,26.5,13.8,12.8,0.2,-5.1,-4.9,446,14.4,35.6,34.0,16.0,25.8,30.9,31.7,195,8.8,73.5,240.4,219.1,92.8,84.8,9.2,8.6,0,13.6,54.2,52.4,55.9,9.9,9.3,10.6,364,9.3,8.2,10.3,340,16.2,15.3,17.2,595,4.2,4.0,4.4,154,6
3778,1859,14174,213,132,10,694,-27,1581,13.2,13.5,-0.3,-0.2,0.1,-0.2,7126,22.7,42.8,22.8,11.7,24.6,36.7,38.0,968,5.7,76.7,260.3,231.8,84.1,75.8,9.1,7.8,13,24.7,58.6,56.8,60.3,10.5,9.7,11.3,3724,12.4,11.0,13.8,4381,17.4,16.4,18.3,6142,4.2,4.0,4.5,1486,5
546,223,358,124,35,3,162,63,53,12.6,10.5,2.1,0.0,10.0,10.0,513,14.4,33.9,30.4,21.3,17.2,26.0,25.8,84,3.4,73.2,224.8,199.9,72.9,66.5,6.2,5.4,0,28.9,50.9,48.7,53.2,10.1,9.2,11.1,417,10.1,8.6,11.6,415,14.8,13.7,15.9,608,3.8,3.6,4.1,158,6
42717,22163,10269,10951,22794,2025,19835,-3304,10921,9.5,8.8,0.8,1.0,-8.4,-7.4,42831,12.0,18.8,34.4,34.9,9.9,11.7,10.5,7187,2.7,107.6,279.6,243.8,96.2,87.1,7.2,6.2,82,24.8,34.4,32.7,36.1,6.2,5.6,6.9,25091,6.3,5.2,7.4,25187,10.1,9.3,10.9,40587,3.0,2.8,3.2,12111,3
2417,1162,207,206,87,48,355,-85,301,10.2,14.3,-4.1,0.1,0.5,0.6,3755,21.9,37.4,27.3,13.5,18.6,27.6,26.2,410,4.2,82.5,217.1,196.7,77.2,71.2,7.6,6.9,4,27.4,52.3,49.9,54.6,11.0,9.8,12.1,2062,12.4,10.5,14.3,2342,15.7,14.4,17.0,2947,3.9,3.6,4.2,731,6
23605,10055,84685,2091,12958,452,9940,5393,4559,11.1,7.1,4.0,1.7,9.9,11.6,18045,7.9,23.4,28.8,39.9,7.6,9.9,8.7,5379,2.9,111.2,263.2,231.8,90.3,81.7,7.3,6.3,106,19.6,42.9,41.2,44.6,6.0,5.5,6.6,15980,6.2,5.3,7.1,16538,11.2,10.4,11.9,29643,2.7,2.5,2.9,7207,2
5603,3372,1485,287,1492,15,1400,61,1521,11.8,9.5,2.3,1.7,-3.2,-1.4,3999,7.7,36.2,29.4,26.7,9.9,13.3,12.0,1410,3.4,109.7,292.7,248.6,93.7,83.7,8.3,7.1,34,22.3,46.5,44.2,48.6,7.5,6.8,8.2,4447,8.5,7.2,9.8,4994,11.3,10.3,12.2,6688,2.9,2.7,3.1,1699,5
1175,639,124,2150,35,5,718,62,110,10.6,13.8,-3.2,0.7,8.1,8.8,1296,16.5,41.1,27.4,15.0,19.7,30.0,29.1,233,5.2,71.3,206.7,189.1,73.9,68.5,6.2,5.8,0,28.5,52.1,50.2,54.0,11.7,10.8,12.7,1021,12.2,10.9,13.7,1060,16.0,15.0,17.1,1395,4.2,4.0,4.5,368,6
265,166,1100,13,12,0,42,15,0,8.1,5.8,2.3,0.0,3.1,3.1,405,22.5,44.8,21.0,11.7,22.7,34.4,33.9,63,6.3,65.1,228.7,202.9,79.1,71.9,7.0,6.1,0,25.5,54.8,53.1,56.6,11.3,10.5,12.2,238,12.0,10.8,13.6,253,19.9,18.8,21.0,418,4.8,4.5,5.1,101,6
4832,2351,1018,1622,1049,41,2067,489,540,11.1,10.3,0.8,1.2,5.8,7.0,6227,14.8,37.4,32.4,15.3,16.0,22.8,19.9,962,3.6,100.6,207.6,188.2,79.9,75.0,7.0,6.5,8,21.9,52.1,50.1,54.0,9.2,8.4,10.0,4384,9.8,8.6,11.2,4711,12.7,11.8,13.6,6089,3.3,3.1,3.5,1577,3
1216,841,923,791,235,3,630,-95,1925,13.1,11.5,1.6,0.2,-6.1,-5.9,1935,13.0,38.4,31.3,17.3,16.3,21.3,18.9,296,2.6,92.1,206.7,189.1,73.9,68.5,6.2,5.8,6,19.2,48.4,46.3,50.4,8.0,7.4,8.8,1318,8.5,7.4,9.7,1398,11.9,11.1,12.8,1954,3.0,2.8,3.3,499,5
3093,1490,134,159,109,8,284,100,289,10.4,15.0,-4.5,0.1,8.5,8.6,2490,13.3,39.6,33.3,13.8,15.6,26.8,25.8,560,5.6,78.8,287.0,249.7,97.8,87.6,7.9,6.7,0,33.7,49.8,47.2,52.1,11.6,10.5,12.8,2388,12.8,11.1,14.8,2632,14.7,13.5,15.9,3023,4.1,3.8,4.5,850,6
325,212,497,59,37,7,97,19,2129,9.0,6.1,2.9,7.2,-7.3,-0.2,1776,38.6,27.9,19.6,13.9,24.6,26.4,25.5,63,3.0,76.7,224.8,199.9,72.9,66.5,6.2,5.4,0,15.4,47.7,45.7,49.5,7.2,6.6,7.8,395,7.2,6.3,8.1,396,12.5,11.7,13.3,683,3.0,2.8,3.2,165,6
360,229,1573,43,90,1,82,-52,628,10.6,12.7,-2.2,0.5,-10.8,-10.3,809,24.5,39.3,26.5,9.7,25.2,35.1,36.6,92,6.3,68.2,255.0,223.5,86.2,78.1,7.1,6.2,0,33.5,53.8,52.0,55.5,10.3,9.5,11.0,345,10.9,9.7,12.1,367,17.2,16.3,18.1,577,4.3,4.0,4.5,143,5
39659,15946,91094,7205,81613,953,22968,23734,11477,12.1,4.8,7.2,2.9,17.8,20.7,39610,7.5,18.1,29.9,44.5,7.3,8.1,7.2,15321,3.2,145.8,224.8,199.9,72.9,66.5,6.2,5.4,81,13.6,42.7,40.9,44.5,5.1,4.6,5.5,32828,5.1,4.3,5.9,32932,9.0,8.4,9.7,58354,2.3,2.2,2.5,15030,2
4410,2294,2156,266,588,38,1214,759,557,11.9,12.1,-0.2,-0.4,14.3,13.9,5095,13.7,38.7,27.9,19.6,15.9,25.1,23.8,872,3.4,94.5,253.1,225.8,85.1,77.8,8.1,7.4,14,23.0,48.7,46.3,50.9,8.9,8.1,9.9,3779,10.7,9.1,12.3,4519,13.3,12.2,14.4,5630,3.3,3.0,3.6,1392,5
2073,1396,219,132,143,4,309,-77,346,10.8,9.1,1.6,-0.1,-4.4,-4.5,1302,6.9,43.2,31.8,18.0,10.8,17.4,15.7,655,4.9,102.8,292.7,248.6,93.7,83.7,8.3,7.1,5,23.9,44.9,42.6,47.0,8.2,7.5,9.0,1713,9.1,7.9,10.4,1885,12.1,11.1,13.0,2510,3.0,2.8,3.3,633,6
537,377,1608,24,32,2,84,-147,125,10.8,13.4,-2.6,0.0,-23.1,-23.1,744,17.7,38.1,31.9,12.3,22.4,31.2,29.5,104,3.7,72.5,228.7,202.9,79.1,71.9,7.0,6.1,0,26.5,48.3,46.3,50.1,10.0,9.1,10.8,437,10.9,9.6,12.2,478,16.1,15.1,17.0,706,4.2,3.9,4.5,182,6
41,27,0,2,1,0,10,10,0,8.7,4.3,4.3,0.0,15.2,15.2,16,5.7,26.4,40.0,27.9,12.9,17.5,15.8,11,5.0,78.5,239.2,214.5,88.2,80.3,6.8,6.2,0,26.6,44.3,41.7,46.8,7.8,7.0,8.8,27,7.0,5.9,8.4,24,10.7,9.6,11.8,37,3.2,2.9,3.5,11,6
3507,2103,449,117,443,17,574,-82,1427,8.6,12.2,-3.6,2.0,-0.7,1.4,2079,8.1,29.3,26.8,35.7,11.4,16.5,14.0,576,3.1,86.2,367.1,322.7,130.3,121.5,11.7,9.9,10,28.9,39.4,37.2,41.6,7.8,6.9,8.7,2252,7.8,6.4,9.2,2247,11.3,10.1,12.3,3259,3.2,3.0,3.5,927,5
274,244,18,73,5,0,44,10,178,16.7,9.2,7.5,3.1,-7.2,-4.1,256,12.4,36.6,34.0,16.9,12.1,16.2,16.2,42,2.7,96.7,240.4,219.1,92.8,84.8,9.2,8.6,0,30.1,42.4,39.8,44.9,8.9,8.0,9.9,194,6.8,5.7,8.0,148,11.2,10.3,12.3,245,3.4,3.1,3.7,74,6
2200,1027,3042,27,59,14,219,-130,0,6.6,15.7,-9.1,0.8,-2.3,-1.5,920,9.4,32.4,29.7,28.5,14.8,27.0,24.4,247,4.4,76.3,263.2,231.8,90.3,81.7,7.3,6.3,0,44.2,46.2,43.8,48.5,11.2,10.1,12.5,1166,10.1,8.6,11.8,1052,15.8,14.5,17.1,1640,4.4,4.1,4.8,457,6
32309,19432,80933,1488,23781,391,13073,188,11736,9.7,9.2,0.5,1.3,-1.4,0.0,20101,6.4,28.3,27.8,37.5,6.2,7.9,7.2,8568,3.8,103.3,306.5,271.0,97.7,87.5,7.6,6.7,82,21.9,42.3,40.2,44.2,6.4,5.8,7.0,22505,6.2,5.3,7.2,21863,10.4,9.6,11.2,36735,2.8,2.6,2.9,9726,2
282,240,92,20,53,0,75,-13,40,6.4,15.2,-8.8,1.6,2.0,3.6,168,8.8,35.0,29.9,26.2,12.5,17.2,14.5,36,3.2,72.1,227.6,206.5,88.0,80.5,6.8,6.3,0,33.7,50.5,48.0,53.1,10.0,9.0,11.2,201,9.3,7.8,10.9,186,14.2,13.0,15.5,285,3.9,3.6,4.2,78,6
345,251,53,258,35,4,149,-28,673,11.9,7.8,4.1,-0.6,-9.2,-9.9,530,14.8,39.1,31.6,14.5,15.1,17.9,16.8,56,2.6,83.9,247.1,236.2,91.5,88.0,9.8,9.4,0,25.1,41.1,38.8,43.4,8.4,7.6,9.4,325,8.4,7.2,9.8,324,11.6,10.7,12.6,448,3.4,3.1,3.7,130,6
2961,1259,387,62,120,1,280,-416,667,11.0,14.8,-3.8,0.2,-8.0,-7.8,6806,26.2,35.8,26.7,11.2,34.2,44.3,46.1,720,6.6,66.2,230.9,214.6,77.3,72.9,8.3,7.6,16,23.6,58.9,56.6,60.9,12.5,11.2,13.7,3496,16.1,14.0,18.4,4517,18.3,16.8,19.7,5119,4.1,3.8,4.5,1157,6
1416,710,365,52,60,8,216,63,109,11.0,10.3,0.6,0.0,2.9,2.9,2471,20.1,36.7,26.5,16.8,16.1,23.5,21.0,341,4.4,102.0,230.9,214.6,77.3,72.9,8.3,7.6,0,23.7,49.7,46.9,52.0,9.9,8.9,11.0,1363,12.5,10.7,14.6,1720,14.5,13.2,15.7,1984,3.5,3.2,3.8,477,6
1658,1234,172,26,236,4,170,-102,2001,8.9,9.3,-0.4,0.2,-5.0,-4.7,716,5.3,32.7,32.2,29.7,9.8,9.9,9.2,315,2.7,102.9,218.2,193.1,84.8,77.9,6.9,6.5,0,25.5,38.3,36.1,40.6,7.0,6.3,7.7,1138,6.2,5.2,7.2,1012,9.2,8.3,10.0,1494,2.8,2.6,3.0,458,6
2825,2050,450,169,800,56,433,-93,637,10.5,11.8,-1.2,0.5,-2.2,-1.7,2214,10.1,37.3,35.8,16.7,9.9,13.2,12.4,512,3.2,74.0,302.7,265.0,104.9,96.0,7.4,6.6,18,28.4,43.3,41.3,45.2,8.3,7.5,9.1,1970,6.9,5.8,7.9,1632,11.3,10.4,12.2,2680,3.4,3.1,3.7,805,5
2128,971,12866,75,156,6,391,-210,397,8.9,13.4,-4.5,1.0,-5.9,-4.9,2864,17.5,39.3,26.2,17.0,23.7,34.1,31.2,602,6.2,75.4,229.5,205.0,80.1,72.3,7.0,6.2,0,27.9,50.6,48.9,52.4,9.7,8.9,10.5,1757,10.2,9.1,11.5,1855,19.2,18.1,20.3,3483,4.5,4.2,4.8,819,3
3866,2094,3759,647,425,59,596,349,2989,12.0,11.4,0.6,1.8,6.0,7.8,7063,25.0,38.4,25.2,11.4,21.5,34.4,32.8,660,3.7,76.2,265.2,240.7,86.8,80.1,6.9,6.0,8,25.4,52.2,50.6,53.6,10.9,10.0,11.9,3576,12.5,11.0,13.9,4082,15.2,14.3,16.2,4984,4.1,3.8,4.4,1330,5
8820,5283,1885,237,1291,46,2106,-280,3592,12.7,9.6,3.1,0.9,-6.4,-5.5,10710,14.0,39.4,24.7,21.9,9.4,13.8,13.5,2198,3.6,105.3,292.7,248.6,93.7,83.7,8.3,7.1,14,22.9,47.5,45.1,49.8,8.2,7.3,9.1,7211,9.7,8.2,11.3,8539,11.7,10.7,12.8,10294,3.1,2.8,3.4,2725,5
8812,4251,16094,624,852,318,1817,-436,2086,11.4,14.3,-2.9,0.2,-1.5,-1.3,11147,15.5,32.9,33.9,17.7,17.5,28.8,25.1,1768,4.1,90.0,217.1,196.7,77.2,71.2,7.6,6.9,56,24.4,54.2,52.3,56.0,9.5,8.7,10.3,7643,10.6,9.1,12.0,8502,15.2,14.2,16.2,12221,3.6,3.3,3.8,2878,4
2703,943,27338,440,1343,389,2945,-248,1879,22.8,5.7,17.0,1.4,-22.4,-21.1,3252,9.1,32.0,40.6,18.3,16.1,22.7,22.9,1109,4.3,81.3,228.7,202.9,79.1,71.9,7.0,6.1,0,12.0,46.7,45.1,48.2,5.5,5.2,5.8,2435,6.6,6.1,7.2,2935,12.0,11.4,12.6,5308,2.8,2.7,3.0,1260,4
4532,2433,25663,279,1524,123,1157,-4,2521,12.6,10.4,2.2,1.5,-3.7,-2.2,7783,17.1,34.3,30.1,18.5,20.2,27.7,26.9,1356,3.7,77.1,228.7,202.9,79.1,71.9,7.0,6.1,20,19.3,50.8,49.2,52.6,7.6,7.0,8.2,4031,9.1,8.0,10.2,4847,14.2,13.4,15.0,7532,3.5,3.2,3.7,1836,5
3126,1532,290,130,183,21,526,499,461,11.0,9.0,2.0,0.5,9.9,10.4,3049,11.0,40.1,31.6,17.4,9.3,12.7,12.1,698,3.5,108.4,230.8,212.0,80.3,74.4,6.5,6.1,4,23.9,48.6,46.1,51.0,7.9,7.1,8.8,2468,9.9,8.5,11.5,3096,12.6,11.5,13.7,3933,3.1,2.8,3.3,959,2
2109,1073,4428,107,89,26,386,42,400,10.9,13.7,-2.8,-0.2,4.9,4.7,3340,21.2,36.3,27.5,14.9,19.7,31.4,28.7,383,4.0,81.3,217.1,196.7,77.2,71.2,7.6,6.9,0,27.2,54.8,52.8,56.7,10.1,9.2,11.0,1796,11.3,9.9,12.9,2013,16.1,15.1,17.2,2880,3.8,3.6,4.1,682,6
7740,4890,16525,477,1177,52,2217,-520,6272,11.8,10.7,1.1,0.4,-6.2,-5.8,8846,12.1,33.6,33.3,21.0,16.2,20.2,18.1,3032,5.4,82.8,284.4,240.5,99.6,87.2,7.0,5.8,56,21.4,51.0,48.8,53.0,7.5,6.8,8.2,6373,8.4,7.3,9.7,7175,11.5,10.7,12.3,9805,3.2,3.0,3.4,2690,4
2443,689,238,343,246,30,634,445,132,7.2,7.0,0.2,-0.5,18.1,17.6,769,4.2,25.5,36.2,34.0,7.4,12.5,11.7,469,3.7,90.1,285.7,262.5,95.4,88.9,7.8,7.1,0,28.4,32.5,30.1,34.8,7.0,6.2,7.8,1448,6.7,5.5,8.0,1391,9.3,8.4,10.3,1934,3.1,2.8,3.3,637,3
5050,2916,751,947,458,21,877,331,704,12.0,9.6,2.4,0.7,2.1,2.8,4126,9.3,34.4,32.4,23.8,8.6,11.6,10.6,915,2.6,94.2,264.9,238.3,94.6,86.4,7.9,7.1,10,23.8,44.6,42.2,47.0,7.2,6.5,8.0,3573,6.9,5.8,8.2,3441,9.9,9.0,10.8,4903,3.0,2.8,3.2,1492,5
561,353,725,341,16,4,223,-75,1172,6.8,13.6,-6.8,0.5,-5.7,-5.2,575,12.0,38.5,33.2,16.3,20.7,26.8,25.3,150,6.2,76.3,287.0,249.7,97.8,87.6,7.9,6.7,0,28.2,51.0,48.9,53.1,9.8,8.9,10.7,513,10.7,9.4,12.3,563,13.3,12.4,14.3,696,3.6,3.4,3.9,190,6
8017,5334,14867,1799,2883,189,3721,165,12562,12.3,10.7,1.6,1.9,-2.2,-0.3,11382,13.5,31.6,31.8,23.0,17.8,22.4,20.7,1937,3.4,78.3,224.8,199.9,72.9,66.5,6.2,5.4,24,19.4,49.0,47.4,50.5,8.0,7.4,8.7,8219,7.6,6.7,8.7,7802,13.2,12.4,14.0,13538,3.1,2.9,3.3,3133,4
3215,1574,908,178,448,26,668,359,254,11.6,8.1,3.5,0.1,3.5,3.6,2320,6.9,33.0,36.5,23.6,5.9,8.3,7.7,1183,4.7,122.0,284.4,240.5,99.6,87.2,7.0,5.8,8,18.0,41.5,39.1,43.7,6.1,5.6,6.8,2341,7.1,6.1,8.2,2689,9.2,8.4,10.0,3508,2.6,2.4,2.8,989,2
8990,5156,2536,243,356,41,1631,-484,3967,9.9,11.6,-1.7,0.3,-3.3,-3.0,9076,12.2,45.1,27.9,14.8,15.1,22.3,21.0,2436,5.2,80.0,292.7,248.6,93.7,83.7,8.3,7.1,20,26.3,50.7,48.7,52.8,9.6,8.7,10.6,7875,11.1,9.5,12.6,9070,14.1,13.0,15.1,11540,3.4,3.2,3.7,2805,5
5218,3138,1039,1311,548,20,1512,-49,4101,9.7,10.2,-0.5,0.7,-0.9,-0.2,2081,4.7,31.5,32.3,31.5,14.1,14.8,12.9,1583,4.9,95.5,287.0,249.7,97.8,87.6,7.9,6.7,30,24.5,46.2,43.7,48.6,7.9,7.0,8.7,4297,8.6,7.3,9.9,4659,10.4,9.4,11.3,5672,3.0,2.8,3.3,1650,5
10100,5281,8082,402,2247,251,3597,641,2445,13.7,9.0,4.7,0.5,-1.3,-0.8,11506,10.3,28.7,30.6,30.4,10.4,14.1,13.0,3025,3.4,128.8,230.9,214.6,77.3,72.9,8.3,7.6,54,19.1,46.4,44.0,48.7,7.6,6.8,8.4,9575,9.2,7.7,10.9,11671,12.0,10.9,13.1,15218,2.8,2.6,3.1,3562,2
3568,1823,25595,268,335,62,519,-78,3157,11.8,10.4,1.3,1.0,-4.0,-3.0,6638,20.7,36.6,26.1,16.7,23.6,38.2,43.3,846,4.6,76.2,265.2,240.7,86.8,80.1,6.9,6.0,0,23.6,53.5,51.9,55.1,9.4,8.7,10.2,3376,10.7,9.5,12.0,3830,18.2,17.2,19.3,6525,4.2,4.0,4.5,1515,3
7625,3663,2906,1078,705,261,1775,500,1046,14.2,11.8,2.4,0.4,2.4,2.8,12151,19.1,31.1,30.5,19.2,18.3,27.9,26.9,1441,3.4,92.7,217.1,196.7,77.2,71.2,7.6,6.9,20,22.7,54.1,51.8,56.2,9.7,8.8,10.7,7011,11.1,9.4,12.7,7986,14.5,13.4,15.7,10471,3.6,3.3,3.8,2569,5
3908,1903,435,655,355,68,485,-125,437,13.7,6.9,6.9,2.3,-11.9,-9.5,7127,24.4,27.2,27.4,21.0,24.4,36.0,34.5,1803,9.3,68.6,242.0,224.0,78.1,73.2,6.9,6.1,0,22.7,46.0,43.6,48.2,8.6,7.9,9.4,2930,7.3,6.4,8.4,2500,16.0,14.8,17.2,5440,4.4,4.1,4.7,1487,5
2721,1362,1497,67,95,6,367,-149,2094,11.4,13.7,-2.3,-0.1,-2.4,-2.5,4226,19.4,43.2,26.2,11.1,17.4,22.7,22.7,714,6.7,87.1,230.9,214.6,77.3,72.9,8.3,7.6,6,24.7,53.7,51.5,55.7,10.8,9.8,11.9,2647,13.3,11.6,15.2,3255,15.6,14.5,16.8,3821,3.7,3.4,4.0,902,6
12895,6240,27448,1027,4523,230,4748,1418,4506,8.8,9.5,-0.7,2.5,6.7,9.2,12284,10.6,35.4,29.5,24.4,12.3,16.3,14.4,4392,5.4,104.0,320.5,273.3,100.8,88.2,8.7,7.2,44,22.5,46.5,44.7,48.2,7.2,6.5,7.9,9790,7.5,6.6,8.6,10280,12.5,11.6,13.3,16993,3.1,2.9,3.3,4219,4
7863,3922,1687,202,537,27,1109,-725,3836,10.3,11.4,-1.1,0.3,-7.7,-7.4,6397,10.7,46.3,22.2,20.8,13.4,19.1,18.0,1826,4.7,83.4,320.5,273.3,100.8,88.2,8.7,7.2,16,26.5,48.1,45.6,50.4,8.5,7.6,9.5,5767,9.3,7.9,10.8,6289,12.5,11.3,13.6,8403,3.3,3.1,3.6,2252,5
1978,1177,12207,58,137,17,318,-289,768,13.3,13.4,-0.1,0.1,-11.4,-11.2,3518,20.3,44.2,22.5,13.0,27.4,41.1,41.6,833,8.2,70.9,260.3,231.8,84.1,75.8,9.1,7.8,12,24.0,55.9,54.1,57.6,10.5,9.7,11.3,2025,12.2,11.0,13.5,2349,17.8,16.9,18.8,3433,4.4,4.1,4.7,850,5
1746,743,58,74,64,2,226,54,264,12.0,13.2,-1.2,0.0,3.8,3.7,3160,21.2,45.0,24.4,9.4,21.2,26.6,23.8,365,4.3,68.1,253.1,225.8,85.1,77.8,8.1,7.4,0,21.2,54.2,51.8,56.3,10.1,9.2,11.1,1693,13.3,11.6,15.1,2214,14.9,13.7,16.0,2479,3.6,3.3,3.9,605,6
3443,2028,559,66,295,16,416,-45,2657,10.3,9.3,1.0,1.0,-3.1,-2.0,3876,14.4,46.2,21.1,18.4,10.7,15.1,13.8,802,3.9,93.6,320.5,273.3,100.8,88.2,8.7,7.2,0,23.7,46.5,44.0,48.7,7.9,7.1,8.8,2544,8.8,7.4,10.2,2823,11.5,10.4,12.5,3693,3.1,2.9,3.4,1005,5
6285,3472,3141,197,1176,33,1357,-492,1962,7.9,11.0,-3.1,1.0,-6.1,-5.1,4392,9.6,30.5,28.6,31.3,11.7,16.4,13.9,1043,3.3,96.0,375.1,304.1,112.9,94.8,10.2,7.4,9,30.0,41.3,39.2,43.3,8.5,7.6,9.5,4202,9.2,7.7,10.8,4561,11.7,10.6,12.8,5818,3.4,3.1,3.7,1689,5
579,280,172,97,41,18,130,19,290,7.1,11.6,-4.4,-0.2,8.7,8.5,540,14.4,32.7,35.1,17.7,13.4,16.4,15.0,93,4.5,94.5,213.5,185.8,72.3,65.0,5.6,5.0,0,27.3,45.7,43.4,47.9,8.9,7.9,9.8,370,9.3,7.9,10.8,387,11.6,10.6,12.6,485,3.3,3.1,3.6,139,6
1572,658,1027,52,50,10,339,219,78,10.5,12.5,-2.0,0.1,17.0,17.1,1296,12.6,31.3,39.1,16.9,13.1,25.0,22.8,284,4.7,99.2,230.9,214.6,77.3,72.9,8.3,7.6,0,29.9,54.9,52.6,57.1,10.3,9.3,11.3,1177,11.8,10.0,13.5,1345,15.3,14.2,16.5,1752,3.6,3.3,3.8,408,3
6629,3210,6598,253,472,43,1342,258,1220,9.9,12.7,-2.8,0.0,6.7,6.7,8245,17.4,31.9,33.4,17.3,19.1,28.3,25.9,1256,5.1,79.4,255.0,223.5,86.2,78.1,7.1,6.2,18,27.1,49.0,46.7,51.3,9.9,9.0,10.9,5245,10.8,9.3,12.6,5751,14.6,13.5,15.7,7738,3.8,3.6,4.1,2022,5
1940,1023,151,47,89,8,118,313,1192,7.8,15.4,-7.6,0.0,34.1,34.1,902,10.8,30.8,32.2,26.2,16.0,24.0,23.4,213,5.5,78.2,228.7,202.9,79.1,71.9,7.0,6.1,0,40.9,44.2,41.5,46.8,10.6,9.4,11.9,1100,10.4,8.5,12.3,1075,14.5,13.0,15.9,1496,4.0,3.7,4.4,418,6
26096,16496,35710,3420,14003,595,9697,2729,9137,11.5,9.1,2.4,7.4,-2.3,5.1,28213,11.4,32.9,26.2,29.4,12.0,17.4,16.6,8768,4.6,102.0,320.5,273.3,100.8,88.2,8.7,7.2,143,22.2,41.2,39.5,42.9,6.8,6.2,7.6,19454,7.1,6.0,8.2,20116,11.1,10.3,12.0,31720,3.0,2.8,3.2,8526,3
10427,4756,31193,684,3307,143,2902,908,1419,11.3,9.7,1.6,3.5,1.3,4.8,10697,11.1,31.5,36.6,20.8,17.9,26.5,25.4,3246,5.5,115.7,191.3,174.8,65.9,61.2,7.1,6.7,48,20.2,47.7,46.1,49.3,7.7,7.1,8.3,8466,8.4,7.3,9.5,9193,13.0,12.2,13.8,14265,3.1,3.0,3.3,3459,3
703,425,158,138,31,19,91,18,413,13.8,8.3,5.5,5.5,-9.6,-4.1,2719,38.0,31.3,22.0,8.6,32.0,44.5,43.4,343,9.5,49.6,224.8,199.9,72.9,66.5,6.2,5.4,0,18.5,56.7,54.1,59.2,9.9,9.0,10.7,835,8.1,7.0,9.2,685,20.4,19.1,21.7,1732,4.7,4.4,5.1,400,6
2735,1851,537,87,204,14,353,-350,1596,9.7,11.8,-2.1,-0.1,-8.5,-8.6,2656,11.2,41.9,30.3,16.6,12.5,17.9,15.7,785,5.3,81.4,284.4,240.5,99.6,87.2,7.0,5.8,0,25.0,50.4,47.8,52.6,8.3,7.5,9.2,2172,9.6,8.3,11.1,2503,11.5,10.5,12.4,2990,3.3,3.1,3.6,855,5
1115,557,73,97,29,3,151,-117,163,8.8,11.9,-3.2,0.0,-6.3,-6.3,1792,20.6,46.5,23.5,9.4,15.6,21.9,19.7,198,3.6,81.3,273.1,236.3,86.6,79.0,7.0,6.3,0,26.7,52.0,49.5,54.2,10.1,9.2,11.2,972,12.3,10.6,14.1,1182,14.1,13.0,15.3,1353,3.7,3.4,4.0,353,4
2001,927,1252,163,89,8,383,215,1541,10.3,10.9,-0.5,0.1,9.0,9.1,3520,20.3,44.5,24.2,11.0,16.3,24.2,22.9,358,3.2,85.3,253.1,225.8,85.1,77.8,8.1,7.4,0,23.2,55.2,53.0,57.3,9.5,8.6,10.5,1884,11.8,10.2,13.5,2337,14.0,13.0,15.1,2786,3.4,3.2,3.7,673,2
6567,3032,26208,326,525,22,1401,-194,2942,10.4,13.3,-2.9,0.3,0.2,0.5,10671,19.0,34.9,31.8,14.3,19.3,26.4,24.1,1497,4.3,83.5,217.1,196.7,77.2,71.2,7.6,6.9,14,23.3,57.4,55.7,59.0,9.8,9.1,10.6,6165,11.1,9.8,12.3,6955,16.6,15.7,17.6,10465,3.9,3.6,4.1,2427,5
1352,763,3982,44,117,24,230,-152,255,8.3,16.8,-8.6,1.6,-5.8,-4.2,1559,17.8,35.9,24.7,21.6,18.8,30.0,27.0,291,5.4,59.4,263.2,231.8,90.3,81.7,7.3,6.3,0,33.6,56.5,54.6,58.3,10.7,9.8,11.7,1010,10.8,9.3,12.3,1019,17.1,15.9,18.2,1612,4.5,4.2,4.8,423,6
2493,1684,3360,101,163,23,420,-158,4308,10.2,12.3,-2.1,0.3,-3.0,-2.7,3929,16.6,39.3,31.4,12.8,13.8,17.8,16.4,630,4.4,82.4,284.4,240.5,99.6,87.2,7.0,5.8,0,24.8,50.3,48.0,52.4,8.4,7.7,9.3,2187,9.8,8.4,11.1,2530,12.0,11.0,12.8,3100,3.3,3.1,3.6,866,6
50,26,12,239,41,8,87,-3,18,6.6,0.0,6.6,6.6,-18.2,-11.6,37,8.2,38.4,33.5,20.0,13.1,15.3,15.6,20,8.2,79.5,276.9,256.7,112.8,105.6,9.6,8.5,0,20.8,45.0,43.3,46.6,9.1,8.5,9.8,45,8.7,7.9,9.6,43,14.3,13.4,15.1,70,3.7,3.5,3.9,18,6
1386,814,114,34,70,7,193,-60,72,11.4,10.2,1.2,0.1,-4.9,-4.8,741,6.4,34.1,31.6,27.9,7.3,8.2,7.3,363,4.3,103.7,284.4,240.5,99.6,87.2,7.0,5.8,0,24.5,43.4,41.0,46.0,7.1,6.3,7.8,896,7.7,6.5,9.0,973,9.8,8.9,10.7,1240,2.9,2.7,3.1,363,4
2248,1202,234,82,205,5,282,-111,1251,12.1,10.8,1.3,0.8,-6.5,-5.7,2287,13.8,34.0,27.8,24.4,12.7,21.1,20.0,447,3.8,75.5,375.1,304.1,112.9,94.8,10.2,7.4,0,26.9,42.3,40.1,44.3,8.6,7.7,9.6,1668,9.6,8.1,11.2,1867,12.5,11.3,13.5,2415,3.3,3.0,3.6,633,2
1556,1091,824,370,213,25,347,-137,3057,10.7,9.4,1.3,1.1,-8.8,-7.7,1540,10.5,32.7,36.3,20.5,14.5,16.9,17.0,329,2.9,73.9,285.7,262.5,95.4,88.9,7.8,7.1,4,23.1,38.4,36.5,40.3,7.0,6.3,7.6,1221,7.0,6.1,8.2,1234,9.4,8.7,10.1,1644,3.1,2.9,3.3,542,5
248,216,24,10,5,2,20,35,35,12.7,7.2,5.5,1.4,5.2,6.5,220,10.7,25.3,38.2,25.8,10.3,11.9,11.3,35,1.9,95.9,239.2,214.5,88.2,80.3,6.8,6.2,0,30.4,38.1,35.7,40.4,7.6,6.7,8.6,167,6.8,5.7,8.2,150,10.0,9.0,11.0,220,3.1,2.8,3.4,67,6
22439,15050,9249,1503,2374,286,2453,1120,4205,7.8,12.7,-4.9,1.8,10.1,11.9,11465,9.5,25.2,32.4,33.0,10.7,16.4,15.0,2596,3.5,111.1,265.2,240.7,86.8,80.1,6.9,6.0,74,37.2,39.6,37.3,41.7,10.2,9.0,11.4,13693,9.7,8.0,11.4,13045,12.7,11.5,13.9,17132,3.8,3.5,4.1,5136,3
779,547,75,51,42,7,146,-19,140,13.2,13.1,0.1,-0.4,-2.1,-2.5,397,7.0,29.8,36.0,27.2,10.7,16.8,16.5,122,3.2,90.6,227.6,206.5,88.0,80.5,6.8,6.3,0,29.4,47.2,44.8,49.7,8.1,7.3,9.0,497,7.8,6.6,9.1,475,12.3,11.3,13.5,755,3.2,2.9,3.5,195,6
450,254,1515,44,43,1,89,-37,672,6.3,10.7,-4.4,0.4,-3.0,-2.7,709,18.4,41.5,30.7,9.4,22.2,31.9,30.6,166,8.3,75.4,255.0,223.5,86.2,78.1,7.1,6.2,0,23.2,53.7,51.9,55.4,9.6,8.8,10.3,416,10.2,9.1,11.4,444,15.8,14.9,16.6,687,3.9,3.7,4.1,170,6
183,100,11,23,12,1,39,-34,2,15.6,9.0,6.6,0.5,-23.6,-23.1,98,6.9,29.5,41.3,22.3,9.3,10.3,10.5,26,2.4,97.0,237.6,217.1,87.0,79.6,10.5,9.7,0,22.8,45.9,43.4,48.3,8.3,7.4,9.2,130,7.2,6.1,8.5,113,11.5,10.4,12.6,182,3.2,3.0,3.5,50,6
1375,782,2639,281,155,1,298,-35,5174,8.3,8.7,-0.4,0.4,-1.6,-1.3,3181,21.6,40.3,26.7,11.5,22.0,24.0,23.0,274,4.8,72.4,224.8,199.9,72.9,66.5,6.2,5.4,0,19.5,50.5,48.7,52.3,8.3,7.6,8.9,1355,8.3,7.4,9.3,1363,13.3,12.6,14.1,2184,3.3,3.1,3.5,537,4
1064,593,114,62,31,3,157,-49,193,10.2,10.9,-0.6,0.1,-3.4,-3.3,1040,11.8,47.0,28.7,12.5,12.2,17.0,15.3,204,3.1,89.2,230.8,212.0,80.3,74.4,6.5,6.1,0,25.4,48.7,46.4,51.0,9.0,8.2,10.0,876,11.2,9.7,12.9,1085,13.9,12.9,15.0,1350,3.4,3.1,3.7,329,6
256,217,16,78,8,8,81,-61,41,12.0,16.5,-4.4,12.3,-23.8,-11.5,470,17.8,30.8,29.3,22.0,11.0,15.7,14.6,41,2.3,106.2,206.7,189.1,73.9,68.5,6.2,5.8,0,25.1,47.0,44.7,49.3,9.2,8.2,10.2,254,9.1,7.7,10.7,254,12.7,11.6,13.8,354,3.4,3.1,3.7,95,6
2239,1200,2467,183,133,10,321,173,2440,9.3,11.4,-2.1,0.3,9.9,10.2,2361,15.6,44.2,27.7,12.5,18.2,26.4,24.9,462,6.6,72.6,224.8,199.9,72.9,66.5,6.2,5.4,0,27.8,53.0,51.0,54.9,9.7,8.9,10.5,1696,9.7,8.4,10.9,1695,13.8,12.8,14.7,2410,3.6,3.4,3.9,632,6
866,435,7236,37,44,4,68,-130,96,11.9,13.7,-1.9,-0.2,-11.0,-11.2,1588,22.5,38.6,24.8,14.1,25.1,39.6,40.1,265,7.3,68.1,217.1,196.7,77.2,71.2,7.6,6.9,0,23.9,61.7,59.8,63.6,11.0,10.2,11.9,849,12.1,10.7,13.5,932,22.3,20.9,23.6,1719,5.0,4.7,5.3,385,3
2730,1422,2650,5568,264,303,2359,-174,454,13.8,13.9,0.0,0.9,-6.1,-5.2,3702,16.9,43.5,26.3,13.2,21.1,28.8,25.0,776,5.5,72.0,206.7,189.1,73.9,68.5,6.2,5.8,0,23.5,54.5,52.8,56.2,11.1,10.3,12.0,2719,12.0,10.8,13.4,2942,15.9,15.0,16.7,3881,4.1,3.8,4.3,996,6
25714,14168,7321,2558,16847,688,10338,-59,8222,8.2,7.7,0.5,2.1,-2.8,-0.7,12883,6.8,10.9,23.5,58.8,6.6,6.4,5.8,3363,2.4,163.4,279.6,243.8,96.2,87.1,7.2,6.2,66,27.9,29.6,27.7,31.5,6.1,5.5,6.8,12652,5.4,4.4,6.6,11266,9.2,8.4,10.0,19071,2.9,2.7,3.2,6111,2
3329,1640,22739,158,409,13,445,-576,524,12.7,11.4,1.3,1.0,-14.7,-13.7,4044,12.8,31.2,32.7,23.3,19.2,31.0,30.3,1113,5.5,102.9,191.3,174.8,65.9,61.2,7.1,6.7,22,22.3,54.6,52.7,56.4,8.4,7.8,9.0,2951,9.3,8.2,10.4,3254,15.5,14.6,16.4,5451,3.7,3.5,3.9,1302,5
6600,3830,3315,312,494,24,2489,35,1621,11.7,11.1,0.5,0.6,-0.7,-0.1,7410,12.7,42.1,29.7,15.5,16.6,24.0,21.9,2092,5.3,88.3,292.7,248.6,93.7,83.7,8.3,7.1,48,23.4,49.9,47.9,51.6,9.0,8.2,9.9,6026,10.8,9.4,12.3,7237,12.5,11.5,13.4,8370,3.3,3.1,3.6,2208,5
13785,6057,17799,25865,29418,7827,24313,-2726,7605,14.5,6.1,8.4,3.9,-21.8,-17.8,11867,6.2,23.8,34.7,35.3,9.5,12.1,11.0,8348,5.5,109.6,276.9,256.7,112.8,105.6,9.6,8.5,73,14.6,37.2,35.6,38.6,5.1,4.7,5.6,11289,5.5,4.8,6.2,12059,8.9,8.3,9.4,19490,2.4,2.3,2.5,5309,3
2861,1581,1875,174,280,3,612,-27,2749,9.5,9.3,0.3,0.5,-1.5,-1.0,3612,14.6,34.9,29.6,20.9,12.6,19.9,18.6,622,3.9,80.1,375.1,304.1,112.9,94.8,10.2,7.4,0,24.0,44.9,42.8,47.0,8.3,7.5,9.2,2282,9.4,8.0,11.0,2587,11.9,10.9,12.9,3270,3.2,3.0,3.5,879,5
634,330,11,18,5,4,45,19,74,7.7,11.4,-3.7,-0.6,8.1,7.5,906,23.7,40.9,26.7,8.7,16.0,24.3,22.9,93,3.8,76.7,253.1,225.8,85.1,77.8,8.1,7.4,0,33.5,53.4,50.8,55.8,12.6,11.3,14.0,526,14.7,12.5,17.0,613,16.8,15.4,18.3,704,4.3,3.9,4.7,180,6
45649,22966,49354,11716,65911,5545,37827,3099,19036,10.9,7.4,3.5,4.1,-3.7,0.4,50422,8.7,17.3,29.5,44.5,12.0,14.4,13.4,16843,3.7,112.0,303.4,271.5,109.4,101.0,9.2,8.3,165,18.3,34.1,32.4,35.9,5.7,5.2,6.3,37481,5.8,4.8,6.8,38276,9.1,8.5,9.9,60296,2.6,2.4,2.7,16883,1
1760,987,6569,152,119,42,489,-140,301,14.4,10.7,3.8,-0.4,-9.8,-10.2,2734,19.0,36.9,28.9,15.1,20.6,30.9,30.3,353,3.6,82.1,207.6,188.2,79.9,75.0,7.0,6.5,8,23.8,52.9,51.2,54.6,10.4,9.6,11.3,1681,10.7,9.5,12.1,1733,16.6,15.6,17.6,2676,4.1,3.8,4.3,655,6
1628,972,118,55,129,3,231,43,305,12.4,9.6,2.8,0.2,-0.9,-0.8,821,5.9,38.9,34.6,20.6,10.6,15.0,13.9,286,2.6,99.4,218.2,193.1,84.8,77.9,6.9,6.5,0,22.6,46.3,44.0,48.6,7.3,6.6,8.0,1140,6.9,5.9,8.0,1082,10.3,9.4,11.2,1616,2.9,2.7,3.1,454,6
955,553,202,1047,59,9,563,-17,273,11.2,11.3,-0.2,0.2,-1.5,-1.3,792,10.2,39.9,28.8,21.1,12.9,16.3,14.6,149,2.6,104.4,206.7,189.1,73.9,68.5,6.2,5.8,0,25.1,48.7,46.5,50.8,9.1,8.3,10.0,784,9.2,8.0,10.6,794,12.7,11.7,13.7,1096,3.3,3.1,3.6,285,6
1802,1173,93,59,172,7,237,-129,251,10.6,11.3,-0.6,1.0,-6.2,-5.2,1402,9.1,46.2,28.9,15.7,8.0,10.2,9.3,410,3.2,99.7,292.7,248.6,93.7,83.7,8.3,7.1,5,24.6,45.6,43.2,47.7,8.8,8.0,9.6,1489,10.0,8.6,11.5,1697,12.8,11.8,13.7,2173,3.2,3.0,3.5,547,6
11876,6192,7188,625,2493,61,2806,1050,3421,10.0,9.5,0.5,0.4,5.4,5.8,7858,6.9,34.5,30.4,28.2,8.9,11.3,11.2,3336,3.8,124.4,230.8,212.0,80.3,74.4,6.5,6.1,32,21.6,43.1,41.1,45.1,7.0,6.3,7.7,9208,8.1,6.8,9.4,10663,12.0,11.1,12.9,15898,2.8,2.6,3.0,3690,2
1062,611,4090,24,85,2,210,-1,184,9.2,14.2,-5.0,1.4,3.3,4.8,1362,19.5,44.8,23.1,12.6,20.3,32.3,30.4,178,4.6,67.1,228.7,202.9,79.1,71.9,7.0,6.1,0,28.9,53.4,51.7,54.9,11.0,10.1,11.8,853,12.1,10.8,13.4,940,19.3,18.3,20.3,1502,4.8,4.5,5.1,371,6
668,327,197,11,11,0,127,-37,86,10.5,17.8,-7.3,0.0,2.1,2.1,893,18.9,41.6,26.4,13.1,23.3,33.1,32.7,140,4.5,66.8,230.9,214.6,77.3,72.9,8.3,7.6,0,26.8,59.6,57.1,62.0,12.2,11.0,13.3,635,14.8,12.7,16.8,770,17.3,15.9,18.6,902,4.1,3.7,4.4,213,6
249,262,18,6,9,2,23,-1,347,9.1,9.1,0.0,-0.8,0.8,0.0,290,16.5,33.1,33.9,16.4,17.1,24.9,22.6,39,3.8,69.9,240.4,219.1,92.8,84.8,9.2,8.6,0,34.7,44.8,42.0,47.4,10.8,9.5,12.2,197,8.1,6.7,9.7,147,13.0,11.7,14.2,236,4.0,3.6,4.4,73,6
2156,1037,127,425,207,10,502,-113,155,11.8,14.1,-2.3,0.2,-3.5,-3.3,2166,15.4,37.4,34.0,13.3,20.0,29.7,27.9,333,4.2,82.9,207.6,188.2,79.9,75.0,7.0,6.5,6,29.4,51.1,48.9,53.1,12.0,11.0,13.2,1863,12.3,10.6,14.1,1911,15.6,14.5,16.8,2422,4.1,3.8,4.4,635,6
19586,10147,3820,2768,16149,242,8989,2005,11627,8.2,5.8,2.4,2.5,1.3,3.8,10380,4.9,12.3,22.0,60.8,9.7,6.7,6.1,5519,2.8,116.2,285.7,262.5,95.4,88.9,7.8,7.1,72,18.8,22.0,20.6,23.5,4.6,4.1,5.1,12104,4.4,3.6,5.2,11518,6.6,6.0,7.2,17331,2.3,2.2,2.5,6072,3
1282,776,147,90,158,4,324,85,149,11.5,7.1,4.4,0.8,-1.0,-0.2,702,5.2,34.7,35.8,24.4,6.1,7.3,6.1,352,3.0,108.1,302.7,265.0,104.9,96.0,7.4,6.6,0,19.6,42.7,40.3,44.9,5.8,5.3,6.5,902,5.1,4.4,5.9,795,8.5,7.8,9.3,1319,2.6,2.4,2.8,395,4
2012,1550,340,1128,141,22,648,189,820,15.4,8.8,6.6,3.5,-4.2,-0.7,1800,8.4,30.6,34.7,26.3,8.1,9.7,9.2,528,3.3,104.3,237.6,217.1,87.0,79.6,10.5,9.7,0,20.9,42.4,40.1,44.4,6.9,6.1,7.7,1641,6.2,5.2,7.4,1491,9.9,9.0,10.8,2362,2.8,2.6,3.0,662,4
240,138,271,15,6,2,39,-55,86,9.9,10.3,-0.3,0.7,-18.2,-17.5,467,22.6,42.1,26.2,9.0,17.5,21.2,19.1,54,4.2,73.0,228.7,202.9,79.1,71.9,7.0,6.1,0,23.6,49.7,47.4,51.8,9.7,8.8,10.6,227,11.8,10.2,13.4,276,15.0,14.0,16.1,353,3.8,3.6,4.1,90,6
1851,1273,159,78,89,21,233,100,354,11.3,9.4,1.9,0.5,2.0,2.5,1169,7.4,36.3,37.6,18.8,7.5,9.5,8.4,458,3.5,94.7,302.7,265.0,104.9,96.0,7.4,6.6,0,26.0,43.5,41.2,45.7,7.5,6.8,8.4,1323,6.2,5.3,7.3,1092,10.5,9.5,11.4,1834,3.1,2.8,3.3,539,6
525,271,137,580,17,14,347,-67,48,11.0,14.8,-3.8,0.0,-8.1,-8.1,576,14.2,43.4,29.3,13.2,16.2,22.2,20.7,86,3.1,83.6,206.7,189.1,73.9,68.5,6.2,5.8,0,26.4,49.7,47.5,51.7,10.3,9.4,11.2,460,10.8,9.4,12.2,482,14.5,13.6,15.5,651,3.7,3.5,4.0,168,4
6555,3432,551,642,316,22,1056,574,736,10.4,10.6,-0.1,0.3,8.7,9.0,2844,6.3,30.3,39.1,24.3,12.6,16.6,14.8,1264,3.9,76.1,302.7,265.0,104.9,96.0,7.4,6.6,16,28.3,41.0,38.9,43.1,7.7,6.9,8.5,3896,6.4,5.5,7.5,3247,10.5,9.6,11.4,5348,3.2,3.0,3.5,1636,5
2779,1202,660,246,110,8,268,457,1212,6.1,12.5,-6.4,0.2,28.8,29.0,2064,12.9,42.8,31.9,12.4,15.3,23.7,21.6,387,4.7,70.7,264.9,238.3,94.6,86.4,7.9,7.1,0,36.9,52.2,49.7,54.3,10.6,9.5,11.7,1842,9.7,8.2,11.2,1685,14.0,12.8,15.2,2439,4.0,3.7,4.4,700,6
428,235,37,325,54,0,216,7,93,11.7,15.3,-3.7,1.8,3.5,5.3,232,7.2,39.4,28.8,24.5,12.1,16.1,14.5,53,1.9,97.7,206.7,189.1,73.9,68.5,6.2,5.8,0,25.0,48.4,46.1,50.6,9.6,8.7,10.5,344,9.7,8.3,11.1,346,13.5,12.4,14.6,483,3.6,3.3,3.8,127,6
194,139,229,121,21,10,85,67,0,8.8,4.3,4.5,2.5,10.1,12.6,807,28.5,38.2,24.5,8.8,24.4,36.3,33.6,61,3.2,65.9,228.7,202.9,79.1,71.9,7.0,6.1,0,17.0,48.0,46.2,49.8,8.4,7.8,9.1,248,10.2,9.1,11.4,299,14.1,13.3,14.9,413,3.5,3.3,3.7,103,4
1034,500,74,61,29,0,206,38,68,10.3,11.1,-0.8,0.0,3.8,3.8,1850,20.2,46.2,22.1,11.5,19.0,28.8,27.6,340,6.2,77.4,292.7,248.6,93.7,83.7,8.3,7.1,0,22.3,57.1,54.6,59.2,10.4,9.5,11.4,1072,13.0,11.2,14.7,1330,14.4,13.3,15.6,1483,3.7,3.4,4.0,379,6
2293,1191,468,354,1074,67,1211,420,2964,11.0,5.3,5.8,4.2,0.7,4.8,800,3.7,19.9,31.3,45.1,12.7,10.2,9.2,498,2.5,89.2,192.6,181.6,73.9,68.9,5.8,5.5,0,16.9,33.7,31.6,35.8,5.4,4.8,5.9,1740,5.3,4.5,6.1,1715,7.9,7.2,8.6,2564,2.4,2.2,2.6,780,5
1289,574,242,103,142,7,274,193,92,10.6,12.0,-1.4,-0.4,16.2,15.7,1370,14.4,42.5,28.3,14.9,13.9,22.2,21.2,259,5.0,88.9,253.1,225.8,85.1,77.8,8.1,7.4,0,27.1,48.9,46.4,51.2,9.7,8.8,10.6,1039,11.6,10.0,13.2,1243,14.1,13.0,15.2,1514,3.5,3.2,3.8,374,6
1189,617,4129,65,38,25,244,-145,1002,8.1,13.5,-5.3,0.4,-7.0,-6.6,2023,22.4,39.8,27.3,10.6,18.2,24.8,23.3,173,3.2,57.1,263.2,231.8,90.3,81.7,7.3,6.3,0,28.3,56.5,54.8,58.1,10.5,9.7,11.4,1033,11.0,9.8,12.3,1086,17.3,16.3,18.3,1700,4.3,4.0,4.6,422,6
6640,3730,7841,732,1877,355,3239,-1308,6135,16.5,8.2,8.4,-1.0,-19.0,-20.0,6457,8.9,34.0,34.8,22.3,12.3,16.0,15.1,2510,5.6,78.0,375.1,304.1,112.9,94.8,10.2,7.4,10,17.0,45.3,43.4,47.1,6.5,5.9,7.2,5542,7.9,6.8,9.0,6700,9.6,8.9,10.4,8198,2.7,2.5,2.9,2303,4
2203,1361,196,112,93,17,334,-103,329,11.5,11.1,0.4,0.2,-4.7,-4.4,2286,13.2,42.5,30.0,14.3,13.6,20.9,19.4,454,3.9,83.3,230.8,212.0,80.3,74.4,6.5,6.1,0,25.7,48.1,45.8,50.4,9.4,8.5,10.4,1806,11.4,9.8,13.2,2196,13.9,12.7,15.0,2666,3.5,3.2,3.8,673,6
283,169,1388,15,34,2,36,-88,0,9.6,8.6,1.0,-0.3,-28.7,-29.0,503,21.7,38.9,27.1,12.3,22.9,43.2,42.6,62,5.1,65.3,228.7,202.9,79.1,71.9,7.0,6.1,0,28.3,50.7,48.8,52.5,9.7,9.0,10.5,242,10.4,9.1,11.7,260,18.2,17.2,19.3,455,4.3,4.0,4.6,107,4
5619,2904,637,2145,912,144,2360,198,842,12.1,10.1,2.0,-0.3,1.5,1.2,6766,15.6,30.7,38.2,15.5,17.0,24.2,23.1,1450,5.7,63.2,279.6,243.8,96.2,87.1,7.2,6.2,8,25.1,46.8,44.9,48.7,8.7,7.9,9.5,4221,9.4,8.1,10.7,4555,13.0,12.0,13.8,6289,3.8,3.6,4.1,1864,5
1778,857,72,29,38,1,208,-279,65,10.7,14.2,-3.6,-0.2,-9.6,-9.9,2850,19.1,46.8,25.3,8.7,23.3,28.9,27.0,494,6.9,90.3,263.4,231.6,100.1,89.4,10.5,9.2,0,24.4,58.7,56.5,60.8,12.4,11.3,13.6,1992,15.9,13.9,17.9,2552,16.7,15.5,18.0,2687,4.0,3.7,4.3,644,3
6706,3540,3188,273,404,61,1007,93,973,9.5,11.9,-2.4,0.6,3.3,3.8,10522,21.4,31.5,31.6,15.5,18.9,31.6,26.5,1128,3.7,81.7,255.0,223.5,86.2,78.1,7.1,6.2,8,26.6,52.0,49.7,54.2,10.3,9.4,11.4,5637,11.5,9.9,13.3,6260,14.5,13.3,15.6,7891,3.9,3.6,4.2,2117,5
1213,366,160,142,134,28,303,169,222,8.4,4.6,3.8,0.5,6.5,7.0,512,4.5,26.5,31.2,37.8,7.9,11.7,10.9,266,2.7,96.2,285.7,262.5,95.4,88.9,7.8,7.1,0,26.1,29.8,27.4,32.1,6.4,5.7,7.2,824,6.4,5.2,7.6,821,8.7,7.7,9.6,1120,2.8,2.6,3.1,367,6
3099,1490,284,126,215,19,411,165,1309,11.8,10.0,1.8,0.2,2.8,3.0,2340,9.9,38.3,31.2,20.6,11.0,15.9,14.7,542,2.7,104.6,230.8,212.0,80.3,74.4,6.5,6.1,2,25.5,51.5,49.1,53.9,8.3,7.4,9.2,2268,9.9,8.5,11.4,2720,12.9,11.8,14.0,3539,3.1,2.9,3.4,859,5
1045,684,269,621,66,6,517,153,155,11.7,8.4,3.3,1.0,5.5,6.5,1317,13.0,35.4,28.0,23.6,9.9,12.8,11.6,187,2.1,114.2,206.7,189.1,73.9,68.5,6.2,5.8,0,20.5,44.6,42.3,46.7,8.2,7.4,9.0,942,8.5,7.2,9.8,978,11.8,10.9,12.7,1359,3.1,2.9,3.4,359,6
1615,807,7880,105,162,16,257,111,1311,12.7,12.7,0.0,0.0,4.9,4.9,3085,20.8,42.9,23.9,12.4,25.1,34.4,33.5,490,5.9,64.1,228.7,202.9,79.1,71.9,7.0,6.1,8,21.3,52.8,50.9,54.6,9.1,8.5,9.8,1555,11.1,9.9,12.4,1896,16.3,15.4,17.2,2775,4.0,3.8,4.2,679,6
11827,7211,15775,881,3945,70,4167,-816,4585,11.8,10.2,1.6,3.6,-10.9,-7.3,11113,11.1,29.9,35.8,23.2,14.2,21.9,21.0,3757,5.2,80.9,284.4,240.5,99.6,87.2,7.0,5.8,58,24.6,48.5,46.6,50.5,7.9,7.1,8.7,8778,8.5,7.3,9.8,9523,11.6,10.8,12.5,12988,3.3,3.1,3.5,3661,3
4185,2199,1049,548,4656,87,1967,1035,282,10.2,5.6,4.6,0.8,9.7,10.4,1460,3.2,14.7,26.7,55.5,4.9,5.1,4.9,1165,2.9,134.7,285.7,262.5,95.4,88.9,7.8,7.1,20,17.5,28.0,26.1,30.0,4.5,4.0,5.0,2376,4.1,3.4,5.0,2198,6.5,5.9,7.1,3473,2.2,2.1,2.4,1179,2
6121,2638,3036,8432,1381,69,6020,1107,319,11.3,9.1,2.2,0.6,11.1,11.7,5035,9.6,32.9,34.2,23.3,10.0,13.7,13.0,1244,3.3,121.1,206.7,189.1,73.9,68.5,6.2,5.8,6,21.1,52.9,50.9,54.7,8.2,7.4,8.9,4945,8.5,7.4,9.7,5179,12.4,11.5,13.2,7489,3.1,2.9,3.3,1857,3
1459,878,152,58,54,141,213,75,277,10.2,10.9,-0.7,0.3,4.6,4.9,1430,11.3,40.0,30.9,17.7,9.8,13.9,12.8,257,2.8,108.5,273.1,236.3,86.6,79.0,7.0,6.3,0,25.7,46.8,44.1,49.2,8.9,7.9,9.8,1240,10.1,8.6,11.8,1421,12.3,11.2,13.3,1718,3.3,3.0,3.6,461,6
16592,8189,15075,14957,13361,349,16630,1741,10550,10.5,7.4,3.1,1.2,2.0,3.1,14082,8.0,25.6,33.9,32.5,11.9,12.5,11.2,4088,2.9,120.1,206.7,189.1,73.9,68.5,6.2,5.8,77,17.5,44.1,42.3,45.8,6.5,5.9,7.1,14352,6.8,5.9,7.7,14993,9.9,9.2,10.6,21808,2.5,2.4,2.7,5627,2
6002,3552,3567,152,330,22,1431,-599,2447,9.6,14.2,-4.6,-0.3,-4.1,-4.4,4593,9.7,43.4,31.6,15.3,19.0,26.8,24.3,1745,6.3,76.3,292.7,248.6,93.7,83.7,8.3,7.1,20,27.9,55.3,53.4,57.2,9.8,8.9,10.7,5190,10.8,9.5,12.3,5761,14.3,13.3,15.4,7597,3.5,3.3,3.8,1886,4
185,124,19,18,7,0,16,-4,13,7.9,9.2,-1.3,0.0,-1.3,-1.3,166,14.7,36.9,29.4,19.0,14.3,24.3,22.5,24,3.4,70.4,224.8,199.9,72.9,66.5,6.2,5.4,0,33.6,49.7,47.3,52.1,10.8,9.7,12.0,131,10.0,8.4,11.6,122,15.0,13.7,16.2,182,4.0,3.7,4.3,49,6
1176,733,2805,170,79,15,343,-42,144,11.4,13.1,-1.7,0.1,-1.6,-1.5,1009,11.6,40.8,32.1,15.5,20.2,31.1,29.9,312,6.6,68.3,224.8,199.9,72.9,66.5,6.2,5.4,0,28.0,52.0,50.1,53.8,9.7,8.9,10.5,925,9.4,8.3,10.6,897,15.4,14.5,16.3,1467,3.9,3.7,4.1,371,6
16663,8457,32536,1857,81265,441,15792,9855,1696,13.2,3.9,9.3,5.8,9.4,15.2,15975,6.5,12.4,20.3,60.8,3.6,3.6,3.1,5305,2.5,193.4,263.2,231.8,90.3,81.7,7.3,6.3,33,12.5,27.9,26.4,29.4,4.2,3.9,4.6,12367,4.1,3.4,4.8,11928,7.5,7.0,8.1,22002,2.0,1.9,2.2,5955,2
3935,1803,2515,349,713,209,960,498,653,11.9,9.4,2.5,0.7,5.6,6.2,8430,22.3,35.2,28.1,14.4,16.8,26.8,25.0,1053,3.8,83.7,228.7,202.9,79.1,71.9,7.0,6.1,8,19.4,49.1,47.0,50.9,8.5,7.7,9.4,3716,10.3,8.7,11.7,4474,13.4,12.4,14.4,5856,3.4,3.2,3.7,1493,5
1838,921,508,75,31,5,189,-123,280,10.7,14.9,-4.2,1.8,-3.9,-2.0,2852,20.9,41.0,28.1,10.0,15.2,21.5,20.0,393,4.6,92.7,191.3,174.8,65.9,61.2,7.1,6.7,0,26.7,51.0,48.8,53.1,10.2,9.3,11.3,1564,11.9,10.3,13.5,1816,14.5,13.4,15.5,2209,3.7,3.4,4.1,570,6
5337,2754,4275,283,928,36,1834,811,1330,11.5,9.7,1.7,0.1,8.6,8.8,5104,9.7,30.0,30.7,29.5,9.5,14.5,14.2,1375,3.3,116.6,230.8,212.0,80.3,74.4,6.5,6.1,16,21.8,40.3,38.0,42.8,6.8,6.1,7.5,4092,8.6,7.3,10.0,5173,11.3,10.4,12.4,6811,2.8,2.6,3.1,1708,2
601,261,44,22,14,3,92,57,94,10.6,8.2,2.4,-0.2,7.5,7.3,855,20.1,49.8,21.5,8.5,16.3,27.7,29.2,97,4.7,73.1,253.1,225.8,85.1,77.8,8.1,7.4,0,30.3,55.3,52.8,57.5,12.1,11.0,13.2,562,14.8,12.9,16.8,690,17.1,15.8,18.3,796,4.2,3.9,4.6,195,6
8605,5389,11370,1400,3347,204,3953,944,5083,15.0,10.1,4.9,2.0,0.1,2.0,9669,11.6,30.1,33.7,24.5,16.0,22.1,22.7,2072,3.2,79.2,224.8,199.9,72.9,66.5,6.2,5.4,110,19.1,42.1,40.2,43.9,7.0,6.4,7.6,7233,7.0,6.1,8.0,7286,11.2,10.5,11.9,11651,2.9,2.8,3.1,3053,4
3507,1877,416,149,131,11,537,72,575,10.9,11.6,-0.7,-0.1,2.5,2.5,3814,12.6,46.1,27.1,14.2,11.8,18.4,17.4,1044,5.4,98.5,292.7,248.6,93.7,83.7,8.3,7.1,0,23.0,49.1,46.7,51.3,9.0,8.2,9.9,3041,10.7,9.3,12.2,3597,13.3,12.3,14.3,4476,3.3,3.1,3.5,1107,2
7538,3476,4112,523,600,79,1475,109,941,9.6,11.8,-2.2,0.8,2.7,3.6,11913,20.3,32.5,32.0,15.3,15.9,22.4,20.3,1402,3.8,80.4,255.0,223.5,86.2,78.1,7.1,6.2,12,25.4,51.9,49.5,54.2,9.7,8.8,10.8,6373,10.9,9.3,12.7,7160,14.0,12.9,15.2,9188,3.6,3.4,4.0,2380,3
2776,1304,7126,790,1003,244,1753,-1659,3307,19.2,7.7,11.5,-1.0,-44.0,-45.0,3929,12.8,37.4,32.9,16.8,17.5,23.6,23.9,1057,6.6,99.3,260.3,231.8,84.1,75.8,9.1,7.8,7,15.0,44.4,42.7,46.1,6.8,6.2,7.3,2488,8.1,7.2,9.1,2986,10.9,10.3,11.6,4021,2.8,2.6,2.9,1019,5
5533,1904,1374,7385,1884,426,7493,1227,2082,14.0,5.7,8.3,1.3,1.9,3.2,5068,7.6,32.2,39.0,21.2,10.4,11.8,10.4,3640,7.6,99.6,276.9,256.7,112.8,105.6,9.6,8.5,14,16.2,40.3,38.4,42.1,5.9,5.4,6.5,4681,7.0,6.1,8.0,5513,8.9,8.2,9.6,6996,2.6,2.4,2.8,2049,3
8867,4861,24936,1529,14907,263,4679,3186,14246,12.2,4.7,7.4,7.1,-0.4,6.7,15388,13.3,19.6,26.2,40.8,23.2,20.2,19.1,3319,2.8,82.7,224.8,199.9,72.9,66.5,6.2,5.4,48,12.4,36.1,34.3,37.8,5.1,4.7,5.5,9212,5.3,4.6,6.0,9493,8.9,8.4,9.4,16030,2.4,2.3,2.5,4282,4
1875,1013,10862,208,167,125,412,-142,228,16.5,12.1,4.4,1.8,-11.2,-9.5,4743,25.7,35.5,26.1,12.7,25.5,36.8,37.2,515,3.9,85.0,191.3,174.8,65.9,61.2,7.1,6.7,0,19.9,57.0,55.4,58.6,9.7,9.0,10.4,2006,11.3,10.1,12.6,2350,17.8,16.9,18.7,3681,4.1,3.9,4.4,859,6
1774,887,799,107,97,14,196,0,2456,7.4,12.3,-4.9,1.0,3.9,4.9,2325,17.7,29.7,32.0,20.6,16.8,25.4,24.4,278,3.6,77.3,255.0,223.5,86.2,78.1,7.1,6.2,0,27.5,46.3,43.9,48.9,9.5,8.5,10.6,1418,10.1,8.5,11.8,1505,12.8,11.7,14.0,1911,3.5,3.3,3.9,528,6
708,532,49,98,100,5,162,-347,98,11.8,8.5,3.3,-0.4,-39.6,-40.1,457,6.7,28.3,38.8,26.2,11.3,14.3,12.0,133,2.8,89.0,239.2,214.5,88.2,80.3,6.8,6.2,4,23.9,44.8,42.5,47.2,7.2,6.5,8.0,513,6.9,5.8,8.0,488,10.4,9.5,11.4,744,3.0,2.8,3.3,215,6
236,205,64,420,52,0,112,55,130,14.4,5.1,9.3,3.5,-0.2,3.3,296,9.9,35.0,34.2,21.0,10.4,12.7,11.7,49,1.6,101.7,237.6,217.1,87.0,79.6,10.5,9.7,0,24.8,44.0,41.7,46.0,7.6,6.9,8.3,250,6.7,5.8,7.8,221,11.1,10.2,12.0,368,2.9,2.7,3.2,97,6
729,369,5141,154,251,87,742,225,329,12.4,5.2,7.2,-0.9,5.6,4.7,1681,14.8,31.5,38.1,15.5,16.8,23.7,22.2,318,4.0,79.2,228.7,202.9,79.1,71.9,7.0,6.1,0,13.4,46.7,44.8,48.4,6.6,6.1,7.0,912,8.2,7.3,9.2,1142,12.7,12.0,13.3,1756,3.1,2.9,3.2,423,4
755,349,3118,24,67,1,102,-75,152,10.3,10.6,-0.4,0.1,-9.0,-8.9,1232,21.8,37.5,29.5,11.2,22.9,35.5,33.6,182,6.5,61.9,228.7,202.9,79.1,71.9,7.0,6.1,0,24.4,55.5,53.7,57.1,10.7,9.9,11.5,687,12.3,11.0,13.7,789,19.0,17.9,20.1,1220,4.6,4.3,4.9,296,6
3529,1315,10286,353,813,117,1762,610,1961,14.6,6.8,7.8,-0.5,4.1,3.6,2709,8.2,31.5,35.8,24.5,15.8,20.8,19.7,872,4.2,96.5,228.7,202.9,79.1,71.9,7.0,6.1,5,16.3,42.1,40.2,43.9,6.4,5.9,7.0,2602,7.3,6.4,8.3,2983,11.1,10.5,11.8,4511,2.8,2.7,3.0,1151,5
2085,872,3697,339,148,85,597,262,2464,9.7,11.9,-2.2,1.0,11.8,12.8,3308,18.8,41.5,28.0,11.7,22.8,32.0,30.8,379,3.8,70.8,265.2,240.7,86.8,80.1,6.9,6.0,0,22.7,53.1,51.4,54.7,10.2,9.4,11.1,2028,12.4,11.0,14.1,2480,14.3,13.4,15.1,2845,3.8,3.6,4.1,755,6
25001,14794,3504,2825,3383,318,2427,727,3376,15.5,6.5,8.9,1.2,-8.4,-7.2,80565,32.8,26.0,24.0,17.3,27.9,40.2,38.5,10235,6.2,62.8,224.8,199.9,72.9,66.5,6.2,5.4,104,17.0,50.5,47.9,52.8,8.7,8.0,9.6,25838,7.3,6.3,8.4,21619,18.0,16.7,19.3,53095,4.2,3.9,4.5,12401,3
4132,2786,1946,1948,837,1773,2488,-579,1831,14.4,10.5,3.9,1.0,-14.3,-13.4,4785,11.8,36.8,29.0,22.4,15.2,21.9,20.8,832,3.0,100.9,206.7,189.1,73.9,68.5,6.2,5.8,30,21.0,50.8,48.8,52.8,8.6,7.8,9.5,3900,8.5,7.3,9.9,3855,11.8,10.9,12.7,5326,3.2,2.9,3.4,1424,5
183,126,3,32,2,0,48,-28,35,11.0,9.2,1.7,0.0,-18.5,-18.5,64,5.2,28.4,40.0,26.4,12.2,16.4,15.7,28,2.9,85.8,247.1,236.2,91.5,88.0,9.8,9.4,0,33.2,37.3,34.6,39.7,9.1,8.1,10.2,131,8.1,6.7,9.4,115,12.0,10.8,13.1,171,3.6,3.3,4.0,52,6
1896,873,148,44,32,1,168,-423,135,10.2,13.9,-3.7,0.0,-15.4,-15.4,3294,20.3,50.6,20.7,8.4,22.5,27.6,24.7,458,6.1,86.5,263.4,231.6,100.1,89.4,10.5,9.2,0,25.6,62.2,60.0,64.2,12.1,11.0,13.2,2089,15.7,13.8,17.7,2707,17.9,16.6,19.2,3096,3.9,3.6,4.2,671,4
1532,958,97,53,118,2,166,-110,76,11.9,13.1,-1.2,0.5,-6.1,-5.6,1345,11.6,36.3,37.5,14.6,13.8,21.0,21.8,386,5.6,77.6,284.4,240.5,99.6,87.2,7.0,5.8,4,26.7,47.6,44.9,49.9,9.0,8.1,9.9,1135,10.1,8.6,11.7,1270,12.1,11.1,13.2,1533,3.5,3.2,3.8,441,6
3553,1815,1004,230,319,12,848,199,1979,11.3,9.7,1.7,1.3,1.6,2.9,3289,10.9,41.3,33.6,14.2,14.5,21.2,19.0,720,3.7,89.1,287.0,249.7,97.8,87.6,7.9,6.7,10,23.8,51.4,49.1,53.7,9.1,8.3,10.1,3066,10.6,9.3,12.2,3566,12.3,11.4,13.3,4115,3.4,3.2,3.7,1140,5
11646,6167,67003,699,3394,138,2695,1202,10557,11.9,8.7,3.3,1.1,1.4,2.5,14748,11.6,29.9,28.3,30.3,16.8,20.9,19.9,3714,3.7,105.4,217.1,196.7,77.2,71.2,7.6,6.9,84,17.8,45.6,43.8,47.3,6.5,6.0,7.1,10770,7.5,6.5,8.5,12334,12.0,11.2,12.8,19810,2.8,2.7,3.0,4691,4
858,764,67,21,47,5,85,-1,203,10.4,12.7,-2.3,0.2,2.1,2.3,737,10.1,39.9,32.4,17.7,9.2,12.3,11.5,107,1.9,99.1,218.2,193.1,84.8,77.9,6.9,6.5,0,28.0,47.1,44.6,49.2,8.6,7.7,9.6,691,7.9,6.8,9.3,641,11.3,10.3,12.4,914,3.3,3.0,3.6,267,6
1304,741,6067,114,106,16,255,-47,2247,9.4,13.7,-4.3,1.4,-0.1,1.3,2399,21.8,37.9,27.5,12.7,22.4,27.9,25.9,222,3.1,63.9,263.2,231.8,90.3,81.7,7.3,6.3,0,24.5,50.8,49.0,52.5,9.4,8.7,10.1,1172,10.1,9.1,11.3,1265,16.2,15.4,17.1,2025,4.0,3.8,4.3,503,6
474,310,237,85,27,1,130,-27,34,13.5,7.5,6.0,1.5,-12.1,-10.6,1014,26.5,27.9,29.6,15.9,21.0,33.3,30.9,141,5.2,65.8,224.8,199.9,72.9,66.5,6.2,5.4,0,24.2,52.2,50.4,54.1,9.8,9.1,10.6,418,8.7,7.7,9.9,372,16.5,15.6,17.5,705,4.1,3.8,4.3,174,6
4203,1964,2995,439,307,22,1033,-19,5134,10.9,8.4,2.5,0.0,-2.8,-2.7,4280,9.9,39.6,34.4,16.1,9.9,12.4,12.1,1037,3.4,108.9,287.0,249.7,97.8,87.6,7.9,6.7,2,20.1,45.1,42.9,47.4,7.5,6.9,8.3,3767,9.1,8.0,10.4,4567,10.7,9.9,11.5,5334,2.9,2.7,3.1,1455,5
24466,13479,5829,3980,11330,530,10155,1172,16232,8.9,8.4,0.5,0.6,3.1,3.7,17123,9.1,19.8,36.4,34.6,12.7,10.8,10.1,4151,2.9,93.9,279.6,243.8,96.2,87.1,7.2,6.2,46,25.0,37.6,35.7,39.4,6.3,5.7,7.0,14743,6.3,5.3,7.3,14700,9.6,8.9,10.4,22537,3.0,2.8,3.2,6945,3
326,210,28,246,20,3,97,-15,11,10.9,6.3,4.6,0.0,-8.7,-8.7,254,10.3,37.2,34.0,18.5,13.9,18.7,17.5,45,2.4,103.8,206.7,189.1,73.9,68.5,6.2,5.8,0,23.9,50.3,47.9,52.6,10.2,9.2,11.2,278,10.1,8.8,11.7,276,13.9,12.8,15.0,381,3.7,3.4,4.0,100,6
35678,19920,67410,1805,6363,345,7390,7728,3039,9.5,10.7,-1.3,4.2,21.3,25.5,30609,13.9,33.7,32.1,20.3,12.1,18.5,18.2,6245,4.4,96.3,265.2,240.7,86.8,80.1,6.9,6.0,69,29.3,47.1,45.5,48.6,9.7,8.9,10.6,24957,10.1,8.8,11.5,26088,14.9,14.0,15.8,38342,3.9,3.7,4.2,10065,3
372,252,89,139,28,2,102,-70,666,8.9,8.2,0.7,0.5,-18.3,-17.8,616,20.0,42.1,25.2,12.7,20.4,27.2,26.5,59,3.3,85.3,244.8,213.8,91.1,82.1,7.7,7.3,0,24.5,44.2,42.3,45.9,8.2,7.6,9.0,276,7.8,6.9,8.8,261,13.1,12.3,13.8,436,3.7,3.4,3.9,122,6
4358,2312,6681,913,392,27,1472,131,681,13.0,13.3,-0.3,0.2,2.9,3.0,5201,15.4,33.6,33.3,17.6,14.4,22.2,21.9,905,3.8,75.5,224.8,199.9,72.9,66.5,6.2,5.4,20,24.3,50.5,48.4,52.4,9.4,8.6,10.3,3579,9.7,8.5,11.1,3686,14.3,13.4,15.2,5416,3.7,3.5,4.0,1400,5
1235,872,105,106,84,3,153,-24,100,12.0,8.6,3.4,-0.1,-4.7,-4.8,1116,9.8,38.9,32.4,18.9,11.3,16.9,15.2,236,2.3,99.9,264.9,238.3,94.6,86.4,7.9,7.1,0,24.3,41.9,39.3,44.4,8.0,7.0,8.9,1003,7.6,6.4,8.9,956,10.6,9.6,11.6,1339,3.2,3.0,3.5,404,6
1557,763,732,99,37,6,191,148,129,9.7,14.1,-4.4,-0.4,18.7,18.4,1097,13.7,39.0,31.3,16.0,17.6,28.5,27.1,281,7.9,67.0,224.8,199.9,72.9,66.5,6.2,5.4,0,37.7,54.9,52.2,57.2,13.1,11.8,14.5,1131,12.4,10.6,14.3,1067,17.9,16.5,19.3,1540,4.7,4.4,5.1,407,6
2734,1340,226,158,122,10,511,73,773,8.9,10.5,-1.6,1.1,3.3,4.4,2452,12.4,38.3,27.6,21.6,12.2,16.7,16.6,604,4.4,79.9,367.1,322.7,130.3,121.5,11.7,9.9,5,29.4,41.5,39.3,43.6,8.3,7.3,9.2,1795,8.9,7.5,10.5,1941,11.1,10.0,12.1,2417,3.4,3.1,3.7,732,6
2835,1283,1109,172,88,8,438,217,290,8.4,13.1,-4.7,0.0,13.0,13.0,3692,19.8,38.3,29.0,12.9,16.3,24.7,22.2,415,3.6,84.5,217.1,196.7,77.2,71.2,7.6,6.9,0,29.1,55.9,53.7,58.1,10.8,9.8,12.0,2282,12.1,10.4,13.9,2540,15.9,14.7,17.2,3353,3.9,3.6,4.2,814,6
4686,2360,573,290,366,20,409,661,306,9.6,11.7,-2.1,0.7,20.3,21.0,2938,11.4,30.6,33.9,24.2,16.3,26.1,26.5,599,3.9,86.1,255.0,223.5,86.2,78.1,7.1,6.2,5,35.4,44.6,42.2,46.9,10.5,9.4,11.7,3027,10.6,8.6,12.3,3030,14.3,12.9,15.6,4098,3.9,3.6,4.3,1130,6
4872,2670,942,166,463,23,577,-493,2410,7.2,12.7,-5.5,0.7,-6.2,-5.4,3875,11.8,37.7,28.6,21.9,15.9,26.2,24.3,928,4.8,70.0,375.1,304.1,112.9,94.8,10.2,7.4,0,30.9,47.6,45.5,49.7,9.6,8.6,10.6,3564,10.1,8.5,11.6,3742,12.7,11.5,13.7,4706,3.5,3.3,3.8,1318,6
2177,1260,736,125,169,41,351,73,581,15.8,10.1,5.7,0.0,-3.5,-3.5,5465,26.8,33.8,25.7,13.8,11.5,17.4,14.9,447,2.7,99.5,230.8,212.0,80.3,74.4,6.5,6.1,5,20.2,45.2,42.9,47.3,8.5,7.6,9.5,2001,11.5,9.9,13.4,2702,13.2,12.1,14.2,3091,3.3,3.1,3.6,779,5
357,188,626,203,72,1,128,60,2811,3.9,6.7,-2.7,0.0,12.9,12.9,590,15.2,41.7,33.5,9.6,44.3,29.7,24.9,67,4.4,49.9,285.7,262.5,95.4,88.9,7.8,7.1,0,19.5,42.1,40.1,44.0,7.2,6.7,7.8,374,7.3,6.5,8.2,377,11.2,10.6,11.8,577,3.2,3.1,3.5,168,6
1177,378,50,220,61,11,260,160,230,7.7,9.7,-2.0,0.3,15.1,15.5,441,5.2,28.5,32.3,34.0,7.7,10.4,9.0,216,3.8,123.8,247.1,236.2,91.5,88.0,9.8,9.4,0,29.6,37.3,34.5,39.8,7.2,6.4,8.1,698,6.7,5.5,7.9,642,10.5,9.4,11.5,1008,3.0,2.8,3.3,291,5
3193,1561,19093,148,756,36,569,-98,5686,8.7,10.9,-2.2,0.6,-0.5,0.1,4375,15.6,36.4,27.1,20.9,23.8,31.3,30.0,871,5.0,72.9,228.7,202.9,79.1,71.9,7.0,6.1,12,20.4,48.9,47.1,50.7,8.1,7.5,8.7,2945,9.1,8.0,10.1,3306,14.9,14.0,15.7,5419,3.6,3.4,3.8,1319,5
864,415,43,103,23,6,203,-50,80,10.7,10.6,0.1,0.0,-6.1,-6.1,1113,19.2,42.5,22.6,15.8,22.6,37.4,35.5,162,5.0,60.1,273.1,236.3,86.6,79.0,7.0,6.3,0,27.5,52.7,50.0,55.1,11.8,10.7,13.0,757,14.1,12.2,16.2,908,16.0,14.7,17.3,1029,4.3,3.9,4.7,274,6
503,389,32,78,27,14,121,-77,129,10.3,17.1,-6.9,0.4,-7.4,-7.0,377,9.6,40.0,33.3,17.1,14.3,20.2,18.9,79,2.9,78.4,227.6,206.5,88.0,80.5,6.8,6.3,0,29.1,47.5,44.9,49.8,9.2,8.3,10.2,382,9.3,8.0,10.8,384,13.5,12.4,14.7,559,3.6,3.3,3.9,148,6
610,513,73,114,48,2,167,19,312,12.6,11.1,1.5,0.9,0.0,0.9,396,7.3,25.5,40.4,26.8,8.2,8.3,7.2,117,2.6,91.8,237.6,217.1,87.0,79.6,10.5,9.7,0,25.5,45.3,42.9,47.6,7.5,6.7,8.3,463,6.2,5.2,7.3,388,10.5,9.5,11.5,653,2.9,2.7,3.2,183,6
1818,865,1378,132,83,7,278,30,138,9.6,15.1,-5.5,1.0,6.7,7.6,1772,16.6,37.5,33.1,12.8,17.7,30.3,29.1,275,5.1,66.8,224.8,199.9,72.9,66.5,6.2,5.4,0,34.9,54.0,51.9,56.0,11.7,10.7,12.7,1376,11.5,9.9,13.0,1352,17.0,15.9,18.1,2006,4.4,4.1,4.7,514,5
669,407,1209,47,191,4,223,57,56,14.3,4.8,9.6,9.5,-14.0,-4.5,380,4.7,18.4,25.2,51.7,5.9,5.6,5.4,332,4.4,122.2,449.5,353.7,134.3,114.6,9.6,7.3,0,20.9,32.8,30.7,35.0,5.5,4.9,6.1,488,5.0,4.2,6.0,448,8.1,7.4,8.9,726,2.5,2.3,2.7,222,6
2351,1226,9585,111,127,43,292,-105,145,10.3,13.4,-3.1,0.0,-1.5,-1.5,2767,16.7,34.5,32.0,16.8,20.3,30.6,30.2,463,5.0,80.8,255.0,223.5,86.2,78.1,7.1,6.2,6,29.4,54.7,52.9,56.4,10.4,9.7,11.3,1887,10.8,9.5,12.1,1959,18.2,17.2,19.3,3294,4.5,4.2,4.8,810,6
33576,20103,118686,2671,8203,289,9416,-355,6417,11.2,10.3,0.8,0.3,-1.8,-1.5,39031,11.9,35.0,31.0,22.1,15.7,24.6,25.2,11482,4.9,99.2,230.8,212.0,80.3,74.4,6.5,6.1,188,21.5,50.5,49.0,51.9,7.7,7.1,8.4,28767,9.4,8.3,10.5,34844,14.7,13.9,15.5,54466,3.4,3.2,3.6,12591,2
8719,3912,37852,611,6876,148,2764,2300,4958,11.5,6.8,4.6,2.1,7.4,9.5,9049,9.5,24.1,32.3,34.1,19.0,19.3,19.2,2703,3.6,98.1,217.1,196.7,77.2,71.2,7.6,6.9,28,15.7,42.7,40.8,44.5,6.3,5.9,6.9,8188,7.2,6.3,8.1,9275,11.2,10.5,11.9,14475,2.8,2.6,2.9,3551,4
11805,7013,13586,675,5270,123,5358,591,3408,12.2,8.6,3.6,1.6,-1.8,-0.1,8215,7.1,29.9,31.2,31.9,12.4,17.8,16.3,2567,3.0,99.7,218.2,193.1,84.8,77.9,6.9,6.5,46,21.5,44.0,42.0,45.9,6.6,5.9,7.3,8722,6.4,5.4,7.4,8426,9.9,9.1,10.8,13153,2.8,2.6,3.0,3731,3
6563,3433,4539,1498,1651,228,1759,-1,1062,12.8,8.0,4.8,0.1,-4.9,-4.8,20409,30.6,28.9,24.7,15.7,14.2,19.5,17.4,2149,4.7,80.3,228.7,202.9,79.1,71.9,7.0,6.1,34,17.9,45.1,43.3,46.9,8.2,7.4,9.0,6299,9.5,8.2,10.9,7307,14.0,13.1,15.0,10829,3.4,3.2,3.7,2634,4
3000,1611,2719,361,262,47,731,317,443,12.0,11.4,0.7,0.0,7.9,8.0,3956,16.3,36.2,29.2,18.3,14.6,21.1,20.3,584,3.4,85.9,224.8,199.9,72.9,66.5,6.2,5.4,10,23.0,50.1,47.7,52.2,9.0,8.2,9.9,2507,9.2,7.9,10.6,2559,13.9,12.9,14.9,3857,3.5,3.3,3.8,984,5
2284,1659,903,563,363,9,687,-176,1260,13.6,10.3,3.3,1.5,-10.4,-8.9,1726,8.1,32.3,35.5,24.1,12.0,16.1,16.0,615,3.7,85.6,302.7,265.0,104.9,96.0,7.4,6.6,5,23.9,43.3,41.2,45.5,7.1,6.3,7.9,1694,6.1,5.2,7.2,1465,10.3,9.4,11.2,2466,3.0,2.8,3.3,722,4
2862,1522,15970,422,249,16,898,-379,2192,13.6,10.2,3.4,0.3,-13.5,-13.2,3123,13.5,35.0,33.7,17.8,32.8,33.4,29.7,961,5.8,75.6,260.3,231.8,84.1,75.8,9.1,7.8,8,21.2,49.5,47.5,51.2,9.2,8.6,9.9,2724,10.6,9.5,11.7,3141,15.5,14.7,16.3,4584,3.9,3.7,4.2,1165,5
1632,637,247,66,127,41,300,121,456,15.7,9.9,5.9,-0.2,-0.8,-1.0,2158,13.5,48.7,24.2,13.6,13.9,20.3,18.4,506,4.3,107.5,230.9,214.6,77.3,72.9,8.3,7.6,0,18.1,52.8,50.4,55.0,9.1,8.3,9.9,1679,11.8,10.3,13.4,2179,14.0,13.0,15.1,2594,3.1,2.9,3.4,580,2
23488,10936,14082,803,8110,218,5311,10333,3042,8.5,8.1,0.4,1.4,39.5,40.9,9024,5.4,21.4,29.4,43.7,6.6,7.3,6.6,3667,2.9,147.8,265.2,240.7,86.8,80.1,6.9,6.0,47,25.2,38.7,36.5,40.9,7.5,6.7,8.4,14980,7.7,6.5,9.1,15354,10.3,9.5,11.3,20588,2.9,2.7,3.2,5862,2
1362,919,226,35,49,6,132,-61,489,12.1,11.4,0.6,-0.1,-4.5,-4.5,1245,11.3,41.2,32.3,15.1,14.1,19.6,19.1,349,4.8,73.5,284.4,240.5,99.6,87.2,7.0,5.8,0,26.3,49.4,47.2,51.7,9.1,8.3,10.1,1109,10.5,9.0,11.9,1269,12.5,11.5,13.5,1515,3.6,3.3,3.9,432,6
49816,28502,36105,1998,8954,369,7229,9405,4810,8.9,10.7,-1.9,4.0,21.8,25.8,29910,10.8,30.4,29.5,29.3,10.4,17.3,16.2,6025,3.4,107.5,265.2,240.7,86.8,80.1,6.9,6.0,90,33.2,45.4,43.4,47.3,10.2,9.1,11.3,32766,10.0,8.4,11.8,32144,13.4,12.3,14.5,43242,3.8,3.5,4.1,12242,3
458,339,35,30,53,3,83,-54,72,12.5,14.3,-1.8,0.2,-9.1,-8.9,358,10.0,31.3,34.8,24.0,11.2,15.4,15.3,81,3.2,81.5,227.6,206.5,88.0,80.5,6.8,6.3,0,27.0,45.7,43.2,48.2,8.6,7.6,9.6,334,8.6,7.2,10.1,335,12.5,11.3,13.6,486,3.4,3.1,3.7,131,6
1621,1237,886,200,1174,17,420,-324,900,13.9,8.7,5.2,4.2,-22.1,-17.9,1316,8.0,33.1,33.5,25.4,12.1,14.1,12.4,426,2.9,82.1,302.7,265.0,104.9,96.0,7.4,6.6,0,20.4,42.8,40.6,44.8,6.8,6.1,7.5,1286,5.8,4.9,6.8,1101,9.8,8.9,10.6,1858,2.9,2.7,3.1,546,5
3273,1811,295,124,215,6,417,-223,454,9.6,13.7,-4.1,0.0,-2.2,-2.2,2957,11.6,36.8,34.3,17.2,16.6,21.3,19.8,895,6.6,98.5,230.9,214.6,77.3,72.9,8.3,7.6,0,26.4,57.3,55.2,59.4,10.5,9.6,11.6,2909,12.5,10.8,14.5,3458,14.5,13.4,15.8,4030,3.6,3.3,3.9,986,3
666,304,2294,105,130,4,287,-93,228,11.9,9.3,2.6,-0.4,-11.0,-11.4,1409,20.6,35.7,27.3,16.4,20.3,30.7,28.9,169,4.4,70.9,228.7,202.9,79.1,71.9,7.0,6.1,0,19.0,46.1,44.2,48.1,8.1,7.5,8.8,639,9.8,8.6,10.9,767,14.1,13.2,14.9,1106,3.5,3.2,3.7,272,4
3527,2260,948,234,1367,7,656,121,4084,9.0,8.8,0.2,0.7,1.5,2.3,2175,7.0,27.4,35.8,29.8,13.0,11.1,9.9,753,2.6,79.8,302.7,265.0,104.9,96.0,7.4,6.6,8,21.4,39.8,37.6,41.9,6.3,5.6,6.9,2607,5.3,4.5,6.2,2210,8.9,8.1,9.6,3709,2.6,2.5,2.8,1104,5
2246,1327,171,381,207,16,362,81,461,14.0,9.3,4.8,0.7,-2.7,-1.9,2042,10.2,38.8,31.6,19.4,8.0,10.6,10.1,469,2.9,93.7,264.9,238.3,94.6,86.4,7.9,7.1,0,23.6,47.6,45.3,49.9,7.5,6.7,8.3,1655,7.3,6.2,8.4,1603,10.1,9.1,11.0,2224,3.1,2.8,3.3,674,6
891,517,239,52,36,2,174,54,128,11.9,10.9,1.0,0.0,5.3,5.3,644,10.5,48.3,28.3,12.8,13.6,22.5,21.5,141,3.6,84.9,273.1,236.3,86.6,79.0,7.0,6.3,0,29.0,51.2,48.7,53.5,10.1,9.1,11.1,682,11.4,9.8,12.9,770,13.9,12.7,15.0,942,3.7,3.4,4.0,250,6
7759,4314,694,1232,731,53,1803,777,1455,9.9,9.2,0.7,0.2,7.6,7.7,3181,4.8,24.4,35.7,35.1,9.5,11.5,10.2,1811,3.7,114.0,287.0,249.7,97.8,87.6,7.9,6.7,20,25.2,37.5,35.2,39.7,7.6,6.8,8.4,5616,8.2,6.8,9.6,6049,9.9,8.9,10.8,7275,3.0,2.7,3.2,2188,5
2938,1984,209,130,209,289,481,49,439,14.8,9.2,5.6,0.6,-5.1,-4.4,2249,8.3,46.5,28.4,16.7,7.6,10.1,10.1,649,2.8,111.8,292.7,248.6,93.7,83.7,8.3,7.1,5,23.4,45.1,42.9,47.1,8.2,7.5,9.0,2502,9.2,8.0,10.5,2798,12.0,11.0,12.9,3637,3.0,2.8,3.3,918,5
1149,582,45,155,35,9,232,-6,121,10.3,13.6,-3.2,-0.5,3.2,2.8,1379,18.2,40.2,29.4,12.2,23.8,37.7,35.1,136,3.5,60.1,273.1,236.3,86.6,79.0,7.0,6.3,0,31.1,53.1,50.8,55.4,11.7,10.6,12.9,953,13.5,11.7,15.5,1105,16.2,15.0,17.5,1325,4.2,3.9,4.6,345,6
469,235,37,62,13,12,66,51,71,10.1,14.8,-4.6,0.3,19.1,19.4,374,15.3,28.2,35.9,20.6,18.1,35.6,37.7,53,5.0,65.2,224.8,199.9,72.9,66.5,6.2,5.4,0,41.0,55.6,53.7,57.3,12.8,11.7,14.1,371,11.6,9.9,13.5,335,18.8,17.4,20.1,543,4.8,4.5,5.2,140,6
2337,1579,130,248,152,16,377,-45,433,10.9,12.0,-1.1,0.0,-0.6,-0.6,972,5.2,33.8,34.5,26.5,10.8,15.1,14.4,479,3.8,92.4,287.0,249.7,97.8,87.6,7.9,6.7,6,29.0,48.2,45.4,50.8,9.3,8.3,10.4,1891,9.8,8.3,11.5,1991,12.0,10.8,13.1,2430,3.4,3.2,3.7,696,5
675,514,47,56,25,2,83,-67,88,11.2,12.3,-1.1,0.8,-9.1,-8.3,451,8.8,39.9,36.0,15.3,11.8,15.3,13.5,103,2.5,78.8,239.2,214.5,88.2,80.3,6.8,6.2,0,33.0,48.7,46.4,50.9,9.2,8.2,10.2,510,8.7,7.3,10.0,479,12.6,11.5,13.7,699,3.6,3.3,3.9,199,6
3164,1710,254,1271,199,43,760,181,505,8.6,9.3,-0.7,0.5,5.7,6.2,1481,6.2,24.5,35.6,33.7,8.3,11.4,10.7,1037,5.9,104.0,287.0,249.7,97.8,87.6,7.9,6.7,58,28.1,42.8,40.2,45.1,8.6,7.8,9.6,2319,9.0,7.4,10.6,2415,10.9,9.8,11.9,2923,3.2,3.0,3.5,873,6
7880,4101,36912,1019,10805,231,5279,876,1834,17.4,5.3,12.1,14.6,-21.2,-6.6,8872,7.5,12.0,18.4,62.1,10.1,16.1,17.3,2255,2.2,136.9,263.2,231.8,90.3,81.7,7.3,6.3,40,15.4,33.4,31.8,35.0,4.5,4.2,4.9,5962,4.5,3.8,5.3,5958,8.3,7.7,8.8,10829,2.3,2.2,2.4,3032,1
645,220,177,1710,2968,128,995,-174,386,15.4,4.2,11.2,6.0,-30.2,-24.1,889,10.1,31.3,32.6,26.0,8.2,9.9,8.8,362,5.8,98.9,276.9,256.7,112.8,105.6,9.6,8.5,0,13.9,36.3,35.0,37.7,5.3,5.0,5.7,529,5.7,5.1,6.4,568,9.5,9.0,10.0,945,2.4,2.3,2.5,239,6
959,515,1744,94,35,3,145,7,434,11.4,14.4,-3.0,0.3,3.4,3.6,1683,21.8,43.4,22.2,12.6,23.3,34.0,32.6,358,9.2,81.9,260.3,231.8,84.1,75.8,9.1,7.8,0,24.7,52.3,50.1,54.3,10.5,9.6,11.4,886,12.4,10.7,13.9,1044,15.6,14.6,16.6,1319,4.0,3.7,4.3,339,6
1305,970,158,27,62,2,143,-89,217,11.2,10.2,1.1,0.2,-6.5,-6.3,1030,8.7,43.1,31.6,16.6,9.0,11.9,11.5,215,2.1,102.1,218.2,193.1,84.8,77.9,6.9,6.5,0,25.5,46.1,43.8,48.5,8.0,7.2,8.9,1048,7.7,6.5,8.9,999,11.3,10.2,12.3,1468,3.2,2.9,3.4,412,6
5585,3079,1360,533,638,26,1134,-36,4582,8.5,8.7,-0.1,0.3,-0.6,-0.3,4215,8.8,34.0,30.2,27.0,10.8,14.3,13.2,1564,4.8,87.4,375.1,304.1,112.9,94.8,10.2,7.4,6,23.6,40.4,38.5,42.3,7.3,6.5,8.1,4170,8.4,7.1,9.8,4808,10.4,9.5,11.3,5951,2.9,2.7,3.1,1656,3
21370,11063,2086,3602,3424,789,7803,2803,3630,10.5,10.7,-0.2,0.1,12.9,13.0,15862,10.4,26.3,36.0,27.4,14.8,21.0,19.2,5023,4.8,87.9,303.4,271.5,109.4,101.0,9.2,8.3,50,28.3,43.5,41.4,45.5,8.3,7.4,9.3,14535,8.8,7.3,10.3,15322,12.2,11.1,13.2,21297,3.4,3.2,3.7,6003,4
4192,2029,16949,606,855,87,1119,97,16932,8.7,8.1,0.5,3.1,-2.3,0.8,6864,14.9,38.6,25.9,20.6,26.1,28.3,27.4,1009,4.2,72.0,224.8,199.9,72.9,66.5,6.2,5.4,6,16.9,46.1,44.4,47.9,7.2,6.7,7.8,4458,7.3,6.5,8.2,4493,12.3,11.6,13.0,7566,3.0,2.9,3.2,1859,5
4026,2186,2258,172,295,19,915,324,4722,9.9,10.5,-0.5,0.2,6.0,6.2,5081,12.8,41.0,27.7,18.6,12.1,15.6,14.0,1123,4.3,104.6,292.7,248.6,93.7,83.7,8.3,7.1,8,20.4,48.1,45.5,50.4,7.6,6.9,8.3,3462,9.2,7.9,10.5,4178,11.7,10.7,12.6,5350,2.9,2.6,3.1,1303,2
1470,787,82,96,40,2,219,157,165,7.5,16.2,-8.6,0.5,21.2,21.7,1364,15.4,37.2,35.6,11.8,20.6,32.8,29.9,192,4.0,75.7,207.6,188.2,79.9,75.0,7.0,6.5,0,33.9,53.4,51.1,55.7,13.0,11.8,14.2,1269,13.4,11.6,15.4,1305,16.4,15.2,17.7,1600,4.4,4.1,4.8,430,6
1118,600,1819,198,44,5,152,-12,1242,11.1,11.4,-0.3,0.7,-1.0,-0.3,2294,22.8,41.8,23.2,12.2,19.5,24.2,22.8,276,4.4,95.3,260.3,231.8,84.1,75.8,9.1,7.8,0,22.5,53.2,51.1,55.1,9.3,8.4,10.1,1065,11.2,9.7,12.7,1292,13.7,12.7,14.6,1571,3.5,3.3,3.8,407,6
651,502,33,68,45,2,135,-3,190,9.6,13.7,-4.1,-0.4,4.2,3.8,315,6.0,31.8,38.1,24.2,11.1,18.3,18.0,110,3.2,96.3,227.6,206.5,88.0,80.5,6.8,6.3,0,27.7,44.6,42.0,46.9,8.0,7.1,8.9,455,7.6,6.4,9.0,435,11.9,10.7,13.0,679,3.1,2.9,3.4,179,3
1140,590,121,1123,77,5,480,-41,133,12.6,10.1,2.5,-0.2,-5.4,-5.6,496,5.5,39.1,34.0,21.3,10.5,14.6,14.0,216,3.0,96.9,227.6,206.5,88.0,80.5,6.8,6.3,0,26.1,46.3,44.1,48.3,7.9,7.2,8.7,788,8.0,6.8,9.2,799,12.5,11.6,13.5,1250,3.2,2.9,3.4,314,4
803,587,48,47,44,5,120,12,89,12.6,12.7,-0.1,-0.1,1.8,1.7,399,6.3,39.5,34.0,20.1,12.1,17.2,15.6,122,2.3,86.3,218.2,193.1,84.8,77.9,6.9,6.5,4,28.6,51.9,49.4,54.1,8.4,7.5,9.2,577,7.7,6.5,9.0,533,11.4,10.4,12.4,787,3.3,3.0,3.6,227,6
2966,1631,2691,343,960,178,1518,-107,3684,12.8,7.1,5.7,0.2,-7.9,-7.7,2478,8.0,30.3,33.3,28.4,14.1,13.9,12.9,844,3.7,95.8,273.1,236.3,86.6,79.0,7.0,6.3,0,16.2,40.0,37.8,42.1,5.9,5.4,6.5,2509,7.0,6.1,8.0,2970,8.8,8.1,9.5,3723,2.4,2.3,2.6,1030,5
34684,20023,378476,2723,16663,479,12844,-7346,26054,13.1,11.4,1.7,3.3,-17.1,-13.8,64129,15.1,29.9,23.8,31.2,18.9,26.1,27.3,16454,5.7,60.8,386.0,306.1,116.2,97.6,9.6,7.5,508,18.7,44.4,42.7,46.0,6.3,5.8,6.8,30044,7.4,6.5,8.4,35576,14.1,13.1,15.0,67471,3.6,3.3,3.8,17034,1
712,441,4205,8,36,7,57,-158,310,10.4,11.1,-0.7,-0.1,-22.3,-22.4,1129,24.2,37.2,27.0,11.7,30.8,44.3,45.7,146,5.9,48.3,228.7,202.9,79.1,71.9,7.0,6.1,0,31.3,58.2,56.4,60.0,12.3,11.4,13.2,669,13.4,12.0,14.8,732,23.0,21.8,24.2,1252,5.6,5.2,6.0,305,6
3810,2129,250,3423,216,20,874,-85,672,10.7,10.2,0.5,0.4,-2.9,-2.5,2556,8.7,44.5,30.7,16.1,9.6,15.3,13.4,651,3.0,92.2,264.9,238.3,94.6,86.4,7.9,7.1,0,26.9,44.5,42.3,46.5,8.3,7.5,9.1,2655,7.9,6.9,9.1,2549,11.5,10.6,12.4,3703,3.4,3.1,3.6,1084,5
206,170,8,14,4,3,25,10,176,8.8,10.3,-1.5,4.9,1.5,6.4,168,11.3,40.8,27.2,20.8,14.5,20.9,20.1,28,2.5,83.6,240.4,219.1,92.8,84.8,9.2,8.6,0,32.9,43.2,40.4,45.7,9.1,8.0,10.1,142,7.0,5.7,8.3,109,11.6,10.4,12.7,181,3.5,3.2,3.8,55,6
8354,5903,11504,2616,6602,102,3604,3579,5694,14.5,6.2,8.3,7.2,4.4,11.6,5990,5.5,19.7,35.4,39.4,10.4,9.1,7.5,2315,2.3,97.9,237.6,217.1,87.0,79.6,10.5,9.7,111,16.2,38.7,36.7,40.7,5.2,4.7,5.8,7331,4.7,4.0,5.6,6603,7.8,7.1,8.5,10957,2.3,2.1,2.5,3235,4
2617,1362,2845,179,119,13,563,187,1303,10.7,14.5,-3.8,0.3,10.1,10.5,3479,17.9,41.6,23.3,17.2,18.6,27.5,27.4,591,4.9,80.3,253.1,225.8,85.1,77.8,8.1,7.4,6,25.9,53.2,50.9,55.3,10.0,9.2,11.0,2212,12.0,10.3,13.7,2638,14.8,13.7,15.9,3264,3.7,3.5,4.0,818,6
5132,2218,9381,559,421,54,1302,1394,1090,10.8,9.0,1.8,0.3,20.5,20.8,5189,12.5,29.0,32.1,26.4,15.1,21.9,20.8,1158,4.1,101.8,255.0,223.5,86.2,78.1,7.1,6.2,0,23.8,42.2,39.8,44.5,8.1,7.3,9.0,3938,8.6,7.3,10.0,4173,12.7,11.7,13.7,6154,3.3,3.1,3.6,1606,3
10033,6430,11143,667,3760,142,2786,1277,7293,12.7,6.3,6.4,3.1,-1.4,1.6,7746,8.0,27.9,36.3,27.8,12.4,13.8,13.0,2643,2.9,86.6,302.7,265.0,104.9,96.0,7.4,6.6,41,19.4,35.5,33.8,37.3,6.0,5.4,6.7,7330,5.1,4.3,6.0,6296,8.4,7.7,9.2,10300,2.6,2.4,2.8,3228,4
292,177,33,18,8,0,50,-29,145,11.7,5.3,6.4,0.0,-16.6,-16.6,185,10.1,27.6,40.6,21.6,10.3,12.8,11.9,39,2.6,87.7,227.6,206.5,88.0,80.5,6.8,6.3,0,31.4,50.2,47.8,52.6,9.0,8.1,10.1,190,8.8,7.5,10.3,185,13.4,12.3,14.6,281,3.5,3.2,3.8,74,6
1464,1174,261,71,168,7,209,-139,761,9.6,13.3,-3.7,0.8,-5.2,-4.4,1013,8.4,34.4,37.5,19.8,9.9,14.9,13.7,235,2.8,92.1,218.2,193.1,84.8,77.9,6.9,6.5,0,28.0,47.1,44.8,49.4,8.1,7.3,9.0,1096,7.3,6.2,8.6,986,11.1,10.1,12.2,1501,3.2,3.0,3.5,431,6
4381,2391,1011,406,459,42,743,122,1413,10.3,8.8,1.4,0.5,0.2,0.7,2837,7.0,33.9,35.9,23.2,7.6,9.8,8.8,856,2.7,107.7,264.9,238.3,94.6,86.4,7.9,7.1,10,23.8,43.7,41.3,46.0,6.8,6.2,7.5,3094,6.5,5.5,7.6,2950,9.5,8.6,10.4,4299,2.9,2.6,3.1,1292,3
6268,3547,13492,661,938,61,1201,-619,2751,13.0,10.7,2.3,0.7,-10.1,-9.4,10826,18.9,31.9,32.9,16.3,17.9,26.7,24.4,1589,4.4,76.9,224.8,199.9,72.9,66.5,6.2,5.4,29,20.8,53.3,51.8,54.7,9.1,8.4,9.8,5896,9.1,8.0,10.3,5901,14.5,13.7,15.4,9428,3.6,3.4,3.8,2328,5
259,183,13,14,5,0,25,-18,113,8.0,5.0,3.1,0.8,-10.7,-9.9,82,4.6,30.5,44.9,20.0,14.2,19.3,18.5,38,2.5,73.1,239.2,214.5,88.2,80.3,6.8,6.2,0,32.0,44.6,42.3,47.0,8.1,7.3,8.9,172,7.4,6.3,8.5,156,10.9,9.9,11.8,230,3.2,3.0,3.5,68,6
22456,12566,15566,3112,8123,504,5775,1251,6634,12.6,8.4,4.2,1.6,-2.4,-0.8,41214,17.6,28.9,32.0,21.5,16.2,22.6,20.3,7849,4.7,87.5,224.8,199.9,72.9,66.5,6.2,5.4,115,19.1,49.4,47.4,51.3,7.2,6.7,7.8,19627,6.3,5.6,7.1,17186,14.0,13.1,14.9,38131,3.3,3.1,3.5,9070,3
2964,1690,379,1029,409,21,297,258,1045,18.3,6.5,11.8,3.7,-11.1,-7.4,13145,40.3,21.9,25.3,12.5,25.9,35.0,35.4,1926,8.1,58.7,224.8,199.9,72.9,66.5,6.2,5.4,10,15.4,52.6,49.9,55.3,8.1,7.3,9.0,3264,6.7,5.7,7.7,2701,17.7,16.4,19.0,7131,4.1,3.7,4.4,1632,5
1854,1237,2622,615,437,32,642,261,6066,12.2,9.7,2.4,3.1,1.7,4.8,5200,20.8,33.6,33.3,12.3,20.6,25.1,25.7,446,3.3,83.2,224.8,199.9,72.9,66.5,6.2,5.4,8,17.7,49.1,47.5,50.7,7.7,7.2,8.3,2203,7.5,6.8,8.4,2159,13.5,12.8,14.2,3867,3.2,3.1,3.4,920,5
19241,11701,23274,885,2729,168,5467,-1010,3951,11.1,10.7,0.3,0.2,-4.3,-4.1,14564,7.9,30.7,35.6,25.8,13.8,17.3,16.3,6080,4.5,92.4,284.4,240.5,99.6,87.2,7.0,5.8,58,22.7,46.7,44.6,48.8,7.2,6.5,7.9,14817,8.3,7.0,9.5,17053,10.6,9.8,11.5,22006,3.0,2.8,3.3,6269,2
1028,479,70,279,338,5,238,-55,79,10.6,11.7,-1.1,-0.3,-4.0,-4.3,1468,21.1,43.0,26.8,9.1,20.2,30.1,27.2,161,3.7,76.1,207.6,188.2,79.9,75.0,7.0,6.5,0,24.6,50.5,48.3,52.5,12.0,11.0,13.1,952,12.9,11.4,14.6,1023,16.5,15.4,17.6,1305,4.2,3.9,4.5,329,6
8410,4407,9298,417,708,52,1554,-204,2086,9.4,12.1,-2.7,0.3,0.2,0.5,7979,12.6,36.0,27.5,23.9,14.0,17.9,16.0,1766,4.2,97.6,217.1,196.7,77.2,71.2,7.6,6.9,48,25.3,46.7,44.6,48.8,8.6,7.8,9.5,6397,9.4,8.0,10.8,6987,13.2,12.1,14.2,9794,3.3,3.1,3.6,2469,4
2183,1347,327,39,114,5,321,-187,727,8.5,13.1,-4.6,-0.3,-3.5,-3.8,1438,8.8,41.7,30.1,19.4,13.7,19.5,18.8,603,6.1,109.8,263.4,231.6,100.1,89.4,10.5,9.2,0,29.5,53.4,51.0,55.5,10.5,9.6,11.5,1923,12.2,10.6,13.9,2229,15.0,13.8,16.2,2743,3.5,3.3,3.8,640,4
3049,1978,354,112,309,98,341,74,894,13.1,9.5,3.6,1.0,-2.9,-1.9,2841,10.0,39.2,28.6,22.2,7.6,9.1,9.5,580,2.5,111.5,230.8,212.0,80.3,74.4,6.5,6.1,26,23.5,41.8,39.5,44.0,7.6,6.8,8.3,2444,9.1,7.8,10.5,2943,11.7,10.7,12.7,3774,3.0,2.8,3.2,964,5
454,146,138,869,163,32,363,33,374,13.3,6.2,7.1,5.4,-7.8,-2.5,436,9.8,32.6,38.5,19.1,13.4,17.7,17.2,282,9.6,84.8,276.9,256.7,112.8,105.6,9.6,8.5,0,18.2,45.4,43.4,47.4,7.2,6.6,7.8,371,7.8,6.8,8.9,402,10.9,10.1,11.7,562,3.0,2.8,3.1,153,6
670,430,43,22,28,1,61,43,103,11.3,10.6,0.7,0.1,5.1,5.2,468,9.0,39.7,32.1,19.2,10.3,15.5,14.7,139,3.3,92.7,264.9,238.3,94.6,86.4,7.9,7.1,0,29.0,42.3,39.8,44.8,8.6,7.7,9.5,494,8.0,6.8,9.4,464,11.1,10.1,12.1,642,3.4,3.2,3.7,197,6
68032,42984,209463,7707,164041,1119,36101,4323,9013,12.0,6.0,6.0,8.3,-10.2,-1.9,62517,8.7,13.3,18.9,59.0,6.9,8.4,8.3,17560,3.2,129.7,386.0,306.1,116.2,97.6,9.6,7.5,150,20.2,32.5,31.3,33.8,5.1,4.7,5.6,41569,4.6,3.9,5.4,37259,10.4,9.8,11.1,84078,2.6,2.5,2.8,21297,2
2938,1564,2330,486,270,26,791,714,3091,10.4,12.5,-2.1,1.3,21.1,22.5,3615,15.0,35.8,32.4,16.7,13.8,19.5,18.1,504,3.1,87.6,224.8,199.9,72.9,66.5,6.2,5.4,2,25.2,49.3,47.3,51.4,8.8,8.0,9.6,2431,9.0,7.7,10.3,2481,13.0,12.1,14.0,3596,3.4,3.1,3.6,932,6
688,522,105,111,191,1,78,-207,0,14.9,7.5,7.4,7.2,-44.0,-36.7,2191,47.6,19.1,13.2,20.1,22.4,35.2,39.0,213,7.0,62.2,224.8,199.9,72.9,66.5,6.2,5.4,0,27.6,58.8,56.2,61.2,13.5,12.1,14.7,688,10.5,9.1,11.9,537,23.8,22.0,25.4,1213,5.9,5.4,6.4,302,6
3766,2127,666,147,601,19,629,-258,4266,10.2,10.0,0.2,0.9,-6.6,-5.7,3023,10.0,36.7,33.1,20.2,17.0,22.8,20.8,1096,5.6,68.4,375.1,304.1,112.9,94.8,10.2,7.4,6,23.9,45.8,43.8,47.6,8.3,7.5,9.1,3087,9.4,8.2,10.9,3499,11.7,10.8,12.7,4343,3.2,3.0,3.4,1182,6
2974,1526,14023,229,584,26,875,206,592,12.4,8.3,4.1,0.4,-0.5,-0.1,3663,10.5,34.8,30.5,24.2,12.8,21.7,16.3,1094,4.4,140.7,260.3,231.8,84.1,75.8,9.1,7.8,8,17.6,49.0,47.0,50.9,6.9,6.3,7.5,2745,7.7,6.8,8.7,3075,12.1,11.3,12.9,4837,2.9,2.7,3.1,1164,2
3806,1886,766,410,704,24,877,708,1675,10.7,7.2,3.5,0.1,9.2,9.3,2145,5.7,33.9,40.0,20.5,6.4,7.4,6.5,997,3.4,117.8,302.7,265.0,104.9,96.0,7.4,6.6,10,19.9,36.3,34.3,38.1,6.1,5.5,6.7,2614,5.4,4.6,6.2,2322,9.0,8.3,9.8,3899,2.6,2.4,2.8,1118,2
156929,87058,177121,46871,173695,11005,87587,33534,33324,12.5,7.3,5.2,0.8,7.8,8.6,280295,18.3,26.9,33.0,21.8,12.7,17.1,16.3,47808,4.4,88.8,279.6,243.8,96.2,87.1,7.2,6.2,351,18.6,38.2,36.8,39.5,6.0,5.6,6.5,110912,6.1,5.4,6.8,111414,11.7,11.1,12.3,215186,3.1,3.0,3.3,57180,1
5489,2532,22844,325,733,67,1236,697,1357,12.3,12.2,0.1,0.2,10.3,10.5,7968,18.1,39.4,26.1,16.4,17.3,29.1,27.9,1342,4.7,74.2,228.7,202.9,79.1,71.9,7.0,6.1,22,23.0,51.5,49.8,53.2,8.9,8.3,9.6,4519,10.2,9.0,11.4,5175,15.7,14.7,16.5,7929,3.8,3.6,4.1,1945,2
168,140,9,29,4,4,30,-23,32,10.1,16.3,-6.2,-1.1,-5.6,-6.7,241,18.1,22.3,40.2,19.4,14.0,21.4,20.2,26,2.2,81.3,239.2,214.5,88.2,80.3,6.8,6.2,0,27.1,49.2,46.7,51.7,9.8,8.6,11.0,140,9.4,7.7,11.3,134,13.1,11.8,14.4,187,3.9,3.5,4.3,56,6
3084,1407,5451,341,314,83,783,560,638,13.8,12.1,1.6,0.8,10.8,11.6,5737,20.9,39.6,27.3,12.2,21.8,31.2,27.0,776,4.2,74.5,228.7,202.9,79.1,71.9,7.0,6.1,0,21.0,48.8,46.8,50.7,8.4,7.7,9.2,2656,10.1,8.8,11.4,3194,13.9,13.0,14.8,4417,3.5,3.3,3.7,1109,5
1083,566,426,115,106,3,197,-14,94,9.9,11.4,-1.5,-0.5,0.7,0.3,820,11.3,30.0,35.1,23.6,15.2,23.9,21.0,189,4.1,79.5,224.8,199.9,72.9,66.5,6.2,5.4,0,27.7,46.4,44.0,48.4,8.8,8.0,9.7,727,8.2,7.1,9.5,678,12.8,11.8,13.8,1054,3.4,3.1,3.6,278,6
116007,73033,292091,19200,208760,2921,55193,-1079,68019,10.4,7.5,2.8,6.0,-9.5,-3.5,162237,13.0,12.4,13.7,60.8,15.6,19.7,19.0,33750,3.7,125.1,375.1,304.1,112.9,94.8,10.2,7.4,761,20.8,29.1,27.9,30.4,5.4,5.0,5.9,75763,5.3,4.5,6.1,74059,8.7,8.2,9.2,121260,2.7,2.6,2.9,37665,1
2322,1338,178,157,132,68,369,50,346,13.4,7.8,5.5,0.0,-3.5,-3.5,2182,13.0,36.4,35.1,15.5,12.4,16.6,15.6,525,3.9,82.7,302.7,265.0,104.9,96.0,7.4,6.6,3,28.1,44.9,42.7,47.0,8.6,7.7,9.7,1618,7.4,6.2,8.7,1384,11.5,10.5,12.6,2162,3.4,3.1,3.8,645,6
20625,12694,9949,2261,6594,361,8686,2104,11279,12.0,9.3,2.7,1.3,3.2,4.5,15773,8.4,28.2,33.3,30.2,15.5,16.5,16.7,3787,2.6,82.3,273.1,236.3,86.6,79.0,7.0,6.3,163,21.3,44.2,41.8,46.2,7.1,6.3,7.9,16398,8.4,7.1,9.8,19462,11.2,10.2,12.2,25867,2.9,2.7,3.1,6728,3
199,144,5,50,5,2,69,-10,36,11.4,6.8,4.7,0.0,-10.4,-10.4,140,9.6,43.9,31.4,15.1,11.0,12.4,11.6,28,2.6,90.8,240.4,219.1,92.8,84.8,9.2,8.6,0,29.0,48.0,45.4,50.4,10.7,9.7,11.8,157,8.4,7.2,9.8,124,13.1,12.0,14.3,193,4.0,3.7,4.3,58,6
1726,818,261,44,113,4,206,73,136,10.1,13.0,-2.9,0.2,7.1,7.3,1432,11.8,37.5,32.5,18.2,12.4,18.0,16.4,261,3.3,69.7,263.2,231.8,90.3,81.7,7.3,6.3,0,28.1,45.4,43.0,47.8,8.8,7.9,9.8,1174,9.3,7.9,10.9,1246,12.0,11.0,13.1,1609,3.3,3.1,3.6,446,4
3497,1898,688,145,171,14,761,125,484,12.2,11.4,0.8,0.1,2.0,2.2,4631,15.8,45.4,26.2,12.6,15.4,21.9,20.2,945,5.5,87.5,292.7,248.6,93.7,83.7,8.3,7.1,0,24.3,52.0,49.7,54.2,9.9,9.0,10.9,3245,12.0,10.3,13.7,3933,14.6,13.4,15.7,4787,3.6,3.3,3.9,1167,6
1637,731,515,717,346,585,828,299,157,15.5,9.6,5.8,2.3,4.9,7.2,3530,23.5,40.6,24.1,11.8,17.9,26.2,25.7,319,3.0,73.9,273.1,236.3,86.6,79.0,7.0,6.3,0,21.6,51.1,49.1,53.2,9.5,8.6,10.4,1622,11.8,10.3,13.4,2021,14.0,13.0,14.9,2390,3.6,3.3,3.9,616,3
40519,24718,32164,3541,14084,707,13191,3451,15523,10.0,9.7,0.3,3.5,2.4,5.9,58891,15.1,29.9,27.0,28.0,10.8,14.3,12.6,12963,4.3,82.7,449.5,353.7,134.3,114.6,9.6,7.3,96,22.3,40.6,38.3,42.7,7.0,6.2,7.9,31550,7.4,6.1,8.7,33096,9.7,8.7,10.5,43261,2.9,2.7,3.2,13039,2
4422,2492,28395,275,781,67,1099,-227,2918,12.8,10.1,2.7,1.4,-7.1,-5.7,6090,13.0,26.6,32.7,27.6,24.0,31.2,32.3,1494,4.4,87.3,191.3,174.8,65.9,61.2,7.1,6.7,48,18.3,52.3,50.6,54.0,7.6,7.0,8.2,4381,8.2,7.2,9.2,4705,12.9,12.1,13.7,7433,3.2,3.0,3.4,1818,4
970,554,23,119,49,10,211,6,109,8.2,11.6,-3.3,-0.1,4.6,4.5,617,11.2,33.3,36.6,18.8,16.4,20.0,18.5,225,7.3,73.0,303.4,271.5,109.4,101.0,9.2,8.3,0,37.4,46.5,43.9,48.9,11.0,9.8,12.3,650,10.6,9.0,12.5,628,14.3,13.0,15.7,847,4.1,3.8,4.5,244,6
3239,1548,5764,268,191,28,564,322,940,11.8,11.6,0.2,-0.3,9.1,8.9,3686,15.4,44.6,27.6,12.4,19.2,29.9,28.4,864,6.5,78.4,224.8,199.9,72.9,66.5,6.2,5.4,6,24.8,56.0,54.2,57.8,9.8,9.0,10.7,2676,10.1,8.9,11.4,2745,15.2,14.2,16.1,4135,3.8,3.5,4.1,1031,6
191,112,4,29,7,0,24,-43,0,7.6,11.4,-3.8,0.5,-20.6,-20.0,141,10.2,33.4,40.6,15.8,11.8,20.2,18.2,29,3.0,78.9,239.2,214.5,88.2,80.3,6.8,6.2,0,31.6,48.8,46.5,51.1,8.9,8.0,9.8,127,8.4,7.2,9.8,120,12.4,11.4,13.4,177,3.5,3.2,3.8,50,6
7190,3333,7377,422,1495,68,2486,253,1372,10.8,9.8,0.9,0.9,0.6,1.6,7768,11.0,37.7,28.5,22.8,8.3,12.8,10.5,2317,4.4,87.6,386.0,306.1,116.2,97.6,9.6,7.5,5,20.6,43.9,41.9,45.8,7.2,6.5,8.0,5726,8.2,7.0,9.5,6519,11.4,10.5,12.4,9091,2.9,2.7,3.2,2320,2
1047,583,73,66,122,6,166,-50,167,11.9,15.2,-3.4,-0.1,-0.7,-0.7,1528,17.8,34.4,32.6,15.1,16.6,24.5,23.0,194,3.6,73.9,273.1,236.3,86.6,79.0,7.0,6.3,0,25.6,48.0,45.7,50.1,9.2,8.3,10.2,864,10.9,9.3,12.5,1021,13.0,12.0,14.0,1219,3.4,3.2,3.7,322,6
6938,3789,23939,997,1302,87,2256,347,6203,12.6,11.1,1.5,1.0,1.2,2.2,7515,11.8,34.8,33.5,19.9,19.1,25.5,23.5,1953,4.9,78.1,224.8,199.9,72.9,66.5,6.2,5.4,82,21.5,50.3,48.4,52.1,8.3,7.6,9.0,5952,8.4,7.4,9.5,6027,13.7,12.9,14.5,9879,3.4,3.2,3.6,2465,4
268,258,23,40,6,0,38,-38,70,11.9,12.9,-1.0,1.0,-13.3,-12.2,197,9.1,33.7,38.3,18.9,10.5,13.8,13.1,37,2.8,89.0,227.6,206.5,88.0,80.5,6.8,6.3,0,32.3,52.1,49.5,54.5,10.0,8.9,11.1,221,9.5,8.0,11.1,211,14.5,13.2,15.9,323,3.8,3.5,4.2,85,6
1207,634,124,77,73,19,170,-30,169,10.1,9.7,0.4,0.9,-3.4,-2.5,1442,14.5,44.2,30.1,11.2,10.3,14.7,13.2,309,4.3,95.2,230.8,212.0,80.3,74.4,6.5,6.1,0,24.1,50.8,48.5,53.0,9.2,8.2,10.1,1014,11.5,9.9,13.1,1273,14.6,13.4,15.7,1618,3.5,3.2,3.7,383,2
6513,3993,2639,2282,16450,392,4529,369,754,13.9,8.4,5.5,2.2,-3.9,-1.6,13697,22.0,23.9,36.4,17.7,13.5,18.0,18.0,3392,7.5,76.9,279.6,243.8,96.2,87.1,7.2,6.2,0,20.1,40.9,39.4,42.4,7.0,6.5,7.5,4995,7.2,6.4,8.1,5158,12.1,11.5,12.8,8696,3.3,3.1,3.5,2351,4
1620,917,105,41,88,6,230,-143,243,13.1,11.1,1.9,0.1,-8.9,-8.8,2101,15.2,47.2,27.0,10.6,13.0,20.0,18.9,327,3.3,86.8,230.8,212.0,80.3,74.4,6.5,6.1,0,23.8,49.1,46.8,51.1,9.1,8.3,10.0,1410,11.9,10.3,13.5,1833,14.3,13.2,15.3,2209,3.5,3.2,3.8,539,6
2969,1564,216,277,241,17,449,135,762,9.8,9.9,0.0,-0.3,5.0,4.6,1087,5.2,26.7,36.0,32.1,10.2,13.5,12.5,681,4.4,94.6,207.9,199.6,79.8,76.2,10.6,10.4,4,28.9,37.9,35.8,40.1,7.4,6.6,8.2,1726,7.2,6.0,8.6,1682,9.6,8.7,10.5,2230,3.0,2.8,3.3,706,6
852,505,5368,54,41,7,136,-123,121,10.2,10.0,0.2,0.4,-12.6,-12.2,1781,24.3,40.0,21.8,13.9,19.6,35.3,36.9,284,6.6,80.6,260.3,231.8,84.1,75.8,9.1,7.8,0,26.5,54.8,52.9,56.5,10.3,9.6,11.1,836,11.8,10.5,13.2,955,17.9,16.9,18.9,1452,4.4,4.2,4.7,360,3
1198,672,760,179,133,18,309,-86,413,13.2,12.0,1.1,0.3,-7.4,-7.0,1821,18.9,33.1,32.5,15.5,18.2,26.5,25.3,222,3.3,70.1,224.8,199.9,72.9,66.5,6.2,5.4,5,23.6,49.5,47.7,51.5,9.1,8.4,9.8,991,8.7,7.6,9.8,949,14.8,13.9,15.7,1615,3.7,3.5,3.9,404,5
1238,694,353,42,64,11,142,-19,213,9.5,14.4,-5.0,0.8,2.7,3.5,1375,16.5,43.8,27.0,12.8,18.2,24.3,22.9,226,4.8,81.9,253.1,225.8,85.1,77.8,8.1,7.4,0,30.2,53.2,50.7,55.5,11.4,10.4,12.5,1053,13.4,11.6,15.3,1235,16.2,15.0,17.5,1502,4.1,3.8,4.4,375,6
1811,1066,10794,126,235,17,662,-238,5308,9.6,10.7,-1.0,1.4,-9.6,-8.2,3087,18.1,40.3,26.0,15.7,23.4,31.4,31.2,644,6.9,50.7,386.0,306.1,116.2,97.6,9.6,7.5,0,21.6,48.5,46.7,50.1,8.2,7.6,8.8,1743,9.3,8.3,10.4,1985,14.9,14.1,15.7,3167,3.5,3.3,3.7,753,3
839,408,81,33,23,2,113,33,82,10.4,12.0,-1.6,0.1,5.2,5.3,818,12.8,41.3,33.9,12.0,13.9,19.0,16.4,211,4.9,95.8,230.9,214.6,77.3,72.9,8.3,7.6,0,25.0,52.2,49.9,54.5,10.5,9.6,11.5,742,12.7,11.1,14.4,893,15.0,13.9,16.0,1057,3.6,3.3,3.9,252,4
434,331,493,223,18,8,215,24,1137,7.7,10.0,-2.2,-0.2,6.4,6.2,676,15.8,36.6,34.1,13.5,26.0,30.8,27.7,78,4.0,72.1,206.7,189.1,73.9,68.5,6.2,5.8,0,22.4,50.9,48.7,52.9,9.8,9.0,10.7,456,10.1,8.8,11.3,467,13.9,13.0,14.7,645,3.6,3.4,3.9,168,6
952,453,415,32,46,1,113,-104,1005,6.7,15.3,-8.6,-0.1,-4.2,-4.3,770,12.1,41.2,30.8,15.9,14.5,20.1,18.8,156,5.1,96.4,230.9,214.6,77.3,72.9,8.3,7.6,0,33.2,51.0,48.6,53.4,11.1,10.0,12.4,763,12.5,10.7,14.5,856,15.8,14.5,17.2,1083,3.7,3.4,4.1,255,6
3806,2324,8619,258,1262,13,968,-107,537,12.0,10.2,1.8,0.2,-3.7,-3.6,8494,21.6,41.9,22.3,14.2,18.3,25.2,24.0,1276,5.3,100.5,260.3,231.8,84.1,75.8,9.1,7.8,6,19.4,48.2,46.2,50.2,8.6,7.8,9.4,3834,10.5,9.1,12.0,4674,12.9,11.9,13.8,5732,3.4,3.1,3.6,1497,3
3517,2092,2402,314,338,15,1086,30,858,12.8,13.2,-0.4,-0.1,1.3,1.1,5072,17.4,36.0,32.8,13.8,20.5,30.2,28.0,830,4.6,70.0,273.1,236.3,86.6,79.0,7.0,6.3,14,24.3,51.6,49.4,53.7,9.8,8.9,10.7,3193,11.9,10.3,13.8,3889,14.1,13.0,15.2,4601,3.7,3.5,4.0,1216,5
2795,1717,1681,310,119,16,311,173,402,8.8,12.6,-3.8,0.9,9.8,10.7,2846,15.8,40.3,25.8,18.1,13.3,19.4,20.1,356,2.8,92.0,224.8,199.9,72.9,66.5,6.2,5.4,0,31.3,48.2,46.1,50.2,10.2,9.2,11.2,2070,9.6,8.2,11.0,1941,15.0,13.9,16.0,3032,3.9,3.6,4.2,784,6
610,441,74,26,47,2,94,-8,78,10.3,7.6,2.7,0.1,-4.0,-3.9,380,7.2,37.2,40.0,15.5,9.8,15.4,15.0,113,2.7,97.5,218.2,193.1,84.8,77.9,6.9,6.5,0,26.5,43.7,41.3,46.1,7.8,7.0,8.6,459,7.2,6.2,8.4,427,10.7,9.7,11.6,631,3.1,2.8,3.3,180,5
5116,2720,38912,283,590,78,920,-1155,5400,12.4,12.1,0.2,0.2,-17.3,-17.1,6620,14.0,38.5,29.7,17.8,22.2,33.8,32.3,1484,5.3,82.0,207.6,188.2,79.9,75.0,7.0,6.5,34,21.8,52.7,51.0,54.4,9.2,8.5,9.8,4866,9.6,8.6,10.7,5096,16.4,15.5,17.3,8680,3.9,3.7,4.2,2089,4
1930,1252,223,283,98,4,301,97,279,10.6,11.5,-0.9,1.0,4.9,5.9,1318,9.4,42.5,31.6,16.5,12.7,20.6,18.9,377,4.0,84.5,264.9,238.3,94.6,86.4,7.9,7.1,4,29.0,42.4,39.9,44.8,9.2,8.3,10.2,1425,8.7,7.3,10.2,1344,12.0,10.8,13.0,1853,3.6,3.4,3.9,563,6
2916,2095,913,353,1530,70,743,-167,1323,12.9,11.2,1.6,0.9,-6.7,-5.8,4362,16.4,34.1,30.6,19.0,11.3,14.6,13.1,798,4.4,99.1,218.2,193.1,84.8,77.9,6.9,6.5,0,23.6,45.8,43.8,47.6,7.9,7.1,8.9,2368,7.2,6.1,8.4,2159,11.3,10.4,12.3,3390,3.1,2.9,3.4,939,5
1455,872,101,60,57,13,199,-59,172,9.9,11.2,-1.3,0.0,-2.3,-2.3,1301,11.3,44.2,29.5,15.0,11.2,16.8,14.7,294,3.6,96.0,230.8,212.0,80.3,74.4,6.5,6.1,0,26.2,46.5,44.2,48.7,8.7,7.9,9.5,1107,10.7,9.3,12.1,1362,13.4,12.3,14.5,1717,3.3,3.1,3.6,423,6
3094,1335,259,634,464,45,817,352,282,8.9,15.6,-6.7,0.8,21.8,22.6,1962,12.0,30.1,39.9,18.0,15.4,21.0,20.1,578,6.9,62.6,278.8,246.3,100.6,91.7,6.9,6.1,0,38.3,51.6,49.4,53.7,10.7,9.6,11.8,1978,9.7,8.2,11.3,1793,14.5,13.2,15.7,2695,4.2,3.9,4.5,774,6
1441,623,114,94,72,11,236,124,188,10.6,11.0,-0.4,-0.1,8.8,8.8,1839,17.5,39.2,28.8,14.6,16.0,25.6,23.8,262,4.3,94.9,253.1,225.8,85.1,77.8,8.1,7.4,0,25.3,48.7,46.5,51.1,9.9,8.9,11.0,1167,12.0,10.3,13.9,1409,14.2,13.0,15.3,1667,3.6,3.3,3.9,419,3
4605,2364,1889,872,467,34,942,414,8412,7.9,11.3,-3.4,-0.1,12.1,12.0,3539,9.7,39.8,32.3,18.2,16.5,22.1,23.0,798,5.2,66.6,285.7,262.5,95.4,88.9,7.8,7.1,4,27.1,42.7,40.8,44.6,7.9,7.1,8.6,3160,8.0,6.9,9.2,3216,10.7,9.9,11.5,4305,3.4,3.2,3.6,1366,5
211,70,41,811,32,1,218,12,0,8.4,14.5,-6.1,7.5,4.2,11.7,143,8.5,35.6,32.5,23.4,17.2,27.6,25.9,146,12.6,68.3,276.9,256.7,112.8,105.6,9.6,8.5,0,30.1,46.9,45.1,48.7,9.7,9.0,10.3,170,9.5,8.5,10.6,167,14.8,13.9,15.7,260,3.9,3.7,4.2,69,6
2118,975,142,91,76,2,263,78,286,9.9,14.0,-4.1,0.0,7.6,7.6,3146,20.4,45.2,21.2,13.1,15.0,20.8,19.4,369,3.8,80.5,253.1,225.8,85.1,77.8,8.1,7.4,6,26.6,51.9,49.3,54.1,10.7,9.7,11.7,1860,13.0,11.1,14.9,2266,14.9,13.6,16.1,2594,3.8,3.5,4.1,655,5
10235,5713,85007,433,3367,191,2419,203,6128,13.7,11.3,2.5,1.3,-2.4,-1.1,14227,14.3,31.6,28.5,25.7,24.7,36.6,36.1,3129,4.5,70.6,228.7,202.9,79.1,71.9,7.0,6.1,117,20.8,50.1,48.2,51.9,7.9,7.3,8.6,9146,8.8,7.7,9.9,10157,16.4,15.4,17.4,18916,3.8,3.6,4.1,4419,4
1133,639,580,149,92,12,135,-19,1120,10.7,9.3,1.4,1.6,-4.4,-2.9,1828,20.8,34.5,31.6,13.2,18.7,25.6,23.9,197,3.8,80.5,224.8,199.9,72.9,66.5,6.2,5.4,0,26.3,50.1,48.3,51.9,9.5,8.7,10.3,929,8.8,7.6,9.9,854,15.1,14.1,15.9,1467,3.8,3.5,4.0,367,6
905,438,54,200,113,14,315,-11,470,8.5,9.4,-0.9,0.1,-0.6,-0.5,772,13.1,35.5,36.0,15.4,18.3,22.8,20.7,200,5.7,71.0,303.4,271.5,109.4,101.0,9.2,8.3,0,32.1,51.0,48.7,53.2,10.8,9.9,11.9,689,10.9,9.5,12.6,697,14.7,13.6,15.8,936,4.1,3.8,4.4,259,6
1836,845,6371,578,2606,98,1460,140,46,17.7,4.1,13.7,6.9,-17.3,-10.4,4543,17.1,26.5,26.6,29.7,8.4,14.7,14.5,585,2.7,109.0,263.2,231.8,90.3,81.7,7.3,6.3,11,13.9,39.7,38.1,41.4,5.5,5.0,5.9,1668,5.9,5.1,6.6,1783,10.7,10.0,11.3,3244,2.6,2.5,2.7,793,2
980,612,3420,28,134,2,167,63,1308,10.5,10.2,0.4,0.7,4.0,4.7,975,12.4,41.7,28.7,17.2,18.7,28.0,28.9,266,5.7,78.5,228.7,202.9,79.1,71.9,7.0,6.1,0,22.4,46.4,44.5,48.2,8.1,7.5,8.8,831,9.2,8.2,10.3,944,13.1,12.4,13.8,1341,3.5,3.3,3.7,354,6
547,430,51,137,45,8,168,-110,149,11.9,15.2,-3.2,0.9,-14.7,-13.8,397,8.7,38.3,34.6,18.4,10.9,16.8,15.0,145,4.3,69.4,302.7,265.0,104.9,96.0,7.4,6.6,0,27.7,44.7,42.3,46.9,8.0,7.2,8.8,392,6.7,5.7,7.8,332,11.1,10.2,12.0,548,3.3,3.0,3.6,162,6
5001,2573,14093,807,532,79,1138,186,1250,12.0,10.2,1.8,1.0,0.1,1.1,6591,15.1,34.3,31.5,19.1,14.7,22.8,22.5,1308,4.4,82.7,224.8,199.9,72.9,66.5,6.2,5.4,0,21.8,50.9,49.1,52.8,8.6,7.9,9.3,4276,8.7,7.6,9.9,4356,14.2,13.4,15.1,7099,3.5,3.3,3.8,1766,5
7912,3675,4014,435,911,115,1505,605,999,7.6,12.7,-5.1,0.4,13.4,13.8,4603,8.9,25.1,37.6,28.4,9.8,15.9,15.5,1369,4.3,102.1,255.0,223.5,86.2,78.1,7.1,6.2,8,30.7,49.3,46.8,51.7,9.3,8.2,10.3,5341,9.1,7.7,10.7,5241,13.4,12.1,14.5,7674,3.5,3.2,3.8,2009,5
1274,789,1023,113,134,4,245,-5,1601,8.7,10.2,-1.5,0.4,0.9,1.3,1216,10.3,36.8,31.1,21.8,13.8,18.3,16.1,347,4.4,84.2,284.4,240.5,99.6,87.2,7.0,5.8,0,24.1,46.6,44.1,49.1,7.8,7.1,8.6,1050,8.9,7.5,10.3,1190,11.3,10.3,12.2,1511,3.2,2.9,3.4,427,2
2360,1619,200,117,87,6,253,-74,303,12.3,9.4,2.9,0.2,-5.2,-5.1,1528,6.8,42.4,30.5,20.3,5.5,6.5,6.1,627,3.4,114.5,292.7,248.6,93.7,83.7,8.3,7.1,0,22.8,42.0,39.6,44.2,7.7,6.9,8.6,1940,8.5,7.2,9.8,2134,10.9,9.8,11.9,2740,2.9,2.6,3.1,721,6
1028,484,39,82,16,5,134,13,65,10.9,13.5,-2.7,0.0,4.2,4.2,1030,16.7,37.6,35.0,10.7,17.1,28.2,28.6,191,6.4,68.7,287.0,249.7,97.8,87.6,7.9,6.7,0,34.9,52.6,50.0,55.1,12.1,10.9,13.4,806,13.3,11.5,15.4,885,15.1,13.8,16.4,1009,4.2,3.9,4.6,282,6
1490,691,255,2441,336,22,412,-150,581,11.2,9.2,2.0,2.7,-13.7,-10.9,2291,20.9,36.4,21.5,21.2,29.6,36.0,33.9,343,5.3,71.7,244.8,213.8,91.1,82.1,7.7,7.3,0,24.0,48.6,46.9,50.1,9.0,8.4,9.6,1171,8.6,7.7,9.6,1121,15.4,14.6,16.2,1999,4.2,4.0,4.5,546,6
1328,996,166,1422,88,22,458,-151,291,12.5,10.7,1.8,0.2,-11.0,-10.8,1053,9.1,40.0,34.8,16.1,11.4,15.2,14.5,281,3.0,94.8,218.2,193.1,84.8,77.9,6.9,6.5,0,25.8,48.5,46.4,50.4,8.2,7.4,9.0,1049,7.8,6.8,8.9,1005,11.8,10.9,12.7,1515,3.3,3.1,3.5,423,6
1259,718,72,1813,83,5,547,87,623,11.1,10.9,0.2,0.3,5.1,5.5,843,7.9,35.6,35.4,21.1,15.8,23.1,21.0,338,4.3,73.4,264.9,238.3,94.6,86.4,7.9,7.1,0,25.5,45.2,42.9,47.4,8.4,7.6,9.2,1022,8.1,7.0,9.4,991,11.7,10.7,12.6,1422,3.5,3.2,3.7,421,6
3830,1673,15018,342,273,31,856,-166,874,10.1,12.3,-2.2,0.2,-1.6,-1.4,7574,23.9,40.4,25.6,10.1,20.9,30.6,29.8,715,3.3,74.4,229.5,205.0,80.1,72.3,7.0,6.2,6,23.0,53.3,51.8,54.9,9.5,8.8,10.3,3384,10.7,9.5,12.1,3839,17.2,16.3,18.2,6153,4.1,3.8,4.3,1455,6
1106,661,647,65,69,11,224,99,1377,12.0,10.2,1.8,0.9,3.5,4.4,1679,15.8,42.3,22.9,19.0,11.7,15.3,14.3,216,3.0,104.8,273.1,236.3,86.6,79.0,7.0,6.3,0,21.8,46.4,43.8,48.7,7.6,6.8,8.4,928,9.2,7.8,10.7,1122,11.0,10.0,11.9,1340,2.9,2.7,3.2,357,4
43004,25550,286501,1892,11676,376,8398,-246,16694,12.8,11.1,1.7,0.7,-2.7,-2.0,46025,10.3,26.8,30.6,32.4,16.1,22.6,21.1,11655,3.7,110.3,217.1,196.7,77.2,71.2,7.6,6.9,471,21.0,45.9,44.3,47.4,7.6,7.0,8.3,38899,8.1,7.1,9.2,41253,13.5,12.6,14.4,68819,3.4,3.2,3.6,17072,1
6838,3078,16121,1308,1781,114,2742,5777,1302,13.9,7.9,6.0,0.6,39.3,39.8,10550,13.8,33.1,32.3,20.7,11.5,15.3,13.4,2146,3.5,111.2,224.8,199.9,72.9,66.5,6.2,5.4,8,16.9,47.1,45.3,49.0,6.7,6.2,7.3,6255,7.1,6.2,8.1,6634,11.8,11.0,12.5,10967,2.9,2.7,3.0,2664,2
504,287,44,1088,15,0,473,-111,61,13.3,13.3,0.0,0.0,-19.9,-19.9,626,16.6,41.7,24.2,17.6,22.6,28.5,28.2,87,3.8,75.9,206.7,189.1,73.9,68.5,6.2,5.8,0,27.1,52.3,50.3,54.3,11.2,10.3,12.2,470,11.9,10.5,13.4,499,15.7,14.7,16.8,658,4.1,3.8,4.4,170,6
10177,5226,901,4275,1435,154,3092,1025,1871,8.8,13.3,-4.6,1.0,16.9,17.9,4112,7.3,26.2,40.5,26.1,13.3,20.6,19.9,1790,6.4,77.3,278.8,246.3,100.6,91.7,6.9,6.1,19,36.3,42.6,40.4,44.8,9.5,8.5,10.6,6026,8.4,7.0,9.9,5342,13.4,12.2,14.6,8547,3.8,3.5,4.2,2441,5
357,351,8,14,19,5,80,-33,56,11.3,12.4,-1.1,0.0,-8.0,-8.0,185,6.7,36.6,37.6,19.1,12.2,18.0,18.1,49,2.5,72.1,227.6,206.5,88.0,80.5,6.8,6.3,0,35.9,52.6,49.9,55.3,10.4,9.2,11.6,297,9.7,8.2,11.3,277,14.2,12.9,15.4,406,3.8,3.5,4.2,110,6
1223,658,81,131,46,4,238,-168,63,11.6,16.2,-4.6,-0.1,-7.7,-7.8,1921,20.0,42.0,27.1,10.9,23.5,34.0,32.1,267,5.2,60.3,273.1,236.3,86.6,79.0,7.0,6.3,0,26.2,55.9,53.5,58.1,11.3,10.2,12.4,1164,13.7,11.9,15.8,1419,15.6,14.3,16.8,1610,4.1,3.8,4.5,423,6
538,252,288,55,21,4,103,42,20,8.9,8.9,0.0,-0.1,6.2,6.0,869,18.1,38.8,31.5,11.6,13.9,19.6,18.1,143,3.5,119.3,260.3,231.8,84.1,75.8,9.1,7.8,0,24.2,48.0,45.7,50.4,8.7,7.8,9.5,472,10.4,8.9,11.9,562,12.5,11.5,13.6,680,3.3,3.0,3.5,177,4
34489,18090,14664,6821,68418,3144,26345,6531,7348,11.5,5.9,5.7,4.0,1.4,5.3,33294,8.4,17.5,30.4,43.7,8.8,10.0,9.1,11257,3.5,131.1,303.4,271.5,109.4,101.0,9.2,8.3,85,17.6,35.6,33.8,37.5,5.2,4.7,5.8,23947,5.3,4.4,6.3,24373,9.5,8.8,10.3,43790,2.4,2.3,2.6,11292,2
53408,28105,507131,3148,25337,698,14550,-209,18241,13.7,8.9,4.7,1.4,-6.3,-5.0,72057,11.8,27.5,29.5,31.1,21.7,33.2,29.5,18374,4.2,91.5,253.1,225.8,85.1,77.8,8.1,7.4,277,18.1,44.5,42.9,46.2,7.2,6.7,7.8,50635,8.5,7.5,9.6,60056,14.6,13.6,15.5,102346,3.4,3.2,3.6,23966,1
3174,1590,261,115,152,15,307,306,323,7.7,13.2,-5.5,-0.3,17.0,16.8,3187,15.8,32.3,32.9,19.0,16.9,26.2,23.3,458,3.6,77.6,255.0,223.5,86.2,78.1,7.1,6.2,0,31.9,45.6,43.1,48.1,10.2,9.1,11.4,2272,10.7,9.0,12.4,2382,13.6,12.4,14.9,3040,3.8,3.5,4.1,845,6
2103,1260,932,114,156,21,498,-129,883,12.9,13.7,-0.8,0.0,-4.6,-4.6,2320,13.6,28.5,40.2,17.8,20.3,29.7,30.7,643,6.5,62.6,284.4,240.5,99.6,87.2,7.0,5.8,0,26.1,49.0,46.4,51.5,9.5,8.5,10.5,1778,11.1,9.5,12.8,2070,13.1,11.9,14.2,2449,3.8,3.5,4.1,708,6
7188,3964,6343,331,1033,40,2260,55,1281,11.8,11.4,0.4,0.3,0.1,0.4,6351,11.1,36.5,31.2,21.2,12.3,19.3,17.6,1529,4.1,99.4,230.8,212.0,80.3,74.4,6.5,6.1,13,24.8,44.5,42.4,46.7,8.5,7.7,9.5,5442,10.3,8.8,11.9,6556,13.3,12.2,14.4,8486,3.4,3.1,3.6,2137,4
16788,6123,18831,1371,5102,256,5486,6255,1732,11.0,6.3,4.7,1.2,19.0,20.2,13931,8.6,22.8,31.6,37.0,7.4,9.4,8.9,4135,3.1,141.1,228.7,202.9,79.1,71.9,7.0,6.1,15,17.9,37.4,35.4,39.4,5.8,5.2,6.4,11142,6.4,5.4,7.6,12361,10.0,9.1,10.8,19193,2.6,2.4,2.8,4965,2
8002,4166,1032,420,557,69,1482,382,858,11.7,10.1,1.6,0.1,2.0,2.1,8476,12.0,32.8,35.2,20.1,9.2,13.2,12.1,1604,3.1,108.0,273.1,236.3,86.6,79.0,7.0,6.3,13,22.3,48.3,45.9,50.6,7.7,6.9,8.5,6130,9.1,7.7,10.7,7300,11.0,10.0,12.0,8774,3.0,2.8,3.2,2379,2
231,132,10,115,11,0,59,52,147,11.3,10.9,0.5,14.5,9.0,23.5,289,20.2,35.3,24.7,19.8,19.0,27.8,25.2,39,5.0,69.6,247.1,236.2,91.5,88.0,9.8,9.4,0,25.5,41.4,38.8,43.8,10.0,8.8,11.3,169,9.8,8.1,11.5,165,13.2,11.9,14.5,223,3.9,3.6,4.3,66,6
976,690,64,40,43,8,132,53,168,10.6,12.3,-1.8,0.8,5.8,6.6,539,7.2,38.6,34.5,19.8,11.4,14.0,11.7,144,2.6,100.4,218.2,193.1,84.8,77.9,6.9,6.5,0,29.7,44.4,41.9,46.8,8.3,7.5,9.3,694,7.7,6.5,9.0,641,11.3,10.2,12.3,941,3.3,3.0,3.6,274,3
579,372,34,33,25,0,75,-79,52,11.0,9.8,1.2,0.0,-13.5,-13.5,384,8.5,35.1,42.5,13.9,11.1,14.7,13.4,126,4.5,78.8,284.4,240.5,99.6,87.2,7.0,5.8,0,26.8,47.6,45.0,50.0,8.2,7.4,9.0,408,9.2,8.0,10.5,454,11.3,10.3,12.2,560,3.3,3.0,3.5,162,6
911,536,3015,166,50,5,173,44,226,11.2,12.0,-0.7,0.0,4.8,4.8,1352,18.0,41.6,25.1,15.2,21.7,29.8,28.0,196,4.5,80.1,207.6,188.2,79.9,75.0,7.0,6.5,0,25.7,53.0,51.1,54.7,10.2,9.4,11.0,847,10.4,9.3,11.7,865,16.3,15.4,17.3,1355,4.0,3.8,4.3,332,6
41049,18203,217063,3814,42069,520,19580,4082,9330,12.3,6.1,6.1,3.2,-3.9,-0.7,40881,8.2,18.7,26.6,46.5,9.1,13.2,13.3,14465,3.4,134.1,228.7,202.9,79.1,71.9,7.0,6.1,119,16.3,35.4,34.0,36.8,5.3,4.8,5.7,30401,5.7,4.9,6.5,32770,10.0,9.3,10.6,57758,2.6,2.5,2.7,15020,2
246,125,9,14,8,0,32,10,174,7.5,10.2,-2.7,1.1,7.5,8.6,80,5.4,40.3,28.3,26.1,15.9,31.3,31.1,37,3.9,80.7,247.1,236.2,91.5,88.0,9.8,9.4,0,28.9,41.0,38.4,43.7,10.1,9.0,11.2,152,8.8,7.4,10.3,132,13.3,12.0,14.6,200,3.9,3.6,4.3,59,6
10019,5802,12572,1257,2898,168,4608,708,4385,11.1,8.1,3.0,0.9,0.4,1.2,11027,9.8,31.0,33.4,25.7,12.0,15.4,14.4,3164,3.5,107.0,264.9,238.3,94.6,86.4,7.9,7.1,27,18.8,42.8,40.8,44.8,6.4,5.8,7.1,8397,6.4,5.4,7.4,8358,9.5,8.7,10.2,12358,2.8,2.7,3.0,3700,2
69,27,8,59,29,4,61,-14,32,9.5,19.9,-10.4,1.7,-3.5,-1.7,51,6.3,23.4,36.6,33.7,4.3,8.9,9.2,82,9.8,99.6,276.9,256.7,112.8,105.6,9.6,8.5,0,16.9,36.5,34.0,38.8,5.4,4.9,6.0,53,5.7,4.8,6.6,55,7.9,7.2,8.6,77,2.4,2.2,2.6,23,6
4882,2675,646,152,379,21,874,590,3576,11.9,10.1,1.8,-0.1,8.0,7.9,3733,9.3,40.0,27.9,22.8,13.8,20.4,19.0,1353,4.3,101.3,292.7,248.6,93.7,83.7,8.3,7.1,12,23.3,47.5,45.3,49.7,8.2,7.5,9.1,3945,9.3,8.0,10.7,4450,11.8,10.9,12.9,5658,3.0,2.8,3.3,1457,5
1721,869,286,86,79,2,233,85,258,11.5,11.8,-0.4,0.4,4.3,4.7,2259,16.7,45.1,25.9,12.3,15.6,21.8,21.3,333,3.9,80.7,230.8,212.0,80.3,74.4,6.5,6.1,0,23.8,52.2,49.7,54.6,9.7,8.8,10.7,1460,12.3,10.6,14.1,1847,14.5,13.4,15.7,2192,3.6,3.3,3.9,540,6
1554,991,2372,197,75,7,326,321,180,11.7,12.2,-0.5,2.0,16.0,18.0,2168,17.5,39.2,26.2,17.1,14.8,23.7,22.3,295,3.6,88.4,224.8,199.9,72.9,66.5,6.2,5.4,0,28.0,50.9,48.9,52.6,9.2,8.4,10.0,1310,8.9,7.6,10.2,1268,14.4,13.5,15.4,2063,3.6,3.4,3.9,515,4
62,35,0,5,0,0,17,2,0,3.9,2.0,2.0,0.0,2.0,2.0,4,1.2,40.5,29.3,29.0,16.2,31.5,27.4,12,4.2,74.2,247.1,236.2,91.5,88.0,9.8,9.4,0,31.1,39.4,36.7,42.1,8.6,7.8,9.6,36,7.1,5.9,8.2,30,11.3,10.2,12.5,48,3.4,3.1,3.6,14,6
1371,717,5355,24,23,0,96,-94,129,10.4,13.7,-3.3,-0.2,-3.9,-4.0,1754,18.6,38.2,30.2,13.0,22.1,32.1,29.2,260,5.5,80.0,217.1,196.7,77.2,71.2,7.6,6.9,0,28.5,57.2,55.4,58.8,11.0,10.2,11.9,1135,11.8,10.5,13.2,1212,19.2,18.1,20.3,1976,4.5,4.2,4.8,464,6
35280,19378,191637,3374,27244,777,17350,3581,26433,14.2,8.0,6.2,5.0,-6.0,-1.0,53735,11.4,22.7,25.6,40.3,15.4,25.4,26.1,10438,2.6,116.1,253.1,225.8,85.1,77.8,8.1,7.4,614,16.7,37.5,35.8,39.2,6.1,5.5,6.6,33256,7.1,6.1,8.3,38870,10.6,9.9,11.4,58228,2.8,2.6,2.9,15193,1
2490,1257,134,3677,171,29,660,10,243,10.0,10.7,-0.7,-0.5,1.7,1.2,1921,10.5,29.4,31.5,28.6,16.3,28.8,28.5,632,4.7,69.7,285.7,262.5,95.4,88.9,7.8,7.1,4,28.3,37.0,35.0,39.0,8.2,7.4,9.1,1677,8.2,7.0,9.6,1678,11.4,10.4,12.3,2321,3.6,3.4,3.9,740,6
5629,2793,4206,317,1083,54,1951,1142,6673,10.8,8.1,2.7,1.2,8.4,9.7,7115,13.0,27.8,28.7,30.5,16.5,17.6,14.9,1809,3.9,103.4,230.9,214.6,77.3,72.9,8.3,7.6,12,18.3,46.0,43.6,48.4,7.5,6.8,8.3,5496,9.4,7.9,10.8,6893,11.2,10.2,12.1,8192,2.8,2.6,3.0,2046,5
6445,3863,5815,147,817,46,1468,-411,7592,8.6,12.4,-3.8,0.9,-2.9,-2.0,5043,10.0,41.9,29.8,18.3,16.7,21.3,18.4,1764,5.5,52.4,386.0,306.1,116.2,97.6,9.6,7.5,15,25.2,46.9,44.9,48.7,8.5,7.6,9.3,4957,9.4,8.2,10.8,5535,12.8,11.8,13.7,7481,3.3,3.1,3.6,1934,4
1740,1044,21615,131,174,2,214,-405,1490,15.3,12.2,3.1,0.1,-17.2,-17.1,3834,21.2,36.5,24.8,17.5,35.1,49.0,47.5,692,6.8,65.4,191.3,174.8,65.9,61.2,7.1,6.7,9,18.8,54.8,52.7,56.7,9.7,9.1,10.5,2037,11.0,9.8,12.3,2296,19.2,18.2,20.4,4027,4.6,4.3,4.9,968,5
1051,664,6073,62,151,8,335,-67,377,15.5,14.0,1.5,0.4,-7.0,-6.6,1550,17.2,31.2,30.2,21.3,24.7,33.7,33.7,253,4.6,46.7,263.2,231.8,90.3,81.7,7.3,6.3,0,26.2,52.6,50.6,54.4,9.4,8.7,10.1,910,10.1,8.9,11.4,982,16.9,15.9,17.9,1639,4.3,4.0,4.5,413,5
611,284,2639,276,2056,53,587,621,6,1.0,2.9,-1.9,10.9,27.2,38.1,2145,19.8,23.7,27.2,29.2,7.0,11.9,9.6,242,2.7,106.1,263.2,231.8,90.3,81.7,7.3,6.3,0,11.3,39.1,37.3,40.8,5.0,4.6,5.3,669,5.4,4.8,6.0,721,10.5,9.9,11.1,1405,2.5,2.3,2.6,329,2
3740,1713,7692,406,880,83,1635,592,1475,12.1,8.4,3.7,1.6,6.1,7.7,4971,14.8,30.2,30.3,24.7,8.7,11.3,10.6,688,2.8,99.3,263.2,231.8,90.3,81.7,7.3,6.3,6,20.5,44.6,42.6,46.6,7.2,6.5,7.9,2801,7.7,6.4,8.8,3008,11.7,10.8,12.6,4572,3.0,2.8,3.2,1170,2
1779,1045,1379,137,197,6,614,-169,2255,11.6,9.7,2.0,0.2,-9.0,-8.9,2345,13.7,35.4,35.7,15.3,17.6,26.1,24.0,394,3.8,82.7,273.1,236.3,86.6,79.0,7.0,6.3,8,22.4,46.9,44.6,49.0,8.1,7.4,8.9,1577,9.8,8.5,11.2,1903,11.7,10.8,12.6,2271,3.2,2.9,3.4,611,5
3441,1517,4115,559,522,87,1081,900,544,13.3,9.6,3.7,1.1,13.7,14.9,6015,19.2,40.6,23.9,16.3,14.4,22.8,20.5,772,3.7,95.2,253.1,225.8,85.1,77.8,8.1,7.4,8,20.5,50.1,48.0,52.1,8.6,7.8,9.4,3158,10.8,9.3,12.3,3966,13.6,12.6,14.5,4957,3.3,3.1,3.6,1213,5
225,143,123,96,25,0,60,10,62,15.5,5.2,10.4,3.0,-10.6,-7.6,503,21.8,40.1,28.3,9.9,14.2,20.2,19.4,54,3.4,88.8,224.8,199.9,72.9,66.5,6.2,5.4,0,17.8,50.4,48.6,52.0,8.4,7.8,9.0,217,7.8,7.0,8.6,201,14.7,14.0,15.5,381,3.5,3.3,3.7,91,6
225,202,4,5,2,1,7,-12,54,9.0,13.0,-4.0,0.0,-2.0,-2.0,56,3.9,30.5,43.4,22.2,13.1,18.2,17.4,28,2.4,77.4,239.2,214.5,88.2,80.3,6.8,6.2,0,37.5,44.3,41.6,46.8,9.1,8.2,10.1,147,7.7,6.5,8.9,124,11.9,10.8,13.0,193,3.6,3.3,3.9,58,6
1186,608,109,102,61,14,181,10,565,10.2,9.0,1.2,-0.2,-0.2,-0.4,676,6.6,34.6,35.1,23.7,8.6,10.5,9.2,151,2.1,107.0,218.2,193.1,84.8,77.9,6.9,6.5,0,24.0,45.3,42.7,47.6,7.2,6.4,8.0,824,6.8,5.8,7.9,788,10.1,9.2,11.1,1168,2.9,2.7,3.1,334,3
6330,3312,1115,777,6555,245,3772,534,5325,8.2,6.4,1.8,5.2,-1.2,4.1,2479,4.6,13.9,27.9,53.6,15.8,11.9,9.9,1535,3.2,100.7,303.4,271.5,109.4,101.0,9.2,8.3,12,20.9,29.0,27.2,30.9,5.8,5.3,6.5,4488,5.9,5.0,7.0,4562,8.3,7.6,9.1,6380,2.6,2.4,2.8,1977,4
417,241,39,194,3,2,147,-19,79,8.1,13.9,-5.7,0.0,0.0,0.0,310,12.7,35.6,35.0,16.8,17.2,26.8,25.5,57,4.0,70.7,227.6,206.5,88.0,80.5,6.8,6.3,0,33.8,52.6,50.2,54.9,11.1,10.0,12.2,294,11.0,9.4,12.6,291,15.7,14.5,16.9,416,4.2,3.9,4.5,110,6
3326,1270,394,169,214,14,441,454,398,9.6,11.2,-1.5,-0.2,16.0,15.7,3376,15.1,29.1,32.1,23.7,11.0,19.8,18.1,532,3.5,111.0,228.7,202.9,79.1,71.9,7.0,6.1,6,27.9,45.1,42.5,47.6,8.4,7.5,9.5,2152,9.3,7.7,11.0,2362,12.7,11.5,13.9,3234,3.3,3.0,3.6,836,2
5605,2742,1785,157,350,16,611,61,3727,8.0,12.2,-4.3,0.1,5.4,5.5,3981,10.2,43.8,25.7,20.4,13.0,18.3,18.2,1057,4.7,88.0,320.5,273.3,100.8,88.2,8.7,7.2,8,29.9,44.2,41.8,46.4,8.8,7.9,9.7,3757,9.1,7.8,10.5,3904,12.7,11.6,13.8,5451,3.4,3.2,3.7,1457,6
23122,14922,79472,2235,42984,806,9020,1209,20371,11.4,8.2,3.2,7.2,-7.1,0.0,29717,12.0,24.5,21.6,42.0,10.9,13.7,13.2,7217,3.7,97.8,306.5,271.0,97.7,87.5,7.6,6.7,92,20.2,38.4,37.0,39.9,6.1,5.6,6.6,17650,5.8,5.1,6.8,17022,11.3,10.6,12.0,32972,2.8,2.7,3.0,8158,3
1338,516,1455,117,57,9,233,-16,1464,8.2,8.5,-0.3,1.4,-2.4,-1.0,1768,19.7,35.7,27.4,17.1,22.8,36.6,35.7,167,3.5,72.7,265.2,240.7,86.8,80.1,6.9,6.0,0,26.8,47.9,45.9,49.7,10.7,9.6,11.8,1053,12.5,10.6,14.4,1235,14.3,13.2,15.4,1411,4.0,3.7,4.3,392,6
180,113,872,3,25,0,33,-14,7,7.4,13.0,-5.6,0.0,-4.3,-4.3,372,28.8,47.8,16.4,7.0,24.6,41.8,40.6,30,5.1,58.1,228.7,202.9,79.1,71.9,7.0,6.1,0,27.7,56.2,54.5,58.0,11.7,10.9,12.6,157,12.7,11.4,14.0,170,22.1,21.0,23.3,296,5.2,4.9,5.6,70,6
690,636,49,19,54,14,91,-37,154,9.6,13.8,-4.2,0.4,-1.6,-1.2,366,7.3,36.8,36.8,19.1,9.5,11.8,10.7,128,3.6,74.6,302.7,265.0,104.9,96.0,7.4,6.6,0,33.8,44.3,41.9,46.6,8.8,7.8,9.8,469,6.9,5.8,8.0,366,11.8,10.7,12.9,626,3.5,3.3,3.9,189,6
2933,1481,1747,87,237,12,549,309,458,11.6,10.3,1.3,0.1,7.2,7.3,3658,14.6,34.8,30.6,20.1,16.0,24.8,23.9,709,4.1,99.9,230.9,214.6,77.3,72.9,8.3,7.6,8,23.9,53.3,50.7,55.6,9.4,8.5,10.4,2659,11.4,9.8,13.3,3224,14.0,12.8,15.1,3937,3.3,3.1,3.6,942,3
661,429,1787,47,391,5,469,680,3473,7.6,4.4,3.2,2.8,31.3,34.2,788,10.0,23.5,27.4,39.1,30.4,18.0,16.4,308,3.7,54.1,263.2,231.8,90.3,81.7,7.3,6.3,0,11.7,37.2,34.2,40.3,5.2,4.7,5.6,827,6.5,5.6,7.5,1044,7.8,7.3,8.4,1260,2.3,2.2,2.5,374,4
11228,6459,103358,1581,9410,563,9139,-846,34020,13.9,8.6,5.3,2.0,-10.7,-8.7,18818,12.3,25.6,34.1,28.0,19.7,28.2,27.7,4028,3.6,66.8,263.2,231.8,90.3,81.7,7.3,6.3,113,15.0,43.0,41.4,44.6,5.8,5.4,6.2,11403,6.4,5.7,7.1,12529,10.8,10.2,11.4,21283,2.8,2.7,2.9,5487,1
9937,5430,3601,259,5246,265,1799,86,3682,7.4,8.0,-0.6,0.7,0.6,1.3,4335,4.9,21.2,21.9,52.0,4.4,4.0,3.6,2049,3.3,137.4,306.5,271.0,97.7,87.5,7.6,6.7,12,24.1,34.6,32.1,36.7,6.2,5.4,6.9,6220,5.8,4.6,7.1,5827,9.1,8.1,10.0,9137,2.6,2.4,2.8,2641,2
3330,1709,1381,560,464,21,777,590,631,14.0,10.2,3.8,1.2,9.6,10.9,3683,13.8,31.5,34.2,20.5,14.8,24.9,25.3,591,3.1,85.8,224.8,199.9,72.9,66.5,6.2,5.4,5,24.8,46.8,44.6,49.1,8.5,7.7,9.4,2615,8.4,7.2,9.7,2594,12.8,11.8,13.8,3947,3.3,3.1,3.5,1017,5
36193,22610,18612,1550,53118,207,9338,3,8565,9.2,7.8,1.4,3.5,-4.9,-1.4,19588,5.7,20.2,20.6,53.6,4.7,5.0,4.8,8288,3.3,137.4,306.5,271.0,97.7,87.5,7.6,6.7,91,22.2,31.0,29.1,33.0,5.6,5.1,6.3,21949,5.1,4.1,6.1,19702,8.7,8.0,9.5,33899,2.5,2.4,2.7,9826,2
3310,1814,603,135,161,19,778,-49,510,11.2,12.0,-0.8,0.4,-0.8,-0.4,3865,14.1,44.1,27.7,14.2,18.8,26.8,22.5,1032,5.5,79.5,292.7,248.6,93.7,83.7,8.3,7.1,11,25.4,52.7,50.5,54.6,9.8,9.0,10.8,2985,11.7,10.3,13.4,3562,14.2,13.2,15.3,4317,3.5,3.3,3.8,1077,5
1660,864,7001,131,91,5,281,64,2043,9.7,11.3,-1.6,1.1,3.9,5.0,2597,19.3,38.1,28.8,13.8,22.8,32.5,32.1,286,3.9,69.0,265.2,240.7,86.8,80.1,6.9,6.0,0,25.8,51.9,50.3,53.5,11.1,10.3,12.0,1674,12.6,11.2,13.9,1888,16.7,15.8,17.7,2517,4.4,4.1,4.7,660,6
685,296,25,69,80,10,186,146,48,4.8,9.9,-5.1,2.3,36.3,38.6,282,8.8,29.2,42.9,19.0,10.9,19.8,17.2,86,6.5,75.2,278.8,246.3,100.6,91.7,6.9,6.1,0,41.4,44.4,42.2,46.6,10.2,9.2,11.2,372,8.4,7.2,9.9,309,13.4,12.3,14.6,491,3.9,3.6,4.2,141,6
2494,1177,80,421,51,6,262,93,274,7.6,13.4,-5.9,0.1,11.5,11.7,1111,9.0,37.7,35.8,17.4,13.7,20.1,18.2,402,5.6,62.6,302.7,265.0,104.9,96.0,7.4,6.6,4,40.8,45.9,43.5,48.1,10.5,9.4,11.7,1394,8.3,7.0,9.7,1097,13.9,12.6,15.1,1838,4.0,3.7,4.4,534,6
150,86,2,12,8,0,39,-25,21,7.3,10.0,-2.7,3.6,-24.6,-20.9,70,7.2,38.3,33.6,20.9,13.5,23.9,22.6,18,3.7,77.4,247.1,236.2,91.5,88.0,9.8,9.4,0,34.9,39.3,36.9,41.7,9.8,8.7,10.8,88,8.4,7.2,9.9,76,12.8,11.7,14.0,115,3.8,3.5,4.1,34,6
542,223,15,64,35,17,103,118,21,7.9,6.7,1.2,0.0,26.7,26.7,318,10.4,37.7,32.9,19.1,13.2,24.1,22.3,94,5.5,81.6,192.6,181.6,73.9,68.9,5.8,5.5,0,38.3,48.1,45.4,50.7,10.7,9.6,12.0,374,9.9,8.3,11.7,347,15.4,14.1,16.8,538,4.1,3.8,4.5,144,6
268,330,4,18,13,1,34,-19,61,13.1,8.9,4.3,0.0,-10.1,-10.1,148,6.3,32.7,37.7,23.3,9.8,12.6,11.6,42,2.3,92.2,240.4,219.1,92.8,84.8,9.2,8.6,0,31.7,42.7,39.9,45.4,8.8,7.8,10.0,225,6.4,5.3,7.7,164,10.9,9.8,12.0,278,3.4,3.1,3.8,87,6
4825,2433,2045,299,402,18,1131,390,965,10.8,12.1,-1.3,1.3,7.4,8.7,5665,15.2,42.6,26.3,15.8,15.9,21.8,20.5,928,4.1,87.9,253.1,225.8,85.1,77.8,8.1,7.4,4,25.0,51.3,49.1,53.6,10.0,9.1,11.0,4197,11.9,10.3,13.8,5010,15.1,13.9,16.3,6339,3.7,3.4,3.9,1536,5
3947,1868,12627,405,540,92,982,-155,14357,10.0,11.8,-1.8,0.8,-1.6,-0.8,8351,19.9,36.2,32.1,11.7,19.8,22.6,20.4,728,3.1,75.8,224.8,199.9,72.9,66.5,6.2,5.4,10,19.8,51.3,49.6,53.1,8.4,7.8,9.1,3964,8.6,7.6,9.6,4027,13.8,13.0,14.6,6495,3.4,3.2,3.6,1584,5
2772,1841,151,64,119,6,261,-121,355,9.7,12.0,-2.2,0.0,-1.7,-1.7,1721,7.7,48.5,25.2,18.6,9.2,12.6,11.6,611,3.9,90.1,320.5,273.3,100.8,88.2,8.7,7.2,0,28.0,47.8,45.2,50.4,8.5,7.7,9.4,2061,8.9,7.7,10.3,2171,12.4,11.3,13.5,3007,3.3,3.0,3.6,798,6
39802,24885,199131,5947,74720,1435,29450,5797,50684,11.6,6.6,5.0,15.9,-13.7,2.2,79176,14.5,22.4,18.3,44.8,17.5,24.1,24.4,13720,3.0,86.1,449.5,353.7,134.3,114.6,9.6,7.3,447,16.1,29.0,27.7,30.2,5.0,4.6,5.3,33415,5.0,4.4,5.7,33452,8.7,8.2,9.1,58311,2.6,2.5,2.8,17734,1
3440,1681,370,487,482,16,1131,414,568,11.0,8.2,2.8,1.8,3.8,5.6,3150,9.2,38.2,28.9,23.7,11.1,13.1,12.4,697,2.5,100.3,367.1,322.7,130.3,121.5,11.7,9.9,0,21.1,40.1,37.8,42.2,6.4,5.7,7.1,2468,7.2,6.1,8.4,2786,9.7,8.8,10.5,3750,2.7,2.5,2.9,1037,4
502,304,66,43,17,0,96,-32,98,9.8,10.1,-0.3,0.2,-5.3,-5.2,240,5.8,36.5,34.2,23.5,10.2,13.4,12.0,87,2.9,97.1,227.6,206.5,88.0,80.5,6.8,6.3,0,25.0,48.0,45.3,50.4,8.3,7.4,9.2,372,8.2,7.0,9.5,369,12.4,11.3,13.5,558,3.2,3.0,3.5,145,5
67297,45285,68264,4398,158538,848,20497,3123,10436,9.9,7.8,2.1,5.1,-3.9,1.2,50921,7.8,23.5,20.5,48.3,6.8,8.2,7.9,16228,3.4,122.5,306.5,271.0,97.7,87.5,7.6,6.7,147,22.6,29.7,28.2,31.3,5.9,5.4,6.5,43823,5.3,4.4,6.2,38773,9.9,9.2,10.6,73191,2.7,2.5,2.8,19576,2
244,134,13,26,8,0,65,4,7,12.6,7.4,5.1,-0.5,-2.3,-2.8,213,13.6,37.1,26.6,22.6,16.4,26.7,25.9,26,1.9,90.1,206.7,189.1,73.9,68.5,6.2,5.8,0,31.2,51.2,48.8,53.3,11.1,10.0,12.3,179,10.2,8.7,11.9,165,15.2,14.0,16.4,245,4.0,3.7,4.4,65,6
2973,1609,1624,123,725,21,692,270,3235,9.9,10.6,-0.7,3.7,4.0,7.7,2628,10.9,32.4,27.6,29.0,21.3,23.1,22.2,737,3.9,83.4,230.9,214.6,77.3,72.9,8.3,7.6,10,21.4,48.0,45.7,50.4,8.7,7.9,9.6,2789,10.4,8.9,12.0,3322,12.4,11.4,13.4,3977,3.1,2.9,3.4,990,5
1432,624,79,66,22,4,194,-7,341,10.1,14.9,-4.8,0.1,4.4,4.4,2655,22.4,43.6,23.4,10.6,22.8,30.2,27.8,330,4.9,75.2,230.9,214.6,77.3,72.9,8.3,7.6,0,24.1,54.0,51.5,56.2,11.2,10.2,12.3,1478,14.5,12.6,16.6,1912,16.0,14.7,17.2,2101,3.8,3.5,4.1,496,5
12845,6834,4424,3534,4133,876,6782,4493,2721,15.2,6.4,8.8,1.6,7.2,8.9,14736,9.7,29.4,37.1,23.8,9.4,11.3,10.4,4375,3.5,95.4,216.2,199.9,65.3,62.2,5.8,5.4,64,16.0,38.6,36.8,40.2,5.1,4.6,5.6,9341,5.4,4.6,6.2,9889,9.7,9.0,10.4,17844,2.6,2.4,2.8,4792,3
896,481,176,31,51,14,190,5,103,12.8,13.2,-0.3,0.2,0.6,0.8,1878,22.9,42.1,22.7,12.4,20.4,33.1,32.1,313,6.7,88.0,230.9,214.6,77.3,72.9,8.3,7.6,0,23.1,58.4,56.0,60.7,10.9,9.9,12.0,1014,14.3,12.4,16.4,1322,16.3,15.1,17.6,1513,3.7,3.5,4.1,347,5
30520,17180,64801,6932,23767,539,15641,6307,12595,15.1,7.0,8.0,3.1,0.1,3.2,35961,10.0,21.3,29.8,38.9,11.6,13.3,12.0,8994,3.1,108.1,239.2,214.5,88.2,80.3,6.8,6.2,187,17.4,40.1,38.4,41.8,5.3,4.8,5.8,22309,5.9,5.0,6.9,24910,10.1,9.3,10.9,42400,2.6,2.4,2.8,10910,3
2257,938,94,158,112,10,359,262,141,10.2,16.6,-6.4,0.3,21.9,22.2,1636,13.1,36.8,32.8,17.2,18.7,32.0,30.2,269,4.1,77.7,207.6,188.2,79.9,75.0,7.0,6.5,0,37.0,51.9,49.3,54.2,12.6,11.4,14.0,1720,12.7,10.8,14.7,1733,16.4,15.0,17.8,2232,4.3,3.9,4.7,585,6
565,300,346,75,48,28,133,-76,491,0.3,12.6,-12.3,0.2,0.2,0.3,714,17.5,39.0,27.7,15.9,15.2,20.2,16.6,104,3.1,59.8,263.2,231.8,90.3,81.7,7.3,6.3,0,22.9,46.7,44.5,48.9,9.4,8.5,10.3,482,10.8,9.3,12.4,557,13.3,12.4,14.3,686,3.7,3.4,4.0,190,6
317,179,25,92,35,9,132,22,37,12.7,5.0,7.7,1.9,-5.4,-3.6,671,20.6,34.6,34.7,10.1,13.8,20.2,18.7,92,3.4,90.9,192.6,181.6,73.9,68.9,5.8,5.5,0,18.4,44.9,42.9,46.7,7.9,7.2,8.6,300,8.0,7.0,9.0,305,12.7,12.0,13.5,486,3.3,3.1,3.6,127,5
492,241,7704,28,80,8,120,-58,104,17.1,10.0,7.1,0.2,-13.2,-13.0,1243,18.5,31.1,33.6,16.8,26.5,43.5,44.8,237,5.3,74.1,191.3,174.8,65.9,61.2,7.1,6.7,0,17.0,55.9,53.5,57.9,7.7,7.1,8.3,542,8.8,7.8,9.9,617,16.7,15.7,17.8,1176,3.8,3.5,4.0,266,2
2846,1775,819,421,827,73,624,50,1047,12.3,10.8,1.5,2.3,-2.6,-0.2,4098,15.8,38.3,32.0,13.9,13.5,17.3,16.0,676,3.7,87.2,230.8,212.0,80.3,74.4,6.5,6.1,5,23.2,49.6,47.4,51.7,8.7,7.9,9.6,2545,10.8,9.2,12.4,3141,14.1,12.9,15.1,4104,3.4,3.1,3.7,995,5
7312,3801,27969,396,3196,143,2888,832,4881,12.1,10.2,1.9,2.8,3.4,6.2,7633,11.9,32.5,28.8,26.8,14.6,20.1,20.8,2676,5.2,65.4,386.0,306.1,116.2,97.6,9.6,7.5,24,20.9,46.2,44.7,47.9,7.0,6.4,7.6,5626,7.8,6.8,8.8,6242,12.9,12.1,13.7,10369,3.0,2.9,3.2,2448,3
1755,919,167,849,98,52,865,-99,202,10.6,13.0,-2.3,-0.2,-2.3,-2.5,1535,11.0,33.5,36.4,19.1,16.5,22.5,20.7,377,3.8,76.5,227.6,206.5,88.0,80.5,6.8,6.3,0,24.8,49.7,47.3,51.9,9.0,8.1,9.9,1387,9.6,8.3,11.0,1481,14.0,12.9,15.1,2157,3.6,3.3,3.8,549,6
725,317,2368,12,59,2,125,125,810,9.7,8.3,1.4,0.5,11.6,12.2,1093,18.3,39.0,28.5,14.1,22.1,28.9,27.2,217,5.7,71.3,228.7,202.9,79.1,71.9,7.0,6.1,0,21.1,45.7,43.8,47.5,8.2,7.6,9.0,606,9.5,8.4,10.7,701,14.3,13.5,15.1,1049,3.5,3.3,3.8,260,5
1189,529,69,233,94,14,251,34,73,12.4,10.3,2.1,0.1,0.7,0.8,641,8.0,41.1,31.9,19.0,13.5,22.3,21.9,235,4.4,84.9,192.6,181.6,73.9,68.9,5.8,5.5,0,30.0,40.7,38.4,43.1,8.9,8.0,9.8,814,8.6,7.3,10.0,791,13.0,11.9,14.1,1197,3.6,3.3,3.8,327,6
2693,1685,19277,229,763,49,586,-269,4887,12.5,8.8,3.7,2.0,-11.3,-9.4,2995,11.6,27.3,24.6,36.5,25.8,29.9,29.3,1138,5.2,76.1,260.3,231.8,84.1,75.8,9.1,7.8,17,17.5,42.4,40.2,44.6,6.9,6.3,7.4,2586,7.9,6.9,8.9,2968,11.9,11.2,12.6,4499,3.1,3.0,3.3,1182,5
17551,10253,120873,1221,3098,152,3957,-3112,6246,12.7,11.3,1.5,0.2,-14.4,-14.2,22427,13.4,33.4,29.6,23.5,22.4,35.6,36.6,5751,5.5,84.3,260.3,231.8,84.1,75.8,9.1,7.8,107,21.8,53.2,51.6,54.8,8.6,8.0,9.3,15878,9.8,8.7,11.0,18209,15.7,14.7,16.6,29027,3.9,3.7,4.1,7239,3
398,261,3021,67,191,1,137,20,1552,6.8,10.3,-3.6,24.6,-17.8,6.8,1292,28.4,42.2,18.2,11.2,37.9,39.8,39.0,110,4.7,56.4,228.7,202.9,79.1,71.9,7.0,6.1,0,20.7,53.5,51.2,55.7,9.0,8.4,9.6,491,10.1,9.1,11.0,548,17.4,16.5,18.3,950,4.2,4.0,4.5,229,6
3109,1822,3382,131,455,14,768,-291,2141,12.4,11.4,0.9,1.1,-9.7,-8.6,3739,14.0,30.6,38.0,17.4,16.3,25.5,22.4,938,5.3,72.9,284.4,240.5,99.6,87.2,7.0,5.8,22,24.8,50.7,48.4,52.9,8.4,7.6,9.3,2487,9.8,8.4,11.2,2872,12.1,11.1,13.0,3565,3.4,3.2,3.7,1005,5
6155,3797,13192,1608,7232,159,2532,-870,6885,14.9,9.4,5.5,5.5,-18.4,-12.8,17224,22.6,31.6,31.0,14.8,19.7,27.7,27.3,1628,2.9,69.1,224.8,199.9,72.9,66.5,6.2,5.4,99,16.4,48.4,46.7,50.1,8.1,7.5,8.7,7005,8.2,7.3,9.2,7103,14.3,13.5,15.0,12376,3.4,3.2,3.6,2962,3
1888,1074,179,155,125,14,443,255,267,10.4,9.0,1.4,0.0,8.4,8.4,896,5.1,29.9,37.6,27.4,7.4,9.4,8.7,393,3.0,125.9,239.2,214.5,88.2,80.3,6.8,6.2,0,23.1,52.9,50.7,55.1,6.9,6.2,7.6,1364,6.4,5.4,7.5,1274,9.7,8.8,10.6,1932,2.8,2.6,3.0,553,3
2344,1113,174,69,76,8,283,-189,598,12.3,13.2,-1.0,0.3,-6.3,-6.0,4071,21.9,40.1,24.4,13.7,31.1,33.4,32.6,912,9.2,65.6,230.9,214.6,77.3,72.9,8.3,7.6,0,24.1,57.9,55.6,60.1,11.5,10.3,12.6,2400,14.7,12.6,16.9,3074,16.6,15.2,17.8,3470,3.9,3.6,4.3,817,6
6998,3636,833,414,346,31,808,935,680,9.8,12.3,-2.5,-0.4,18.0,17.6,5383,11.9,26.5,36.6,25.0,13.1,21.8,20.1,993,3.4,87.5,255.0,223.5,86.2,78.1,7.1,6.2,12,31.4,46.2,43.5,48.6,9.4,8.4,10.5,4766,9.6,7.9,11.3,4846,12.6,11.3,13.8,6372,3.5,3.2,3.9,1792,3
9422,5127,41808,1174,1839,60,2466,-720,4500,13.4,11.0,2.4,0.2,-8.1,-7.9,12774,14.7,37.5,27.2,20.5,19.4,25.2,22.8,2935,5.3,100.2,260.3,231.8,84.1,75.8,9.1,7.8,26,21.1,50.5,48.8,52.1,8.7,8.0,9.3,8506,9.9,8.8,11.1,9746,15.0,14.1,15.8,14707,3.6,3.4,3.8,3530,4
2266,1315,24524,157,362,51,827,-68,884,20.5,14.1,6.4,1.2,-9.7,-8.5,4192,19.0,34.3,28.6,18.0,24.1,38.9,40.5,798,6.1,51.0,263.2,231.8,90.3,81.7,7.3,6.3,28,23.3,56.9,54.8,58.6,8.5,7.8,9.3,2089,9.3,8.1,10.6,2281,19.2,17.9,20.4,4685,4.5,4.1,4.8,1092,2
3013,1341,228,372,436,302,613,276,230,11.6,10.8,0.9,1.6,7.3,8.9,2788,14.2,34.6,30.8,20.4,16.1,24.8,24.3,406,3.2,95.6,207.6,188.2,79.9,75.0,7.0,6.5,0,28.8,45.4,43.3,47.7,10.4,9.4,11.5,2297,10.4,8.8,12.0,2295,13.9,12.8,15.1,3077,3.7,3.4,4.0,818,6
8678,4368,12718,512,689,36,2598,96,6347,11.4,11.1,0.2,0.2,0.5,0.7,9041,11.7,39.3,31.1,17.9,15.7,24.9,23.0,2102,4.4,93.5,230.8,212.0,80.3,74.4,6.5,6.1,34,23.2,52.2,50.1,54.0,8.6,7.8,9.4,7399,10.5,9.1,12.1,9107,14.7,13.7,15.7,12723,3.3,3.1,3.6,2885,4
8871,5198,5890,211,3322,43,1722,310,2347,7.6,10.4,-2.8,2.2,4.0,6.2,5237,7.8,25.5,31.9,34.8,6.7,8.4,7.3,1329,2.7,94.7,263.2,231.8,90.3,81.7,7.3,6.3,0,27.1,42.0,39.8,44.3,7.4,6.6,8.3,5594,7.3,6.0,8.7,5486,11.4,10.3,12.5,8592,3.0,2.8,3.2,2256,3
1286,599,166,4251,100,5,675,-21,246,11.1,15.9,-4.8,-0.1,3.5,3.4,2141,21.7,31.1,31.2,16.0,15.2,22.9,22.7,299,4.3,80.0,255.0,223.5,86.2,78.1,7.1,6.2,0,25.2,50.8,49.0,52.7,10.4,9.5,11.2,1149,11.8,10.4,13.3,1312,15.1,14.2,16.0,1675,4.0,3.7,4.2,441,6
541,257,63,13,20,0,74,29,95,12.9,14.8,-2.0,0.0,6.2,6.2,1092,22.6,42.5,24.7,10.2,15.5,28.2,27.4,150,4.6,82.5,230.9,214.6,77.3,72.9,8.3,7.6,0,24.3,57.5,55.1,59.8,11.4,10.4,12.5,624,14.8,12.9,16.8,808,16.6,15.4,17.8,906,3.9,3.6,4.2,211,6
3799,2083,472,57285,756,39,1742,-284,775,12.1,8.6,3.5,2.4,-9.9,-7.5,10825,24.6,33.7,30.1,11.6,32.3,42.8,45.0,1699,7.1,71.7,244.8,213.8,91.1,82.1,7.7,7.3,5,16.4,51.1,49.5,52.7,9.9,9.2,10.7,5117,11.6,10.3,13.1,5998,18.4,17.4,19.4,9489,4.8,4.5,5.1,2449,5
1622,1007,561,77,523,31,337,7,1670,11.3,9.9,1.4,1.1,-2.2,-1.0,967,7.1,37.7,35.2,20.1,11.0,13.9,12.2,237,2.5,93.0,218.2,193.1,84.8,77.9,6.9,6.5,0,23.8,43.7,41.5,45.7,7.4,6.6,8.1,1161,7.0,6.0,8.1,1102,10.6,9.6,11.4,1661,3.0,2.8,3.2,469,6
1488,814,114,76,29,3,214,-63,125,12.3,13.2,-0.9,-0.1,-3.2,-3.3,2047,19.3,41.2,27.8,11.6,20.7,29.3,27.2,256,4.4,80.0,207.6,188.2,79.9,75.0,7.0,6.5,0,27.2,49.2,46.8,51.4,11.3,10.2,12.4,1316,12.3,10.6,14.1,1435,14.6,13.4,15.7,1692,3.9,3.6,4.3,458,6
1237,911,838,73,88,2,339,-232,292,10.2,12.1,-1.9,-0.1,-14.4,-14.4,1414,13.8,34.2,38.8,13.2,17.2,26.1,22.6,403,7.0,67.3,284.4,240.5,99.6,87.2,7.0,5.8,0,27.2,49.5,47.2,51.7,9.4,8.5,10.3,1029,10.7,9.3,12.2,1171,13.2,12.2,14.2,1446,3.7,3.5,4.0,409,5
3127,1573,8644,174,352,23,881,382,310,10.0,10.8,-0.8,1.1,10.1,11.2,3282,12.5,27.0,32.3,28.2,9.2,12.1,11.1,568,3.0,100.5,263.2,231.8,90.3,81.7,7.3,6.3,0,25.6,47.9,45.7,49.9,7.7,6.9,8.4,2243,7.9,6.8,9.3,2324,12.5,11.6,13.5,3671,3.3,3.1,3.5,958,2
1199,579,2673,75,80,6,240,48,128,9.0,10.9,-1.9,-0.1,5.8,5.7,1487,16.5,39.2,28.5,15.9,9.9,13.2,11.8,201,3.2,78.9,263.2,231.8,90.3,81.7,7.3,6.3,0,25.8,45.1,42.9,47.1,8.5,7.8,9.3,883,9.3,8.1,10.6,958,13.7,12.8,14.6,1416,3.5,3.3,3.8,367,2
2830,1801,275,136,237,26,450,82,387,9.9,8.9,0.9,0.6,0.8,1.4,1946,7.5,35.9,33.5,23.0,7.7,10.0,8.6,543,2.6,103.9,264.9,238.3,94.6,86.4,7.9,7.1,6,24.2,42.1,39.5,44.6,7.1,6.3,7.9,2048,6.7,5.7,7.9,1942,9.6,8.6,10.5,2765,2.9,2.7,3.2,847,3
2733,1390,147,70,123,12,230,-183,167,7.0,11.9,-4.8,0.5,-4.1,-3.7,1323,8.2,37.1,30.9,23.8,7.8,12.2,10.7,482,4.4,87.3,284.4,240.5,99.6,87.2,7.0,5.8,0,34.9,45.3,42.7,48.0,9.2,8.2,10.3,1596,9.4,7.9,11.0,1629,12.3,11.1,13.5,2128,3.5,3.2,3.8,610,6
105118,67251,107793,3779,35030,1138,21836,5975,19849,8.5,13.0,-4.6,3.6,7.1,10.7,65119,8.9,28.3,31.9,31.0,11.7,16.2,14.4,16163,3.3,94.2,265.2,240.7,86.8,80.1,6.9,6.0,279,30.9,42.8,40.8,44.8,9.3,8.4,10.3,76128,9.3,7.9,10.8,76252,12.5,11.4,13.5,101883,3.5,3.3,3.8,28809,1
989,348,123,445,139,4,327,315,1100,8.5,4.4,4.1,-0.1,14.3,14.2,296,2.8,16.0,25.9,55.3,10.4,10.4,9.2,285,2.6,85.2,285.7,262.5,95.4,88.9,7.8,7.1,0,17.9,26.8,24.7,28.8,4.8,4.3,5.4,694,4.8,4.0,5.7,688,6.7,6.0,7.3,956,2.3,2.1,2.5,331,6
1942,1011,3689,163,198,13,486,-71,374,11.2,11.4,-0.2,0.8,-3.6,-2.8,2580,16.3,33.5,34.7,15.5,15.7,25.9,23.8,451,4.2,84.4,224.8,199.9,72.9,66.5,6.2,5.4,0,24.3,51.3,49.2,53.3,9.3,8.5,10.1,1646,9.5,8.3,10.8,1688,14.4,13.5,15.4,2562,3.7,3.4,3.9,654,6
2907,1576,1154,126,97,19,381,-8,750,9.6,13.6,-3.9,0.0,3.7,3.8,4343,20.3,34.8,31.7,13.1,20.2,27.4,25.9,513,4.1,76.0,217.1,196.7,77.2,71.2,7.6,6.9,4,27.3,52.1,49.7,54.1,10.6,9.6,11.6,2495,12.0,10.2,13.8,2823,15.1,13.9,16.2,3558,3.8,3.5,4.2,902,6
1581,805,571,54,80,9,275,-79,1185,10.8,12.2,-1.5,0.3,-3.0,-2.6,2813,21.5,38.7,23.5,16.3,23.8,35.0,33.6,367,5.1,74.5,230.9,214.6,77.3,72.9,8.3,7.6,0,23.6,50.0,47.6,52.2,10.6,9.6,11.6,1626,13.2,11.5,15.2,2026,15.3,14.1,16.5,2341,3.6,3.4,4.0,557,6
2636,1694,1398,292,509,326,568,98,854,12.5,10.6,2.0,4.7,-3.9,0.9,2904,12.1,35.7,34.3,18.0,14.7,19.8,19.3,602,3.4,80.3,218.2,193.1,84.8,77.9,6.9,6.5,11,23.6,44.3,42.2,46.2,8.1,7.3,8.9,2211,8.1,7.0,9.4,2218,11.8,10.9,12.8,3230,3.3,3.0,3.5,894,5
9307,5571,10921,764,16527,107,4203,1378,15858,12.1,6.2,5.9,7.4,-6.2,1.2,8638,8.3,25.0,29.0,37.7,18.1,14.7,13.6,3081,3.2,93.8,230.8,212.0,80.3,74.4,6.5,6.1,30,15.4,34.3,32.2,36.1,5.4,4.9,5.9,8250,6.9,5.9,8.0,10628,9.5,8.8,10.2,14474,2.4,2.2,2.6,3676,4
56281,34705,55976,7012,30829,1332,21878,5478,19527,10.7,8.8,2.0,7.8,-2.8,5.0,57928,10.7,25.2,24.7,39.4,10.7,13.3,12.5,14703,3.4,95.7,449.5,353.7,134.3,114.6,9.6,7.3,98,22.4,38.5,36.6,40.4,6.4,5.8,7.2,40012,6.3,5.3,7.5,39418,9.8,9.0,10.6,60737,2.8,2.6,3.1,17721,2
2195,1141,9906,305,107,14,404,171,215,11.4,10.9,0.5,-0.1,5.8,5.7,3249,17.6,42.8,25.4,14.2,18.3,24.5,23.3,618,5.7,92.6,260.3,231.8,84.1,75.8,9.1,7.8,0,23.2,51.8,50.0,53.4,9.7,9.0,10.4,2017,11.1,9.9,12.3,2324,16.4,15.5,17.2,3412,4.0,3.8,4.3,844,3
4931,2335,950,378,185,70,801,13,489,11.8,11.4,0.3,0.1,-0.2,0.0,7861,19.8,34.0,33.5,12.6,13.2,18.0,15.5,878,3.5,101.1,217.1,196.7,77.2,71.2,7.6,6.9,6,23.6,46.3,44.3,48.4,9.2,8.4,10.1,4101,10.5,9.1,12.0,4661,13.5,12.6,14.5,6017,3.4,3.2,3.7,1507,2
16466,9917,139095,935,10652,146,7709,-5028,11551,13.3,10.6,2.7,2.8,-21.9,-19.2,28768,13.1,23.6,28.2,35.0,22.8,38.4,37.7,5878,3.8,79.5,273.1,236.3,86.6,79.0,7.0,6.3,207,18.3,48.1,46.4,49.9,6.9,6.4,7.5,16912,8.0,7.0,9.1,19608,13.4,12.6,14.3,32940,3.3,3.1,3.5,8129,1
7989,4742,3661,472,1616,123,2382,-476,3866,8.2,8.9,-0.7,0.7,-5.7,-5.0,3863,6.4,21.7,24.0,47.9,8.1,11.0,9.1,1584,3.5,121.9,370.0,325.3,117.5,106.6,10.1,8.6,10,27.6,34.9,32.6,37.1,6.7,5.9,7.7,4621,6.7,5.4,8.2,4598,9.3,8.4,10.4,6410,2.8,2.6,3.1,1922,2
5734,3242,1233,152,430,16,1163,-369,911,10.3,12.6,-2.3,-0.1,-3.0,-3.1,5609,11.6,38.3,27.7,22.5,16.7,21.9,22.5,1542,4.5,108.9,263.4,231.6,100.1,89.4,10.5,9.2,20,25.1,52.6,50.3,54.8,9.8,8.9,10.9,5230,11.8,10.1,13.6,6252,14.0,12.9,15.2,7458,3.3,3.1,3.6,1771,5
2834,1456,3278,104,141,32,475,-136,461,11.1,13.1,-2.0,0.2,-2.7,-2.5,3541,16.6,44.8,23.7,14.9,17.7,25.6,24.3,608,4.9,81.2,253.1,225.8,85.1,77.8,8.1,7.4,7,25.7,53.4,51.2,55.5,10.5,9.5,11.5,2491,12.8,11.2,14.4,3033,16.0,14.9,17.2,3804,3.9,3.6,4.2,919,5
1992,953,803,79,116,19,408,247,357,13.4,10.2,3.2,0.0,5.6,5.6,2899,15.4,40.8,27.5,16.3,15.3,21.1,19.5,696,6.0,92.9,230.9,214.6,77.3,72.9,8.3,7.6,4,21.2,54.0,51.5,56.1,10.0,9.2,11.0,2161,13.0,11.2,14.8,2794,15.0,13.8,16.1,3222,3.5,3.2,3.8,752,5
1639,831,478,58,2199,4,329,148,1715,8.3,10.2,-1.9,14.8,-4.9,9.9,935,7.3,27.7,33.4,31.6,16.3,19.9,18.9,219,2.4,77.8,218.2,193.1,84.8,77.9,6.9,6.5,0,29.7,39.6,37.4,41.7,7.4,6.6,8.3,1146,6.7,5.6,8.1,1046,10.4,9.4,11.4,1610,3.0,2.8,3.3,468,5
4181,2989,4608,129,298,19,1349,-228,836,9.8,12.3,-2.5,0.7,-3.3,-2.6,2269,7.1,36.0,37.7,19.3,12.7,20.9,18.1,1041,4.8,72.8,284.4,240.5,99.6,87.2,7.0,5.8,8,29.3,51.9,49.5,54.0,9.0,8.1,9.9,3161,9.6,8.3,11.0,3387,12.7,11.6,13.6,4459,3.6,3.4,3.9,1280,5
552,388,98,35,41,8,106,-3,467,11.5,9.1,2.4,0.4,-3.4,-3.0,320,7.0,31.4,33.5,28.1,12.7,13.8,12.3,124,3.4,87.2,239.2,214.5,88.2,80.3,6.8,6.2,0,26.9,43.3,41.0,45.5,7.0,6.3,7.8,383,6.8,5.8,7.9,370,10.3,9.4,11.2,559,2.9,2.7,3.2,159,6
9422,4801,8759,351,2584,38,2198,1250,7130,9.7,9.5,0.2,2.2,7.7,9.9,11698,15.1,30.1,30.2,24.5,16.6,17.3,15.8,1894,3.4,93.0,229.5,205.0,80.1,72.3,7.0,6.2,15,21.0,39.9,37.9,41.8,7.1,6.4,7.9,7216,7.8,6.7,9.2,7941,10.9,10.0,11.8,11065,3.0,2.7,3.2,2995,3
925,616,82,158,66,6,114,90,216,10.7,14.6,-3.9,0.8,13.7,14.6,1095,18.5,33.8,26.0,21.7,14.7,23.4,23.4,121,3.3,81.2,224.8,199.9,72.9,66.5,6.2,5.4,0,32.7,51.8,49.3,54.2,10.9,9.7,12.2,724,10.5,8.7,12.4,694,15.0,13.6,16.3,992,4.0,3.7,4.4,266,6
1217,982,262,284,2149,79,377,281,621,16.3,9.4,6.8,26.6,-18.5,8.1,1813,14.7,35.3,30.0,20.1,12.9,18.3,18.0,247,2.6,87.2,240.4,219.1,92.8,84.8,9.2,8.6,6,24.8,38.0,35.8,39.9,8.2,7.3,9.0,1115,6.8,5.6,7.9,924,11.3,10.3,12.2,1543,3.3,3.0,3.5,447,5
3689,2265,921,2573,314,22,2129,-146,540,11.5,12.6,-1.1,0.6,-2.8,-2.2,3830,12.6,41.1,28.9,17.4,15.0,22.7,21.4,730,3.9,89.6,206.7,189.1,73.9,68.5,6.2,5.8,9,24.7,53.5,51.4,55.4,9.8,9.0,10.7,3259,9.9,8.6,11.3,3304,13.9,12.9,14.9,4635,3.5,3.3,3.8,1180,5
1358,725,4984,426,1025,47,724,43,272,12.1,8.3,3.8,0.6,-2.6,-2.0,2608,17.1,34.5,28.8,19.6,15.5,20.3,18.3,462,4.6,122.1,260.3,231.8,84.1,75.8,9.1,7.8,0,17.2,45.2,43.1,47.0,7.7,7.1,8.3,1334,8.9,7.8,10.0,1549,12.9,12.1,13.6,2240,3.2,3.0,3.4,552,2
1460,718,132,394,197,36,496,939,111,16.3,5.4,10.9,0.4,21.0,21.5,1749,10.9,27.7,38.8,22.6,9.1,11.0,9.3,305,2.3,111.5,192.6,181.6,73.9,68.9,5.8,5.5,0,16.0,41.4,39.1,43.5,6.0,5.4,6.7,1171,6.3,5.4,7.3,1223,9.6,8.7,10.3,1855,2.7,2.5,2.9,517,4
14341,8113,133229,760,7203,215,3211,-1316,9120,13.5,9.7,3.8,1.1,-10.7,-9.6,21646,14.4,25.5,28.0,32.1,20.1,31.3,31.9,4219,4.0,99.5,217.1,196.7,77.2,71.2,7.6,6.9,88,19.5,51.7,49.9,53.6,8.1,7.5,8.8,13991,8.4,7.4,9.6,14595,15.9,14.9,16.9,27581,3.6,3.4,3.8,6253,3
853,721,52,119,26,4,114,-67,204,10.8,15.6,-4.8,0.0,-2.8,-2.8,488,7.6,39.7,36.0,16.7,13.9,18.5,16.3,123,2.8,84.1,218.2,193.1,84.8,77.9,6.9,6.5,0,32.1,47.8,45.4,50.1,9.5,8.6,10.5,640,8.6,7.4,10.1,585,12.6,11.5,13.7,851,3.7,3.4,4.0,249,6
3915,1829,1075,226,665,20,922,857,5899,6.9,7.2,-0.3,0.4,15.2,15.6,3243,10.5,20.3,27.6,41.6,21.2,15.3,14.2,1000,3.5,89.9,255.0,223.5,86.2,78.1,7.1,6.2,10,20.7,38.3,35.6,41.0,6.9,6.3,7.7,3376,7.6,6.4,8.9,3703,9.6,8.7,10.4,4659,2.8,2.6,3.0,1359,5
1435,644,324,657,96,42,435,-2,612,10.4,9.5,0.9,3.2,-4.2,-1.0,1540,14.2,36.6,33.6,15.6,25.2,35.4,31.6,427,7.6,82.5,244.8,213.8,91.1,82.1,7.7,7.3,0,27.4,50.1,48.3,51.8,9.2,8.5,9.9,1134,8.8,7.7,9.9,1087,15.1,14.2,16.0,1866,4.1,3.9,4.3,505,3
593,476,30,24,42,4,75,-15,118,10.8,15.8,-5.0,0.3,2.5,2.8,315,6.5,38.3,36.2,19.0,10.3,12.6,11.6,80,2.0,100.4,218.2,193.1,84.8,77.9,6.9,6.5,0,28.9,44.1,41.7,46.4,8.2,7.4,9.1,426,7.5,6.4,8.8,391,11.0,10.0,12.0,570,3.2,3.0,3.5,168,6
2898,1751,12093,479,260,7,773,-409,3346,13.1,11.2,1.9,0.2,-12.2,-11.9,6714,24.2,38.9,24.9,12.1,27.4,36.9,37.4,876,5.7,78.6,260.3,231.8,84.1,75.8,9.1,7.8,2,22.1,52.1,50.3,53.9,9.9,9.1,10.7,3064,11.7,10.3,13.2,3628,15.7,14.8,16.6,4847,4.0,3.7,4.3,1232,6
2047,1088,5628,122,59,15,212,-124,476,11.3,11.3,0.0,0.2,-5.7,-5.5,2241,14.4,47.1,23.9,14.6,18.0,29.5,27.7,519,5.7,90.8,260.3,231.8,84.1,75.8,9.1,7.8,0,26.7,50.4,48.3,52.2,9.9,9.1,10.8,1730,10.9,9.6,12.3,1909,15.3,14.3,16.3,2677,3.9,3.6,4.1,675,4
2445,1272,498,141,109,25,455,363,382,11.3,12.8,-1.5,0.1,14.9,15.0,3330,17.8,43.4,25.2,13.5,17.3,24.6,22.9,439,3.7,81.4,253.1,225.8,85.1,77.8,8.1,7.4,4,26.9,54.2,51.9,56.3,10.6,9.6,11.6,2243,13.0,11.2,14.7,2747,15.0,13.8,16.1,3186,3.8,3.5,4.1,807,6
8092,4323,9258,875,1580,88,1278,1891,762,9.0,10.3,-1.3,-0.2,27.5,27.4,6026,11.8,21.4,25.5,41.3,9.3,14.2,13.1,1158,3.3,136.7,255.0,223.5,86.2,78.1,7.1,6.2,4,30.0,44.7,42.5,46.9,8.7,7.7,9.7,5051,8.2,6.9,9.7,4794,12.8,11.8,14.0,7475,3.5,3.3,3.8,2058,3
353,280,36,64,60,8,62,-46,105,12.0,13.2,-1.2,-1.0,-7.3,-8.3,506,15.8,28.9,30.4,24.9,7.8,12.8,12.2,57,2.0,109.7,227.6,206.5,88.0,80.5,6.8,6.3,0,26.9,45.1,42.8,47.5,7.7,6.9,8.6,275,7.6,6.3,9.0,272,11.9,10.8,12.9,425,3.1,2.9,3.4,111,6
5884,3229,7327,618,989,83,1363,-1364,675,13.2,11.9,1.3,0.0,-17.6,-17.6,6566,11.7,38.8,34.3,15.3,13.4,20.1,18.8,2137,5.7,93.3,224.8,199.9,72.9,66.5,6.2,5.4,0,21.0,51.1,49.0,53.0,8.2,7.5,9.0,5176,8.7,7.6,9.9,5454,12.7,11.9,13.6,8007,3.2,3.0,3.4,2018,3
1774,802,5656,210,825,57,1220,1090,99,14.3,7.0,7.3,-0.2,21.8,21.6,1819,8.1,25.6,33.8,32.6,8.6,11.5,10.9,608,3.4,135.9,228.7,202.9,79.1,71.9,7.0,6.1,0,14.3,41.0,38.9,43.2,5.6,5.0,6.1,1497,6.5,5.6,7.5,1750,10.1,9.4,10.8,2712,2.6,2.4,2.7,689,3
1043,572,99,142,54,1,227,-39,70,8.4,12.1,-3.7,0.9,-0.7,0.2,703,9.4,39.5,32.6,18.6,10.9,16.9,15.6,157,3.2,96.2,224.8,199.9,72.9,66.5,6.2,5.4,0,30.0,48.7,46.5,51.0,9.5,8.6,10.4,792,9.2,7.9,10.6,771,13.5,12.3,14.6,1125,3.5,3.3,3.8,294,4
905,453,62,249,46,12,273,120,111,13.1,10.5,2.6,-0.4,9.7,9.3,656,9.4,42.2,27.7,20.6,14.3,18.9,17.4,165,3.3,77.8,240.4,219.1,92.8,84.8,9.2,8.6,0,27.0,45.7,43.4,47.9,9.1,8.2,10.0,703,7.6,6.5,8.8,587,12.1,11.1,13.1,939,3.5,3.2,3.8,270,6
3508,2006,4664,256,172,4,621,-92,575,11.5,14.5,-3.0,-0.1,0.6,0.6,4530,17.1,35.4,32.5,14.9,19.9,29.5,30.2,715,4.6,80.6,217.1,196.7,77.2,71.2,7.6,6.9,13,27.4,51.7,49.7,53.7,10.3,9.4,11.3,2983,11.1,9.6,12.7,3202,15.8,14.7,16.9,4557,3.8,3.5,4.1,1096,6
6458,3771,10724,300,697,27,1934,-970,2900,12.4,12.0,0.4,0.3,-13.2,-13.0,6353,11.9,41.1,31.9,15.1,19.3,29.5,27.1,2074,6.2,68.6,284.4,240.5,99.6,87.2,7.0,5.8,12,24.5,53.8,51.7,55.8,9.0,8.2,9.9,5278,10.2,9.0,11.6,6002,12.9,12.0,13.9,7602,3.6,3.3,3.9,2105,4
4858,2249,1855,870,303,57,1436,-171,597,11.0,13.1,-2.1,0.2,-1.3,-1.1,6526,17.5,40.8,27.5,14.2,19.7,26.8,22.9,955,4.1,84.1,217.1,196.7,77.2,71.2,7.6,6.9,10,25.7,52.2,49.9,54.3,10.8,9.8,11.8,4415,12.2,10.5,13.9,4978,15.4,14.3,16.6,6307,3.9,3.6,4.2,1582,5
224,160,2,16,64,0,65,42,36,12.1,10.3,1.8,1.3,15.3,16.6,54,3.3,31.8,39.7,25.2,13.8,18.0,18.2,52,5.8,67.8,278.8,246.3,100.6,91.7,6.9,6.1,0,32.7,48.0,45.7,50.3,8.7,7.7,9.6,153,7.5,6.3,8.7,133,11.9,10.7,13.0,210,3.5,3.2,3.8,61,6
521,324,2161,22,25,2,77,49,471,10.8,11.9,-1.2,0.7,7.5,8.3,1207,25.5,38.9,21.9,13.6,26.3,34.5,32.0,157,5.8,59.8,228.7,202.9,79.1,71.9,7.0,6.1,0,24.7,47.9,46.1,49.8,9.1,8.3,9.8,478,10.7,9.4,12.0,565,15.4,14.4,16.3,811,3.9,3.7,4.2,207,6
7031,3265,1541,246,355,60,909,328,1825,9.4,13.4,-4.0,0.1,8.7,8.8,8117,16.4,42.4,25.8,15.3,15.1,23.9,22.4,1376,4.6,84.7,253.1,225.8,85.1,77.8,8.1,7.4,6,27.6,56.3,54.2,58.5,10.5,9.6,11.6,5871,12.6,10.9,14.4,7005,15.4,14.3,16.7,8605,3.7,3.5,4.1,2084,5
341,268,103,37,27,2,69,37,78,13.3,7.3,6.0,1.0,-0.8,0.2,867,22.9,22.3,33.8,21.0,7.5,9.3,8.1,68,2.0,113.1,227.6,206.5,88.0,80.5,6.8,6.3,0,20.4,44.4,42.2,46.7,7.0,6.2,7.9,301,7.5,6.3,8.9,322,11.1,10.1,12.0,473,2.9,2.6,3.1,123,6
3789,2111,1019,196,293,20,519,-211,2098,7.9,11.0,-3.1,0.7,-3.2,-2.5,2546,8.9,32.9,30.7,27.6,11.7,16.1,15.9,834,4.9,80.4,375.1,304.1,112.9,94.8,10.2,7.4,0,29.0,43.8,41.6,46.0,8.4,7.5,9.5,2635,8.9,7.3,10.5,2771,11.3,10.2,12.4,3540,3.2,3.0,3.5,1010,6
1361,737,210,64,93,5,171,138,111,8.7,12.2,-3.4,0.2,15.6,15.8,1926,23.4,29.5,30.5,16.7,18.7,29.8,29.2,194,4.5,73.7,255.0,223.5,86.2,78.1,7.1,6.2,0,33.1,51.7,49.2,54.0,12.4,11.1,13.8,1141,13.1,10.9,15.3,1209,16.5,15.1,17.9,1525,4.5,4.1,4.9,415,6
524,265,2978,8,27,3,100,-73,2514,7.7,7.7,0.0,0.0,-9.2,-9.2,1208,22.0,48.7,16.4,12.8,39.6,36.7,34.9,123,7.4,55.8,228.7,202.9,79.1,71.9,7.0,6.1,0,19.5,50.7,48.7,52.7,9.2,8.5,9.9,599,10.7,9.6,11.9,700,16.1,15.2,17.0,1053,3.9,3.7,4.1,254,6
808,697,29,865,38,6,162,-39,221,12.4,12.0,0.5,0.2,-5.2,-5.0,519,8.8,33.3,36.2,21.7,13.4,17.4,15.4,141,3.0,80.2,239.2,214.5,88.2,80.3,6.8,6.2,0,30.9,46.0,43.8,48.0,8.9,7.9,9.8,566,8.1,6.8,9.4,515,12.2,11.1,13.1,776,3.6,3.3,3.9,228,6
3586,2552,778,142,494,11,432,-252,4436,11.3,9.4,1.9,0.9,-7.6,-6.8,2448,7.7,36.4,32.9,23.0,14.0,14.5,13.7,810,2.8,94.3,264.9,238.3,94.6,86.4,7.9,7.1,0,22.4,39.8,37.5,42.1,6.9,6.2,7.6,2812,6.7,5.8,7.8,2749,9.1,8.2,9.9,3698,2.9,2.7,3.1,1183,5
1623,540,107,477,165,18,338,448,129,10.1,7.1,3.0,0.7,29.2,29.8,781,8.0,21.5,31.7,38.9,11.2,20.7,20.4,236,3.4,74.1,285.7,262.5,95.4,88.9,7.8,7.1,0,34.0,34.1,31.8,36.7,7.6,6.8,8.6,861,6.9,5.7,8.4,782,10.3,9.2,11.4,1162,3.4,3.1,3.7,383,6
2139,1389,215,82,191,12,342,192,472,12.9,8.7,4.2,0.6,2.2,2.7,1675,8.9,40.0,33.0,18.1,8.5,12.0,11.1,405,2.8,107.7,230.8,212.0,80.3,74.4,6.5,6.1,7,23.8,44.4,41.8,47.0,8.0,7.2,8.9,1706,9.8,8.4,11.3,2088,12.7,11.5,13.8,2687,3.1,2.9,3.4,662,3
560,366,7748,21,72,4,79,-51,1207,12.2,10.5,1.7,1.1,-8.2,-7.1,1196,22.6,30.5,27.8,19.1,36.3,45.9,45.7,271,9.2,66.2,191.3,174.8,65.9,61.2,7.1,6.7,0,20.8,59.9,57.1,62.4,9.7,8.9,10.4,690,10.7,9.3,12.1,760,20.1,18.9,21.3,1432,4.8,4.4,5.1,339,5
60,58,6,5,1,0,19,-22,0,9.1,9.1,0.0,0.0,-33.4,-33.4,32,6.9,26.1,32.0,35.0,10.0,14.5,15.3,11,3.2,109.0,224.8,199.9,72.9,66.5,6.2,5.4,0,28.4,44.2,41.4,46.8,8.3,7.4,9.3,43,6.7,5.6,7.9,35,11.8,10.8,12.9,61,3.2,3.0,3.5,17,6
3309,1720,11002,367,219,31,867,-292,1474,13.0,10.7,2.2,-0.5,-8.4,-8.9,4170,14.0,35.9,33.5,16.6,21.9,32.7,32.2,950,4.8,89.5,207.6,188.2,79.9,75.0,7.0,6.5,0,22.4,46.8,45.0,48.6,9.3,8.6,10.0,3089,9.9,8.7,11.0,3287,14.2,13.3,15.0,4719,3.6,3.4,3.8,1195,4
227,163,7,24,0,0,34,0,24,11.1,7.9,3.2,0.0,-2.6,-2.6,97,6.8,31.3,37.0,24.9,15.1,26.2,24.4,28,2.3,65.6,239.2,214.5,88.2,80.3,6.8,6.2,0,34.0,44.9,42.3,47.3,9.3,8.3,10.3,142,8.0,6.8,9.4,122,12.4,11.3,13.6,190,3.7,3.4,4.0,56,6
795,478,56,36,30,1,84,-32,117,10.6,13.3,-2.7,0.1,-1.3,-1.2,670,11.5,33.8,36.4,18.3,12.3,19.6,18.2,196,4.4,81.5,284.4,240.5,99.6,87.2,7.0,5.8,0,28.8,45.3,42.7,47.8,8.4,7.5,9.4,537,9.3,7.9,10.9,595,11.4,10.4,12.4,727,3.3,3.1,3.6,213,6
697,417,117,142,99,4,201,169,283,9.6,10.9,-1.2,-0.4,20.7,20.3,727,12.2,34.5,29.4,23.9,9.7,14.2,13.5,178,4.2,105.4,224.8,199.9,72.9,66.5,6.2,5.4,0,24.7,48.8,46.6,51.1,9.3,8.4,10.2,649,9.2,7.9,10.6,641,13.8,12.7,14.9,966,3.6,3.3,3.8,249,2
1512,730,100,43,79,1,190,-168,247,9.9,14.5,-4.6,0.4,-6.1,-5.7,1502,13.0,49.5,24.2,13.3,17.3,25.0,24.2,373,5.7,92.4,263.4,231.6,100.1,89.4,10.5,9.2,6,26.8,57.5,55.2,59.9,11.2,10.2,12.2,1410,13.9,12.1,15.7,1753,15.6,14.4,16.8,1964,3.7,3.4,4.0,468,6
425,305,16,18,34,0,49,-11,111,10.8,15.3,-4.5,0.2,1.6,1.9,184,6.0,38.1,32.0,23.9,10.0,13.8,12.9,69,2.9,77.4,302.7,265.0,104.9,96.0,7.4,6.6,0,32.1,44.9,42.4,47.3,8.4,7.5,9.3,280,6.8,5.7,8.0,228,11.7,10.5,12.7,390,3.4,3.1,3.7,114,6
849,484,39,135,30,7,205,238,102,14.6,7.4,7.2,-1.0,11.4,10.4,694,8.8,36.3,36.8,18.1,8.8,12.0,10.8,148,2.1,104.8,192.6,181.6,73.9,68.9,5.8,5.5,0,18.7,35.0,32.8,37.1,7.0,6.4,7.8,658,7.1,6.1,8.2,664,10.4,9.5,11.2,968,2.9,2.7,3.2,275,4
1849,1008,212,103,151,8,186,133,180,11.4,12.3,-1.0,0.3,7.8,8.1,1435,10.8,39.9,30.0,19.3,11.0,17.5,15.4,325,3.3,91.3,264.9,238.3,94.6,86.4,7.9,7.1,5,29.0,43.8,41.4,46.2,8.5,7.6,9.4,1253,8.1,6.8,9.4,1182,11.2,10.2,12.3,1650,3.4,3.2,3.7,505,6
635,195,65,75,97,19,105,26,5,4.7,4.7,0.0,0.0,6.2,6.2,162,5.2,30.0,36.2,28.7,7.6,11.6,10.4,89,4.4,116.2,213.5,185.8,72.3,65.0,5.6,5.0,0,38.8,49.0,46.1,51.5,9.6,8.6,10.7,341,9.3,7.8,11.0,331,13.1,11.9,14.3,463,3.7,3.4,4.0,130,3
11672,4926,3869,20378,2411,289,4312,2555,761,10.0,7.8,2.2,-0.1,15.6,15.5,9921,10.3,25.0,34.7,30.0,12.6,15.9,12.7,3217,5.0,120.3,244.8,213.8,91.1,82.1,7.7,7.3,0,22.3,44.0,42.5,45.4,6.8,6.3,7.5,7623,6.5,5.8,7.5,7277,11.9,11.2,12.6,13232,3.2,3.1,3.4,3607,3
65806,35430,308273,4058,74342,762,42608,14594,30780,14.4,7.6,6.8,4.6,-0.2,4.4,76705,9.0,24.8,26.9,39.3,15.5,22.2,22.2,26122,3.8,107.5,292.7,248.6,93.7,83.7,8.3,7.1,449,16.4,39.0,37.3,40.8,6.0,5.5,6.5,60329,6.9,5.9,7.9,69369,11.3,10.5,12.1,113626,2.6,2.5,2.8,26580,1
1471,727,3817,69,126,8,241,-176,225,12.6,12.4,0.2,0.2,-10.9,-10.7,1974,17.2,41.5,25.8,15.4,18.0,27.6,26.1,310,4.2,87.5,207.6,188.2,79.9,75.0,7.0,6.5,0,23.4,53.2,51.2,55.1,9.9,9.0,10.7,1261,10.5,9.2,11.9,1340,15.2,14.3,16.2,1945,3.7,3.5,4.0,478,6
6250,4182,713,681,1464,23,943,-57,778,11.0,10.3,0.7,0.5,-2.0,-1.5,3739,7.2,37.7,33.5,21.6,10.1,13.2,12.0,1227,3.5,91.9,264.9,238.3,94.6,86.4,7.9,7.1,27,25.7,38.8,36.8,40.9,7.8,7.0,8.6,4460,7.3,6.3,8.5,4201,10.4,9.5,11.3,5944,3.2,3.0,3.5,1839,5
302,198,4,49,4,0,49,-2,24,12.6,8.4,4.2,1.7,-6.3,-4.6,157,8.8,37.3,36.4,17.4,14.5,20.9,19.1,32,2.6,63.3,237.6,217.1,87.0,79.6,10.5,9.7,0,36.7,49.0,46.4,51.6,10.7,9.6,11.9,202,8.6,7.2,10.1,163,13.7,12.4,15.0,259,3.9,3.6,4.2,73,6
360,270,50,118,37,8,100,-14,72,12.0,5.7,6.3,1.6,-10.6,-9.0,719,20.0,28.6,39.2,12.2,10.7,15.3,13.6,75,2.8,101.1,227.6,206.5,88.0,80.5,6.8,6.3,0,18.7,49.6,47.7,51.3,8.4,7.6,9.1,331,8.6,7.5,9.8,341,14.2,13.3,15.1,562,3.5,3.3,3.8,138,6
4320,3045,275,407,287,11,620,-25,1513,9.6,14.4,-4.9,0.2,4.2,4.4,3019,8.1,42.8,30.0,19.1,10.4,13.9,12.6,780,3.0,96.5,264.9,238.3,94.6,86.4,7.9,7.1,4,26.9,45.0,42.6,47.3,8.1,7.2,9.0,3282,7.4,6.3,8.7,3032,10.4,9.4,11.3,4237,3.2,3.0,3.5,1316,6
78627,43655,109696,11706,207246,6723,61503,5352,10611,10.5,7.4,3.1,3.3,-1.7,1.6,82574,10.6,17.6,30.1,41.7,7.8,9.2,8.0,17792,3.2,134.8,279.6,243.8,96.2,87.1,7.2,6.2,163,20.6,33.7,32.3,35.1,5.4,5.0,5.8,47805,5.2,4.5,6.0,46118,9.8,9.2,10.4,87571,2.8,2.6,2.9,24756,2
6744,3655,13355,2960,919,71,1908,-87,1626,12.3,9.1,3.2,0.7,-4.7,-4.0,15007,22.7,40.2,20.6,16.6,16.6,22.8,21.8,1981,4.7,109.6,260.3,231.8,84.1,75.8,9.1,7.8,21,20.0,51.2,49.2,53.1,8.6,7.8,9.4,6468,10.3,8.8,11.8,7727,13.2,12.2,14.1,9935,3.3,3.0,3.5,2450,4
1730,760,259,68,58,3,303,201,197,10.9,12.0,-1.1,0.3,10.3,10.7,2704,19.0,39.5,26.9,14.6,17.3,24.6,22.0,336,3.7,88.9,230.9,214.6,77.3,72.9,8.3,7.6,0,23.2,52.9,50.4,55.1,10.5,9.6,11.5,1707,13.2,11.4,15.1,2149,15.0,13.9,16.1,2441,3.6,3.3,3.8,581,4
1141,648,90,34,44,4,190,-97,163,10.7,13.5,-2.8,0.3,-5.6,-5.3,914,10.6,48.1,27.7,13.6,14.1,22.3,21.1,206,3.9,81.0,230.8,212.0,80.3,74.4,6.5,6.1,0,27.3,48.4,46.2,50.7,9.3,8.4,10.3,867,11.5,10.0,13.1,1073,14.1,13.0,15.1,1314,3.5,3.3,3.8,329,6
2681,1769,1394,139,205,24,472,32,2069,10.4,10.2,0.3,0.1,0.5,0.6,2693,10.1,32.2,35.2,22.5,8.2,10.2,10.1,728,3.6,102.4,284.4,240.5,99.6,87.2,7.0,5.8,4,22.7,43.5,41.0,46.0,7.0,6.3,7.8,2090,8.0,6.8,9.3,2380,9.9,9.1,10.8,2952,2.9,2.7,3.1,857,2
12196,6279,8708,3690,6355,6132,6783,4181,8268,13.9,6.6,7.2,2.4,8.1,10.5,20771,15.0,26.3,25.8,32.8,15.2,16.9,14.4,3191,2.6,108.1,207.6,188.2,79.9,75.0,7.0,6.5,61,15.5,42.9,40.9,44.7,6.9,6.2,7.5,12343,7.1,6.0,8.2,12667,10.1,9.3,10.8,18103,2.6,2.5,2.8,4704,3
1959,443,394,253,399,37,456,3,273,9.1,2.2,6.8,4.2,-11.0,-6.8,1539,6.7,19.0,23.3,51.0,6.7,7.1,6.3,496,2.2,111.3,285.7,262.5,95.4,88.9,7.8,7.1,8,19.1,27.2,24.9,29.3,4.8,4.3,5.4,1255,4.8,3.9,5.8,1249,6.8,6.1,7.5,1767,2.3,2.1,2.5,596,5
589,333,69,46,80,3,35,-39,52,14.7,10.5,4.2,6.4,-16.3,-9.8,1240,29.9,27.5,24.9,17.6,31.0,48.6,49.7,158,6.5,49.7,224.8,199.9,72.9,66.5,6.2,5.4,0,19.1,56.2,53.7,58.7,10.6,9.6,11.6,538,8.1,7.0,9.3,413,21.2,19.7,22.6,1080,5.0,4.6,5.4,254,6
5681,2826,822,135,294,25,533,-13,1785,9.5,12.2,-2.7,0.3,2.3,2.6,5994,15.0,33.1,29.4,22.5,15.2,20.5,17.2,898,3.4,62.7,263.2,231.8,90.3,81.7,7.3,6.3,14,28.2,49.4,47.0,51.9,9.3,8.3,10.5,4123,9.9,8.3,11.7,4403,12.4,11.2,13.7,5498,3.5,3.2,3.9,1551,3
944,433,56,46,38,8,143,-22,69,10.4,13.9,-3.6,0.0,1.3,1.3,1095,16.4,44.5,27.7,11.4,13.9,23.3,22.1,251,6.8,96.0,230.9,214.6,77.3,72.9,8.3,7.6,0,27.6,52.6,50.4,54.9,11.2,10.0,12.3,821,13.4,11.6,15.3,988,16.0,14.7,17.2,1176,3.7,3.4,4.1,275,5
2349,1348,176,416,227,49,662,103,174,9.6,11.0,-1.4,-1.2,7.2,6.0,1615,10.0,28.1,41.4,20.5,14.0,20.6,18.4,442,4.4,67.2,278.8,246.3,100.6,91.7,6.9,6.1,0,28.6,43.2,41.0,45.1,8.9,8.0,9.9,1605,8.4,7.1,9.8,1515,12.7,11.6,13.8,2291,3.7,3.4,4.0,666,4
2766,1348,640,44,89,1,325,-436,691,10.4,16.0,-5.6,0.1,-7.8,-7.7,4830,19.8,43.9,26.3,10.0,24.6,31.2,30.5,746,7.0,79.2,263.4,231.6,100.1,89.4,10.5,9.2,12,24.9,64.6,62.5,66.5,12.0,10.9,13.2,3119,15.8,13.8,17.9,4108,17.6,16.3,18.9,4569,3.9,3.6,4.3,1021,5
2041,1205,2713,236,155,15,294,-11,329,12.7,12.3,0.4,2.4,-3.3,-0.9,2651,18.5,36.4,26.5,18.6,13.7,21.9,21.1,322,3.3,79.6,224.8,199.9,72.9,66.5,6.2,5.4,4,29.7,48.6,46.6,50.5,9.5,8.7,10.4,1564,8.9,7.7,10.1,1450,15.1,14.1,16.0,2465,3.8,3.5,4.0,621,6
3129,1602,150,81,146,10,337,-120,464,10.0,14.0,-3.9,0.3,-0.2,0.1,2770,12.2,37.7,31.3,18.8,12.1,17.6,16.6,798,5.3,104.4,230.9,214.6,77.3,72.9,8.3,7.6,4,28.6,48.2,45.8,50.4,10.1,9.1,11.2,2507,11.8,10.1,13.6,2919,14.2,13.0,15.4,3520,3.5,3.2,3.7,856,6
3469,1562,406,294,475,22,437,-1655,453,9.3,14.7,-5.4,0.1,-62.3,-62.1,2742,15.1,29.7,33.4,21.7,19.9,34.7,33.5,589,5.7,77.4,224.8,199.9,72.9,66.5,6.2,5.4,0,33.5,51.5,49.2,53.6,12.0,10.8,13.2,2351,10.8,9.0,12.5,2113,17.2,15.9,18.5,3376,4.5,4.1,4.9,880,3
1436,788,417,739,161,11,518,-275,1232,13.0,12.9,0.0,1.3,-14.9,-13.6,1641,11.9,40.7,27.6,19.8,14.8,22.5,21.6,256,2.8,106.2,206.7,189.1,73.9,68.5,6.2,5.8,6,19.1,46.9,44.7,48.8,7.9,7.1,8.7,1202,8.1,7.0,9.3,1241,11.5,10.6,12.3,1749,2.9,2.7,3.2,450,5
2909,1412,135,425,150,14,490,25,279,8.6,11.1,-2.4,1.3,2.2,3.5,1236,6.4,29.5,33.0,31.0,10.6,16.0,14.0,622,4.7,96.2,287.0,249.7,97.8,87.6,7.9,6.7,0,31.1,47.0,44.1,49.5,9.1,8.1,10.1,1933,9.6,7.9,11.4,2036,12.0,10.7,13.2,2546,3.4,3.2,3.7,727,6
4847,2650,8875,363,323,41,1022,253,474,11.2,12.5,-1.4,0.1,5.9,6.0,6016,15.6,36.0,29.7,18.7,13.8,21.0,19.3,1074,4.6,98.3,217.1,196.7,77.2,71.2,7.6,6.9,22,25.8,54.4,52.4,56.4,9.4,8.6,10.3,4065,10.3,9.0,11.8,4484,14.8,13.8,15.8,6429,3.6,3.3,3.8,1542,4
1865,770,278,708,339,36,963,-111,422,13.3,6.8,6.5,0.9,-9.9,-9.0,2345,7.7,34.0,39.0,19.2,9.2,11.5,10.0,938,4.1,125.5,207.9,199.6,79.8,76.2,10.6,10.4,14,13.5,37.3,35.3,39.2,5.8,5.2,6.4,1934,6.8,5.9,7.9,2290,8.4,7.7,9.1,2818,2.5,2.3,2.7,834,5
6,20,0,0,7,43,14,0,3,0.0,0.0,0.0,0.0,0.0,0.0,9,13.0,27.5,34.8,24.6,0.0,0.0,0.0,0,0.0,0.0,314.1,273.7,118.5,104.7,9.4,8.4,0,31.4,46.1,43.4,48.4,11.5,10.2,13.1,10,8.3,6.9,9.9,7,15.3,13.8,16.8,13,5.3,4.7,6.0,5,4
1477,872,126,39,74,6,175,-22,185,9.6,11.5,-1.9,0.1,0.4,0.5,961,8.6,39.3,34.4,17.8,9.0,12.6,11.7,428,5.3,89.7,284.4,240.5,99.6,87.2,7.0,5.8,0,27.8,47.4,44.8,49.8,8.3,7.5,9.2,1018,9.1,7.8,10.4,1116,11.2,10.2,12.2,1379,3.2,3.0,3.5,398,3
3367,1636,243,92,66,14,372,-111,337,7.4,13.9,-6.5,1.2,1.6,2.9,4253,19.2,36.3,31.4,13.1,15.7,23.0,20.3,478,3.6,57.2,263.2,231.8,90.3,81.7,7.3,6.3,0,29.6,51.0,48.5,53.5,10.0,9.0,11.2,2435,10.9,9.2,12.7,2651,13.8,12.5,15.0,3339,3.7,3.4,4.1,905,6
1584,721,4297,206,409,30,945,273,301,11.3,6.1,5.2,0.3,4.8,5.1,1109,6.5,28.0,30.9,34.6,6.8,9.1,8.1,387,2.9,119.3,263.2,231.8,90.3,81.7,7.3,6.3,0,17.7,40.7,38.5,42.7,5.9,5.4,6.4,1182,6.3,5.4,7.2,1256,10.0,9.2,10.7,1986,2.6,2.5,2.8,521,6
15329,7847,17209,1594,6104,914,7010,3772,2653,12.2,7.4,4.8,0.7,9.8,10.6,11012,6.8,28.8,31.6,32.7,7.0,8.7,7.9,3904,2.9,126.7,273.1,236.3,86.6,79.0,7.0,6.3,172,18.8,43.0,40.9,45.0,6.0,5.4,6.6,11147,6.9,5.9,8.0,12829,9.5,8.8,10.2,17725,2.5,2.4,2.7,4704,2
505,351,23,32,48,0,77,-83,68,11.8,12.1,-0.4,0.2,-15.3,-15.1,278,7.4,36.2,34.2,22.3,12.4,18.5,17.3,71,2.5,81.5,227.6,206.5,88.0,80.5,6.8,6.3,0,29.9,47.7,45.1,50.2,9.0,8.1,10.0,371,8.9,7.5,10.4,366,13.3,12.1,14.5,547,3.5,3.2,3.8,144,6
10010,4354,41415,1161,3216,261,4529,1766,1799,11.1,7.3,3.8,0.3,6.9,7.3,10278,9.9,27.7,34.5,27.9,11.0,17.0,16.7,2269,3.0,124.8,229.5,205.0,80.1,72.3,7.0,6.2,0,18.5,44.0,42.2,45.7,6.2,5.6,6.7,7505,6.7,5.8,7.7,8153,12.1,11.4,12.9,14723,2.9,2.7,3.1,3515,3
1232,949,704,123,1924,363,280,-228,817,15.0,7.5,7.6,3.1,-22.2,-19.1,2840,22.2,29.5,28.7,19.6,10.2,13.6,12.8,241,2.1,87.7,218.2,193.1,84.8,77.9,6.9,6.5,5,21.0,44.8,42.8,46.6,7.5,6.7,8.4,1111,7.0,6.0,8.2,1038,11.5,10.6,12.4,1699,3.1,2.9,3.4,464,5
28363,19019,10857,9618,26926,1139,16598,921,19626,12.0,7.3,4.8,2.2,-4.8,-2.7,52042,19.0,17.9,29.2,33.8,12.6,14.7,14.7,8437,3.9,100.5,279.6,243.8,96.2,87.1,7.2,6.2,82,19.6,31.5,30.0,33.0,5.9,5.3,6.4,20408,5.7,4.9,6.7,19989,9.6,9.0,10.3,33512,2.9,2.7,3.1,10194,3
1389,768,327,33,32,2,239,-36,232,9.6,12.6,-3.0,0.1,0.7,0.8,1568,14.2,48.2,27.5,10.1,15.3,21.8,20.1,361,5.3,89.6,292.7,248.6,93.7,83.7,8.3,7.1,0,27.9,54.3,52.0,56.3,10.3,9.4,11.4,1235,12.0,10.4,13.7,1440,14.7,13.6,15.9,1767,3.6,3.4,4.0,437,6
211,130,11,35,5,0,72,-32,9,7.2,13.9,-6.7,0.0,-10.6,-10.6,182,13.7,39.7,36.8,9.8,20.4,36.3,33.4,35,4.6,74.0,244.8,213.8,91.1,82.1,7.7,7.3,0,23.8,49.5,47.6,51.4,10.8,10.0,11.7,149,9.9,8.7,11.2,136,16.5,15.5,17.5,228,4.7,4.4,5.0,65,6
6669,3076,11192,466,948,49,2096,2120,1008,13.0,10.2,2.9,0.7,19.0,19.7,6556,10.6,35.8,31.8,21.8,10.8,15.2,13.1,1536,3.2,109.5,253.1,225.8,85.1,77.8,8.1,7.4,65,21.4,46.3,44.2,48.4,7.7,7.0,8.5,5596,9.3,7.9,10.7,6690,12.8,11.9,13.7,9262,3.1,2.9,3.3,2208,2
1416,887,170,99,67,2,210,-32,175,10.0,11.0,-1.0,1.5,-2.7,-1.2,1367,13.3,41.0,29.9,15.8,14.3,23.4,21.2,279,4.0,79.7,264.9,238.3,94.6,86.4,7.9,7.1,4,31.1,46.9,44.4,49.4,9.7,8.7,10.8,1095,9.3,7.8,11.0,1049,12.7,11.6,13.9,1430,3.8,3.5,4.2,430,6
40812,27610,28159,2247,13433,565,11262,2503,12722,12.7,9.5,3.2,3.1,-1.7,1.5,54658,15.1,35.8,22.1,26.9,7.9,10.1,10.0,9542,3.4,108.8,320.5,273.3,100.8,88.2,8.7,7.2,64,22.9,41.8,39.6,44.0,7.3,6.5,8.2,30532,7.7,6.3,9.1,32022,11.1,10.1,12.1,46175,3.0,2.8,3.3,12530,3
13120,6358,7155,578,3262,92,3933,2099,3600,11.3,9.4,1.9,0.5,9.6,10.1,10209,8.8,34.8,30.3,26.2,9.1,12.5,11.0,3519,4.0,117.8,292.7,248.6,93.7,83.7,8.3,7.1,38,21.5,42.8,40.6,44.9,7.5,6.8,8.3,10162,8.7,7.5,10.1,11789,11.5,10.5,12.5,15579,2.9,2.7,3.1,3938,2
376,253,8,20,7,0,28,-27,40,11.1,9.4,1.8,0.3,-10.5,-10.3,243,9.9,29.1,39.6,21.4,11.1,15.7,14.2,41,2.3,82.6,239.2,214.5,88.2,80.3,6.8,6.2,0,33.1,47.1,44.4,49.7,9.3,8.2,10.3,248,8.4,6.9,10.0,226,12.5,11.2,13.7,334,3.6,3.3,3.9,97,6
2729,1296,618,896,540,446,1555,2489,319,14.9,5.0,9.9,0.6,25.7,26.3,3386,9.0,30.3,37.7,23.0,6.8,7.4,6.5,1126,3.5,103.1,216.2,199.9,65.3,62.2,5.8,5.4,4,13.1,44.4,42.3,46.2,4.6,4.2,5.0,2172,4.9,4.2,5.6,2309,9.3,8.6,9.9,4357,2.3,2.2,2.5,1090,2
1099,424,45,31,17,2,83,22,110,12.5,12.1,0.4,0.0,1.4,1.4,2390,25.7,42.6,19.6,12.2,26.5,36.5,33.9,288,7.0,70.4,230.9,214.6,77.3,72.9,8.3,7.6,0,22.6,57.4,55.0,59.7,11.7,10.6,12.9,1216,15.4,13.2,17.5,1602,17.0,15.7,18.3,1767,3.9,3.6,4.3,407,6
1432,706,5822,72,146,7,316,364,1251,10.7,11.2,-0.5,1.9,17.9,19.7,1577,13.3,40.1,29.5,17.1,17.3,24.3,23.7,370,4.6,82.4,228.7,202.9,79.1,71.9,7.0,6.1,0,21.6,45.3,43.5,47.1,7.8,7.2,8.5,1182,9.1,8.1,10.2,1372,13.6,12.8,14.5,2058,3.4,3.2,3.6,517,2
448,385,188,22,40,2,93,-6,820,11.4,12.5,-1.1,0.0,-0.2,-0.2,424,10.6,36.6,36.9,15.9,14.6,18.8,18.6,59,2.1,81.3,227.6,206.5,88.0,80.5,6.8,6.3,0,23.8,49.0,46.8,51.4,8.4,7.6,9.4,369,8.5,7.3,9.9,373,12.4,11.5,13.6,546,3.2,3.0,3.5,142,6
11491,7508,3959,1276,5209,91,3075,645,7617,10.8,8.5,2.3,0.9,0.6,1.5,8243,7.2,33.6,31.9,27.3,10.4,11.6,10.6,2524,2.7,95.1,264.9,238.3,94.6,86.4,7.9,7.1,26,21.0,42.7,40.4,44.7,6.4,5.8,7.1,8689,6.2,5.3,7.2,8397,8.9,8.1,9.6,12041,2.8,2.6,3.0,3741,4
817,471,265,126,88,4,120,126,688,9.5,10.4,-0.9,-0.2,14.7,14.5,1473,22.9,29.8,30.6,16.6,19.4,30.4,30.2,145,3.6,71.1,224.8,199.9,72.9,66.5,6.2,5.4,0,25.9,51.8,49.6,53.8,10.0,9.0,11.0,736,9.9,8.5,11.5,735,14.6,13.5,15.7,1080,3.8,3.5,4.1,279,6
5865,2569,9855,691,4140,86,2664,1643,208,12.2,4.4,7.8,1.2,4.0,5.2,6147,7.9,23.4,33.3,35.4,4.2,5.4,4.7,2380,3.5,143.5,284.4,240.5,99.6,87.2,7.0,5.8,0,13.3,42.5,40.6,44.5,4.8,4.4,5.2,4397,5.5,4.7,6.4,5047,8.4,7.8,9.0,7681,2.3,2.1,2.4,2066,2
2769,1460,837,72,179,8,442,-118,260,10.0,13.2,-3.2,0.0,-0.9,-0.8,2954,14.0,38.4,29.1,18.5,15.4,23.8,20.0,508,3.7,63.8,263.2,231.8,90.3,81.7,7.3,6.3,6,27.6,45.7,43.3,47.9,9.2,8.3,10.2,2125,10.0,8.6,11.7,2310,12.9,11.8,13.9,2970,3.5,3.3,3.8,813,6
1930,799,775,218,192,10,527,31,142,9.5,7.5,2.0,0.2,-0.2,-0.1,575,4.5,24.3,27.1,44.2,7.7,11.7,11.3,449,4.6,88.0,449.5,353.7,134.3,114.6,9.6,7.3,0,29.6,34.1,31.8,36.5,7.2,6.5,8.1,1032,6.6,5.5,7.9,946,10.1,9.1,11.0,1439,3.0,2.8,3.3,435,5
2726,1196,24963,208,495,74,590,-155,471,12.5,9.8,2.8,0.8,-7.1,-6.4,3969,13.8,38.0,31.9,16.3,18.2,28.9,24.8,1117,5.7,105.8,260.3,231.8,84.1,75.8,9.1,7.8,0,18.5,53.6,51.9,55.4,7.7,7.1,8.2,2496,8.6,7.6,9.5,2789,15.3,14.4,16.2,4990,3.5,3.3,3.7,1149,2
10792,4659,52730,549,2719,137,2675,3087,607,11.9,7.7,4.2,0.9,12.1,12.9,11828,10.3,29.7,35.9,24.1,9.0,12.6,11.7,3384,3.8,152.3,191.3,174.8,65.9,61.2,7.1,6.7,44,17.1,47.8,46.0,49.5,6.4,5.8,6.9,8615,7.0,6.1,7.9,9523,11.7,10.9,12.4,15826,2.7,2.5,2.9,3648,2
2256,1077,9255,129,256,12,477,70,862,7.1,9.7,-2.6,1.7,3.5,5.2,3301,16.4,37.4,29.0,17.2,12.5,17.8,16.4,473,3.5,78.9,263.2,231.8,90.3,81.7,7.3,6.3,0,22.7,51.0,49.2,52.7,8.0,7.4,8.6,1828,8.7,7.7,9.8,1981,14.1,13.3,14.9,3221,3.5,3.3,3.7,791,2
941,542,157,76,15,0,180,-28,276,9.8,16.5,-6.7,0.0,4.0,4.0,1411,19.2,42.2,27.6,10.9,19.9,29.8,27.0,191,5.4,69.4,273.1,236.3,86.6,79.0,7.0,6.3,0,28.0,54.1,51.6,56.4,10.4,9.4,11.4,840,12.4,10.7,14.1,996,14.5,13.3,15.5,1164,3.8,3.5,4.1,304,6
1663,862,371,57,113,7,191,68,762,9.8,11.0,-1.2,0.6,4.9,5.5,1053,9.0,40.2,33.0,17.8,12.9,19.2,18.3,291,3.7,80.9,264.9,238.3,94.6,86.4,7.9,7.1,0,28.3,42.4,40.0,44.8,8.7,7.8,9.6,1123,8.1,6.9,9.4,1048,11.4,10.4,12.4,1476,3.4,3.2,3.7,445,6
3626,1646,143,231,165,6,340,109,277,6.9,16.0,-9.1,0.0,13.6,13.7,1908,10.1,40.7,34.3,14.9,17.1,33.3,31.7,608,7.8,68.2,287.0,249.7,97.8,87.6,7.9,6.7,0,41.3,57.9,55.4,60.2,12.8,11.5,14.1,2598,13.2,11.2,15.2,2683,15.8,14.4,17.2,3216,4.4,4.1,4.8,901,6
562,414,884,80,67,9,133,-31,1863,7.2,9.6,-2.4,0.2,-1.7,-1.5,867,15.2,44.2,26.2,14.4,24.8,24.3,24.2,150,6.3,86.7,263.4,231.6,100.1,89.4,10.5,9.2,0,21.9,55.5,53.4,57.6,9.5,8.7,10.3,654,11.6,10.1,13.0,795,13.9,13.0,14.8,958,3.3,3.0,3.5,224,6
464,296,12,1096,26,6,95,-7,135,9.4,10.8,-1.4,0.5,-0.3,0.2,275,7.0,32.5,33.2,27.3,18.7,25.2,20.7,75,3.0,80.8,247.1,236.2,91.5,88.0,9.8,9.4,0,27.8,46.9,44.5,49.0,8.9,8.0,9.8,390,8.3,7.1,9.6,366,12.8,11.7,13.8,562,3.6,3.4,3.9,159,6
1973,1215,9487,110,110,10,509,-218,352,9.9,14.4,-4.5,0.2,-4.8,-4.6,2412,14.4,41.6,28.0,16.0,23.3,32.7,28.4,454,4.7,79.9,207.6,188.2,79.9,75.0,7.0,6.5,8,25.4,54.1,52.4,55.8,10.9,10.1,11.7,1999,11.1,9.9,12.3,2036,18.1,17.1,19.1,3310,4.3,4.1,4.6,796,5
397,261,10,82,38,4,105,17,45,10.3,12.7,-2.5,3.9,3.3,7.2,301,11.5,33.8,36.6,18.2,12.5,16.6,14.7,53,2.6,78.7,239.2,214.5,88.2,80.3,6.8,6.2,0,31.5,47.1,44.9,49.2,9.6,8.7,10.7,273,9.0,7.7,10.4,255,13.0,12.0,14.1,369,3.8,3.5,4.1,108,6
332,316,14,28,45,0,45,-81,100,9.7,11.7,-2.0,0.3,-21.0,-20.8,193,7.4,34.6,35.0,23.0,12.9,18.6,18.3,53,2.6,79.3,227.6,206.5,88.0,80.5,6.8,6.3,0,31.9,48.5,45.9,51.0,9.2,8.1,10.3,253,8.6,7.2,10.1,238,13.1,11.8,14.4,361,3.5,3.2,3.9,97,6
1213,723,70,55,64,1,150,18,80,10.1,10.1,0.1,0.3,1.1,1.4,795,8.3,41.5,32.2,17.9,8.8,12.5,11.5,229,3.4,97.2,264.9,238.3,94.6,86.4,7.9,7.1,0,28.7,45.4,43.0,47.8,8.2,7.4,9.2,857,7.6,6.5,8.9,795,11.0,10.0,12.0,1148,3.3,3.0,3.5,340,6
3451,1915,463,167,349,77,688,954,1532,11.5,8.6,2.9,0.1,16.0,16.1,1397,4.3,30.4,33.6,31.7,7.1,7.2,6.3,630,2.3,130.2,218.2,193.1,84.8,77.9,6.9,6.5,0,20.8,40.9,38.5,43.1,5.9,5.3,6.6,2285,5.7,4.7,6.7,2177,8.9,8.1,9.7,3408,2.5,2.3,2.7,971,3
17371,9123,117992,2902,17398,335,8054,4851,13909,13.4,7.0,6.4,5.8,3.2,9.0,24310,11.6,17.3,23.6,47.5,13.5,19.3,18.9,5835,3.5,110.0,255.0,223.5,86.2,78.1,7.1,6.2,148,17.2,36.9,35.2,38.5,5.8,5.3,6.3,14555,6.0,5.2,6.9,14975,10.7,10.0,11.4,26877,2.8,2.7,3.0,7123,3
7487,3913,2787,375,627,37,1996,-308,1083,10.0,9.6,0.4,0.3,-4.1,-3.8,6738,10.6,34.6,32.6,22.3,9.6,14.6,13.0,1823,4.2,90.3,375.1,304.1,112.9,94.8,10.2,7.4,8,24.3,47.0,44.9,49.0,8.2,7.4,9.0,5786,9.4,7.9,10.8,6626,12.3,11.3,13.3,8750,3.2,2.9,3.4,2233,2
39788,22610,70062,44357,22307,1067,39753,1633,9862,14.3,9.5,4.8,1.8,-4.1,-2.3,45463,10.8,25.5,32.5,31.2,14.1,19.6,17.9,10765,3.3,107.5,206.7,189.1,73.9,68.5,6.2,5.8,379,19.0,43.8,42.1,45.5,7.5,6.9,8.2,36429,7.4,6.4,8.5,35931,12.0,11.1,12.8,57985,3.0,2.8,3.2,14701,3
2336,1322,680,5191,263,81,742,571,2710,13.9,7.9,6.0,1.2,8.0,9.2,3379,14.4,29.9,40.5,15.3,20.2,24.4,23.2,764,5.1,84.9,242.0,224.0,78.1,73.2,6.9,6.1,0,18.4,46.5,45.0,48.0,7.3,6.8,7.8,2028,7.6,6.8,8.3,2101,11.5,10.9,12.1,3201,3.3,3.1,3.5,921,5
935,350,54,1311,75,25,393,59,252,9.8,10.9,-1.0,0.1,8.7,8.8,792,13.9,34.5,33.4,18.2,17.8,24.7,23.2,292,11.7,54.7,278.8,246.3,100.6,91.7,6.9,6.1,0,33.7,44.4,42.3,46.4,10.9,10.0,12.0,691,10.6,9.2,12.1,670,15.2,14.1,16.3,962,4.3,4.1,4.7,274,6
4158,2145,7666,869,290,32,1023,410,2851,14.0,10.8,3.2,0.6,4.0,4.6,6989,20.7,31.5,31.0,16.9,17.4,24.6,24.1,863,4.1,71.7,224.8,199.9,72.9,66.5,6.2,5.4,0,23.2,52.1,50.3,53.9,9.4,8.6,10.2,3699,9.5,8.2,10.9,3743,14.9,13.9,15.8,5847,3.8,3.5,4.0,1477,5
700,365,77,325,82,15,182,47,36,11.0,8.6,2.4,0.1,3.3,3.4,711,13.4,32.4,34.0,20.2,21.4,27.5,26.6,179,4.4,53.9,285.7,262.5,95.4,88.9,7.8,7.1,0,25.0,41.1,39.3,42.8,8.7,8.0,9.4,526,7.4,6.6,8.3,452,14.3,13.4,15.2,867,4.2,3.9,4.4,253,6
9185,4116,1114,50383,757,127,2376,1301,2010,13.5,9.7,3.8,0.6,7.5,8.1,11963,17.2,30.1,36.9,15.8,28.5,40.2,40.7,3151,7.8,68.8,242.0,224.0,78.1,73.2,6.9,6.1,12,22.5,47.8,46.3,49.1,10.6,9.8,11.3,8569,11.4,10.2,12.6,9193,15.2,14.4,16.1,12334,4.5,4.3,4.8,3679,5
2732,1286,16841,153,95,16,380,-184,1843,10.8,12.4,-1.6,0.3,-3.8,-3.5,4592,18.7,40.1,27.5,13.7,20.9,33.3,32.9,730,5.0,90.0,191.3,174.8,65.9,61.2,7.1,6.7,0,21.8,53.2,51.4,54.8,8.8,8.1,9.5,2476,9.8,8.6,11.0,2747,16.6,15.6,17.6,4659,3.8,3.6,4.0,1067,2
5736,2902,40475,382,2848,80,1016,998,1754,12.0,10.3,1.7,1.3,6.5,7.9,5563,8.2,16.6,27.6,47.7,9.4,13.6,13.0,1950,3.7,169.3,191.3,174.8,65.9,61.2,7.1,6.7,7,18.4,41.3,39.6,43.3,5.8,5.3,6.4,4587,6.0,5.1,7.0,4744,10.8,10.0,11.6,8537,2.7,2.5,2.9,2131,3
641,535,37,692,76,4,190,4,126,11.4,8.3,3.1,0.9,-3.6,-2.7,327,6.2,37.4,35.6,20.9,13.7,16.8,15.7,126,3.1,87.6,247.1,236.2,91.5,88.0,9.8,9.4,0,28.6,42.2,40.0,44.3,8.6,7.7,9.5,493,7.8,6.6,8.9,445,12.3,11.2,13.2,703,3.5,3.2,3.8,200,6
2060,980,107,416,240,24,597,343,94,13.0,9.0,4.0,-1.0,11.7,10.7,2252,15.0,33.7,37.1,14.2,12.8,16.1,15.3,413,3.6,93.4,192.6,181.6,73.9,68.9,5.8,5.5,0,23.2,47.5,45.7,49.2,8.2,7.5,8.9,1421,8.1,7.0,9.3,1411,12.6,11.7,13.4,2181,3.4,3.2,3.7,598,5
463,217,21,29,18,5,52,-25,17,9.4,17.6,-8.2,-0.3,1.8,1.5,565,18.9,32.9,37.0,11.2,20.0,32.0,28.5,105,7.8,64.1,284.4,240.5,99.6,87.2,7.0,5.8,0,28.8,51.3,48.7,53.8,10.6,9.5,11.6,339,11.9,10.3,13.8,382,14.1,12.9,15.2,451,4.0,3.7,4.3,127,6
895,636,39,75,56,12,91,-8,112,13.7,11.7,2.0,1.1,-3.7,-2.7,518,7.3,33.0,38.5,21.2,12.1,16.4,15.9,146,2.6,93.7,239.2,214.5,88.2,80.3,6.8,6.2,0,29.0,47.1,44.8,49.5,8.2,7.3,9.1,622,7.3,6.2,8.6,559,11.1,10.0,12.2,846,3.2,3.0,3.5,246,6
1881,903,394,56,42,3,144,-57,2673,9.1,9.7,-0.6,0.1,-3.4,-3.3,1644,14.9,49.1,25.8,10.3,18.1,19.0,18.2,318,6.7,86.9,292.7,248.6,93.7,83.7,8.3,7.1,0,33.7,54.3,51.9,56.5,12.4,11.1,13.9,1453,12.5,10.8,14.6,1463,16.7,15.3,18.1,1956,4.0,3.7,4.4,473,6
673,365,621,350,32,11,330,-77,267,10.4,10.2,0.3,2.3,-12.9,-10.6,1151,22.5,33.6,26.2,17.7,21.1,31.3,29.9,116,3.7,79.3,206.7,189.1,73.9,68.5,6.2,5.8,0,26.1,51.8,50.0,53.7,10.7,9.8,11.6,603,10.7,9.4,12.1,604,16.1,15.1,17.1,909,4.1,3.8,4.3,229,6
422,278,3872,30,46,21,77,-47,1712,8.3,8.5,-0.2,-0.2,-7.1,-7.2,1217,25.7,39.3,25.7,9.4,37.2,43.2,35.8,96,4.3,57.0,228.7,202.9,79.1,71.9,7.0,6.1,0,20.9,54.9,52.9,56.8,10.0,9.2,10.7,522,11.4,10.2,12.5,595,19.3,18.2,20.3,1010,4.6,4.3,4.9,240,6
2224,1110,11057,393,1092,30,1204,613,293,13.0,8.6,4.4,1.0,7.7,8.7,5223,17.6,37.3,32.8,12.3,20.1,29.8,28.6,978,5.0,91.6,260.3,231.8,84.1,75.8,9.1,7.8,8,15.0,48.2,46.3,49.8,7.7,7.1,8.3,2637,9.5,8.4,10.6,3242,12.9,12.2,13.7,4427,3.2,3.0,3.4,1098,2
9697,5976,6199,260,10743,113,2731,555,19621,7.1,6.7,0.4,6.6,-3.6,3.0,5538,5.7,30.0,19.6,44.7,18.1,10.6,9.3,2585,3.2,95.7,320.5,273.3,100.8,88.2,8.7,7.2,0,18.3,33.5,31.5,35.6,5.6,5.1,6.3,7784,5.9,5.0,6.8,8124,8.5,7.8,9.3,11793,2.4,2.2,2.6,3326,4
354,245,7,17,6,0,45,35,46,11.0,10.3,0.7,0.0,11.6,11.6,164,7.3,35.5,40.6,16.6,13.4,18.4,17.3,44,3.0,81.7,239.2,214.5,88.2,80.3,6.8,6.2,0,35.3,44.2,41.7,46.7,9.6,8.7,10.6,234,8.6,7.3,9.9,209,12.8,11.7,14.0,313,3.7,3.4,4.0,90,6
3065,1819,451,108,131,14,515,113,428,12.4,10.4,2.0,0.1,1.0,1.1,3979,15.8,48.4,23.4,12.5,15.4,24.2,22.8,886,6.2,82.7,292.7,248.6,93.7,83.7,8.3,7.1,7,25.2,47.9,45.4,50.0,10.0,9.0,11.0,2789,12.0,10.4,13.7,3367,13.8,12.7,15.0,3870,3.6,3.3,3.9,1004,5
5681,3047,3586,144,357,5,1074,-670,1113,10.9,15.4,-4.5,-0.1,-6.6,-6.7,6669,15.5,39.7,24.8,20.0,22.7,34.9,36.6,1320,6.3,86.0,263.4,231.6,100.1,89.4,10.5,9.2,29,27.9,57.4,55.1,59.4,11.1,10.0,12.1,5202,14.3,12.1,16.3,6707,16.9,15.6,18.2,7954,3.8,3.5,4.1,1790,5
3827,1854,1858,469,1072,132,776,841,2771,11.9,10.4,1.5,0.2,16.9,17.1,6464,21.8,33.7,25.8,18.7,14.9,20.7,18.8,715,3.7,88.4,228.7,202.9,79.1,71.9,7.0,6.1,4,24.3,45.0,43.0,47.0,8.2,7.4,9.1,2898,9.5,8.1,10.9,3329,12.4,11.5,13.4,4379,3.3,3.1,3.6,1164,5
3431,2389,3169,243,814,31,633,29,8468,9.1,9.5,-0.4,2.4,-1.3,1.0,4159,13.6,38.8,22.0,25.5,12.6,13.1,12.2,730,3.7,91.4,320.5,273.3,100.8,88.2,8.7,7.2,12,22.3,40.4,38.2,42.5,7.0,6.3,7.8,2568,7.4,6.3,8.7,2729,10.2,9.4,11.0,3734,2.9,2.7,3.1,1049,5
678,297,55,460,46,2,159,9,51,8.7,8.7,0.0,2.6,-1.1,1.5,142,3.4,22.9,31.3,42.4,9.6,13.6,12.6,105,3.5,77.5,302.7,265.0,104.9,96.0,7.4,6.6,0,36.8,43.1,40.5,45.7,8.3,7.4,9.2,375,6.2,5.2,7.4,282,11.8,10.7,13.0,534,3.4,3.2,3.7,157,6
23768,13324,34197,1058,14093,447,9272,1535,11767,11.5,9.1,2.5,1.9,-0.3,1.6,23331,9.7,32.8,27.8,29.8,12.4,15.4,14.1,7977,4.1,108.7,292.7,248.6,93.7,83.7,8.3,7.1,74,19.5,41.7,39.7,43.7,6.9,6.3,7.7,20228,8.1,6.9,9.4,23704,11.0,10.1,11.9,32229,2.8,2.6,3.0,8088,2
2692,1865,1688,186,451,20,772,-366,2720,11.7,11.5,0.2,1.0,-11.3,-10.3,2274,9.2,34.1,37.1,19.6,13.7,18.5,17.4,622,3.3,86.7,218.2,193.1,84.8,77.9,6.9,6.5,8,24.3,43.2,40.9,45.1,7.9,7.1,8.8,2254,7.7,6.6,9.0,2191,10.9,9.9,11.7,3086,3.2,3.0,3.5,914,5
4843,2773,1137,405,912,39,775,373,2694,10.4,8.8,1.6,0.1,4.2,4.3,3322,7.5,36.3,36.1,20.1,11.3,14.9,13.1,1103,3.3,97.9,264.9,238.3,94.6,86.4,7.9,7.1,6,23.5,45.8,43.4,48.1,7.3,6.6,8.1,3665,7.0,6.0,8.1,3515,9.8,8.9,10.6,4896,3.0,2.8,3.2,1501,4
1104,669,176,37,35,2,113,-124,284,9.9,12.7,-2.7,0.1,-6.7,-6.6,1139,12.1,44.4,31.1,12.4,13.9,19.9,18.8,295,4.9,72.7,284.4,240.5,99.6,87.2,7.0,5.8,0,24.9,48.3,45.8,50.6,8.6,7.7,9.4,879,10.0,8.7,11.4,1026,11.9,10.9,12.8,1220,3.3,3.1,3.6,342,6
117,126,7,110,3,1,31,-21,38,12.4,10.1,2.3,0.0,-19.3,-19.3,77,7.8,42.8,26.9,22.5,10.3,12.9,13.0,21,3.1,92.0,240.4,219.1,92.8,84.8,9.2,8.6,0,30.9,44.1,41.5,46.6,9.5,8.5,10.6,97,6.9,5.9,8.1,70,11.8,10.7,12.8,120,3.6,3.3,3.9,36,6
10291,6029,1812,533,1980,58,1686,630,1027,9.5,8.6,0.9,0.7,3.1,3.8,4939,5.2,30.3,33.8,30.7,4.5,4.9,4.3,1976,2.5,124.7,264.9,238.3,94.6,86.4,7.9,7.1,12,22.7,37.7,35.4,40.1,6.3,5.6,7.0,6639,5.8,4.8,6.9,6143,8.8,8.0,9.7,9375,2.7,2.5,2.9,2854,2
31300,18474,75723,7479,28961,1091,14030,-384,10232,13.2,7.7,5.5,6.9,-13.2,-6.3,55296,16.6,34.1,21.2,28.1,13.6,21.9,20.8,12205,5.1,88.0,306.5,271.0,97.7,87.5,7.6,6.7,97,19.2,39.5,37.9,41.1,6.8,6.3,7.4,26093,6.7,5.8,7.6,25533,12.3,11.6,13.0,47189,3.2,3.0,3.4,12135,2
1906,621,355,222,296,52,534,547,73,8.5,5.5,3.0,0.6,17.5,18.1,595,3.3,24.6,36.2,35.9,5.0,7.2,6.4,425,2.8,136.6,285.7,262.5,95.4,88.9,7.8,7.1,0,22.8,31.2,28.8,33.4,5.8,5.1,6.5,1191,5.9,4.8,7.1,1212,8.1,7.2,8.9,1666,2.7,2.5,2.9,552,2
616,322,81,376,31,4,128,160,1708,7.7,10.5,-2.8,0.1,25.4,25.6,594,11.3,37.1,30.7,21.0,18.1,20.8,20.1,119,4.1,88.6,247.1,236.2,91.5,88.0,9.8,9.4,0,26.9,40.5,38.1,42.9,8.1,7.2,9.0,481,7.6,6.4,9.0,453,11.3,10.3,12.4,674,3.2,2.9,3.4,189,6
1538,925,9614,1503,109,2,257,-69,1680,12.4,11.8,0.6,0.0,-3.5,-3.5,3336,22.7,36.6,27.9,12.8,25.4,39.7,39.5,389,4.9,83.2,191.3,174.8,65.9,61.2,7.1,6.7,0,19.7,57.7,56.1,59.3,10.0,9.3,10.6,1686,11.3,10.3,12.5,1921,17.4,16.5,18.3,2946,4.1,3.9,4.4,702,6
1014,590,1051,402,646,92,410,-401,574,17.8,6.3,11.5,2.1,-33.3,-31.1,3428,26.8,26.1,24.9,22.3,12.7,16.9,17.2,252,2.8,99.8,206.7,189.1,73.9,68.5,6.2,5.8,0,15.9,46.1,44.2,47.9,7.4,6.8,8.1,1099,7.5,6.5,8.6,1109,12.4,11.5,13.2,1827,3.0,2.8,3.3,449,5
4943,2718,16894,2287,449,187,1511,193,987,12.8,10.9,1.9,4.1,-2.9,1.2,9492,22.3,33.3,31.6,12.8,22.8,33.0,33.1,1168,4.0,79.4,255.0,223.5,86.2,78.1,7.1,6.2,8,22.4,55.6,54.0,57.1,9.9,9.1,10.6,4755,10.8,9.5,12.0,5188,17.1,16.2,17.9,8231,4.1,3.9,4.4,1993,6
10149,4282,10215,698,2354,129,2685,4085,1389,11.2,8.0,3.2,0.9,25.3,26.2,8013,8.8,29.9,30.6,30.6,7.8,9.9,9.0,2031,2.8,146.1,253.1,225.8,85.1,77.8,8.1,7.4,12,21.0,40.8,38.5,43.1,6.9,6.2,7.7,7415,8.1,6.8,9.5,8715,11.0,10.1,12.0,11832,2.8,2.6,3.0,2969,2
3382,1773,342,673,256,45,629,-346,588,9.8,11.6,-1.8,-0.1,-10.6,-10.8,2578,12.9,25.5,34.3,27.3,20.7,30.3,29.2,601,4.9,80.9,244.8,213.8,91.1,82.1,7.7,7.3,6,31.8,42.6,40.8,44.3,9.2,8.4,10.1,2014,7.8,6.8,9.0,1715,14.5,13.5,15.5,3173,4.2,3.9,4.5,913,5
4579,2914,4116,211,530,18,1352,-516,3932,11.0,11.6,-0.7,2.1,-11.7,-9.5,3988,11.2,36.2,34.1,18.5,16.4,22.7,20.6,1183,5.3,68.5,284.4,240.5,99.6,87.2,7.0,5.8,18,26.9,49.9,47.9,52.0,8.9,8.1,9.9,3604,9.9,8.6,11.3,3980,12.4,11.5,13.4,5007,3.6,3.3,3.9,1435,5
431,337,17,328,19,4,127,-6,44,13.0,11.2,1.9,0.0,-3.1,-3.1,315,10.7,34.4,34.4,20.5,16.5,21.1,19.5,67,3.3,71.1,240.4,219.1,92.8,84.8,9.2,8.6,0,32.1,46.2,43.6,48.5,10.2,9.1,11.3,328,7.9,6.7,9.2,253,12.8,11.7,14.0,414,3.9,3.6,4.2,125,6
141,96,58,8,10,0,17,-6,31,9.1,10.8,-1.7,0.0,-4.2,-4.2,236,22.5,28.7,32.6,16.2,18.0,31.0,26.9,17,2.9,62.1,224.8,199.9,72.9,66.5,6.2,5.4,0,32.1,51.3,49.0,53.6,10.9,9.8,12.1,104,10.1,8.5,11.8,97,15.8,14.6,17.0,151,4.1,3.8,4.5,39,6
5976,2933,1767,2209,1117,174,2309,1510,1225,15.2,7.2,8.0,3.0,4.6,7.7,13685,23.9,26.6,31.9,17.6,12.7,16.5,16.1,2894,6.2,72.5,278.8,246.3,100.6,91.7,6.9,6.1,0,18.4,43.6,41.9,45.3,7.2,6.6,7.9,4943,7.5,6.5,8.6,5179,11.2,10.5,12.0,7731,3.2,3.0,3.4,2212,5
1733,841,3093,75,72,2,231,-38,81,8.9,10.8,-1.9,-0.3,-0.6,-0.9,1361,13.5,30.8,35.4,20.4,15.8,27.6,26.5,242,4.8,89.6,255.0,223.5,86.2,78.1,7.1,6.2,0,34.4,49.2,47.1,51.2,10.8,9.8,11.8,1185,10.8,9.3,12.3,1185,16.1,14.9,17.2,1764,4.3,4.0,4.6,467,5
1743,851,4196,124,129,8,306,472,163,11.1,8.6,2.5,-0.1,22.9,22.8,1691,13.5,34.8,30.9,20.8,12.7,20.4,19.4,323,3.6,98.9,228.7,202.9,79.1,71.9,7.0,6.1,0,26.0,43.5,41.4,45.5,7.9,7.2,8.6,1154,8.6,7.4,9.7,1253,13.5,12.5,14.4,1967,3.4,3.2,3.6,492,2
4473,2645,1225,161,373,21,796,-186,1433,9.1,10.7,-1.6,0.1,-2.0,-1.9,4872,12.6,35.7,33.9,17.8,13.0,19.8,18.7,1166,5.1,76.0,375.1,304.1,112.9,94.8,10.2,7.4,8,25.5,48.8,46.7,50.7,8.9,8.0,9.9,3818,10.7,9.1,12.3,4561,13.1,12.0,14.2,5593,3.4,3.1,3.7,1441,5
120,110,2,18,3,0,16,-14,0,8.4,2.5,5.9,0.0,-19.3,-19.3,60,6.7,31.0,35.7,26.6,16.7,26.8,23.4,19,2.6,85.2,239.2,214.5,88.2,80.3,6.8,6.2,0,33.0,44.2,41.3,46.9,9.6,8.5,10.7,92,8.0,6.6,9.5,78,12.2,10.9,13.5,118,3.7,3.4,4.0,35,5
1486,877,198,97,53,6,235,-156,652,11.5,15.3,-3.8,0.0,-5.7,-5.7,1636,14.5,40.4,30.1,15.0,17.7,26.8,24.5,269,3.9,85.6,207.6,188.2,79.9,75.0,7.0,6.5,0,26.5,49.2,46.9,51.5,10.3,9.4,11.4,1321,10.8,9.3,12.4,1388,13.7,12.7,14.8,1759,3.6,3.3,3.9,461,6
2661,1701,722,214,165,61,710,-7,724,10.9,10.8,0.1,-0.1,-0.2,-0.2,2125,9.4,43.2,27.4,20.1,11.0,14.6,13.5,545,3.2,98.1,273.1,236.3,86.6,79.0,7.0,6.3,2,25.0,49.0,46.5,51.2,8.3,7.5,9.2,2098,9.5,8.2,10.9,2398,12.2,11.1,13.2,3060,3.2,2.9,3.4,799,2
3450,1814,1298,257,180,47,493,-100,297,10.4,11.2,-0.8,0.0,-1.8,-1.8,5052,19.0,34.7,35.1,11.3,13.0,20.5,20.2,600,3.4,91.0,255.0,223.5,86.2,78.1,7.1,6.2,0,25.7,49.7,47.6,51.7,9.8,8.9,10.8,2907,10.8,9.4,12.3,3211,13.9,12.8,14.9,4127,3.7,3.4,4.0,1096,3
2590,1483,665,1018,218,8,614,299,1654,9.0,9.3,-0.3,0.0,10.5,10.5,2196,10.4,39.8,35.2,14.5,12.0,15.7,13.8,720,4.8,71.7,302.7,265.0,104.9,96.0,7.4,6.6,0,26.0,47.8,45.6,49.7,8.2,7.4,9.1,1947,7.4,6.3,8.6,1744,11.7,10.7,12.6,2773,3.4,3.1,3.7,800,6
1970,720,88,70,58,4,196,97,132,10.0,13.9,-4.0,-0.1,9.4,9.4,2570,20.2,44.3,21.9,13.6,20.6,30.0,27.9,299,4.2,70.1,253.1,225.8,85.1,77.8,8.1,7.4,0,28.0,54.1,51.5,56.3,11.9,10.7,13.0,1709,14.6,12.7,16.8,2103,16.5,15.2,17.9,2380,4.2,3.8,4.6,601,6
1684,922,459,1396,98,21,363,4,1316,10.8,9.3,1.5,0.1,-1.4,-1.2,1676,11.6,40.0,34.0,14.4,12.0,16.9,16.3,332,3.1,87.1,264.9,238.3,94.6,86.4,7.9,7.1,0,25.0,47.7,45.4,49.9,8.2,7.4,9.1,1317,8.0,6.8,9.2,1284,11.4,10.5,12.3,1829,3.3,3.0,3.5,528,6
1928,938,270,101,172,12,456,-45,775,9.8,7.8,2.1,0.4,-4.2,-3.8,1301,7.4,25.1,30.2,37.3,11.0,13.0,12.5,495,3.5,98.9,367.1,322.7,130.3,121.5,11.7,9.9,0,22.4,35.4,33.3,37.7,6.6,5.9,7.3,1327,7.2,5.9,8.5,1449,9.4,8.4,10.3,1890,2.8,2.6,3.1,573,6
2394,1726,141,81,227,9,334,176,343,9.8,9.3,0.6,0.0,4.6,4.7,953,4.0,29.2,34.3,32.5,4.3,4.3,3.5,644,3.5,136.0,284.4,240.5,99.6,87.2,7.0,5.8,0,22.7,42.9,40.2,45.5,6.5,5.8,7.2,1734,7.0,5.9,8.2,1881,9.1,8.2,10.0,2436,2.7,2.5,2.9,721,2
716,296,28,136,10,1,102,11,106,3.9,7.3,-3.4,-0.3,6.7,6.4,180,6.1,42.9,28.8,22.2,23.3,40.2,39.9,72,6.4,73.4,244.8,213.8,91.1,82.1,7.7,7.3,0,50.5,46.2,43.7,48.5,12.8,11.6,14.1,403,10.8,9.2,12.5,341,17.3,15.9,18.6,544,5.1,4.7,5.5,159,6
1820,1020,99,92,45,10,212,6,405,8.8,15.3,-6.5,0.0,6.9,6.9,2031,15.4,40.5,29.3,14.8,16.1,24.1,21.3,346,4.9,83.4,253.1,225.8,85.1,77.8,8.1,7.4,0,29.0,52.7,50.4,55.0,11.2,10.3,12.4,1625,13.0,11.3,14.9,1879,15.6,14.5,16.9,2260,3.9,3.7,4.3,569,4
4868,2273,1061,913,685,104,1308,832,4398,7.6,11.0,-3.4,0.4,24.2,24.6,2864,9.7,28.7,41.3,20.3,11.8,13.8,13.7,589,4.0,77.8,279.6,243.8,96.2,87.1,7.2,6.2,6,34.8,44.1,41.9,46.1,8.4,7.6,9.2,2816,8.2,7.0,9.4,2736,12.1,11.2,13.0,4054,3.6,3.3,3.8,1197,6
9804,5485,58079,475,1618,72,1915,-1282,5538,13.4,10.7,2.7,0.3,-11.4,-11.0,13796,13.7,33.9,28.2,24.3,21.3,30.3,28.8,3661,5.2,92.4,260.3,231.8,84.1,75.8,9.1,7.8,88,19.5,52.3,50.5,54.1,8.2,7.6,8.9,9514,9.6,8.5,10.9,11197,14.1,13.3,15.0,16391,3.5,3.3,3.7,4093,4
316057,194900,1236170,38253,408151,3873,103003,-24009,90985,12.3,8.4,3.9,3.6,-12.2,-8.6,477426,13.3,23.3,25.4,38.0,13.8,18.8,18.5,105409,4.0,97.4,284.4,240.5,99.6,87.2,7.0,5.8,1606,19.2,39.2,37.9,40.6,6.0,5.5,6.4,242072,6.3,5.6,7.2,256526,10.8,10.2,11.4,436733,3.0,2.9,3.2,123364,1
5342,2756,2226,9887,496,60,5069,431,3049,12.0,11.2,0.8,0.4,4.8,5.2,5903,12.4,35.9,33.3,18.3,17.6,25.1,21.9,1203,3.7,93.4,206.7,189.1,73.9,68.5,6.2,5.8,14,21.4,48.7,46.9,50.5,8.6,7.9,9.3,4771,9.5,8.4,10.8,5300,13.0,12.1,13.8,7240,3.3,3.1,3.5,1831,5
21191,11030,4984,5103,11278,5810,17232,15710,13972,19.7,3.8,15.9,2.1,7.5,9.6,16874,5.8,16.3,37.8,40.1,9.4,7.5,7.2,8477,2.8,105.5,216.2,199.9,65.3,62.2,5.8,5.4,122,10.3,33.0,31.1,34.7,4.0,3.6,4.3,16376,3.7,3.2,4.2,15286,6.6,6.2,7.1,27505,2.0,1.9,2.2,8431,3
7508,3461,29531,2290,1788,283,4546,1985,3388,13.9,8.1,5.7,0.3,8.8,9.1,11435,13.7,29.9,35.7,20.7,14.4,19.7,20.5,2450,4.6,95.0,255.0,223.5,86.2,78.1,7.1,6.2,14,16.3,45.6,43.7,47.3,7.0,6.5,7.6,6961,7.9,7.0,9.0,7862,12.2,11.5,12.9,12096,3.0,2.9,3.2,3008,5
1733,1161,210,2426,296,30,629,39,432,9.7,10.7,-1.0,0.6,2.7,3.2,1478,11.2,29.3,33.5,26.1,12.3,15.1,14.7,337,3.9,71.5,279.6,243.8,96.2,87.1,7.2,6.2,4,30.7,40.8,38.7,42.8,8.0,7.2,8.8,1139,7.7,6.6,8.9,1102,11.7,10.8,12.6,1676,3.5,3.3,3.8,502,6
3660,1686,16022,135,265,15,332,-300,1472,8.7,12.1,-3.4,0.1,-5.7,-5.5,4868,20.2,37.3,27.0,15.5,26.4,36.3,35.7,589,4.7,70.0,229.5,205.0,80.1,72.3,7.0,6.2,6,29.9,52.0,50.4,53.5,10.0,9.3,10.8,2734,10.6,9.3,11.8,2880,17.7,16.6,18.6,4805,4.5,4.2,4.8,1220,6
13144,7689,4324,5226,1815,299,4823,1103,4514,11.0,10.9,0.0,0.3,6.3,6.6,11814,10.6,28.7,38.8,22.0,17.2,22.9,20.2,3726,4.9,67.1,285.7,262.5,95.4,88.9,7.8,7.1,32,24.1,44.7,43.1,46.3,7.2,6.6,7.8,9333,7.0,6.1,7.9,9073,11.5,10.8,12.2,14975,3.4,3.2,3.7,4477,4
1855,820,130,78,232,20,223,25,312,11.9,12.9,-1.0,1.0,1.1,2.1,2627,16.1,44.2,27.8,11.9,15.5,20.5,19.7,415,3.9,80.6,230.8,212.0,80.3,74.4,6.5,6.1,4,22.1,52.7,50.3,55.0,8.6,7.8,9.5,1596,11.7,10.1,13.4,2153,13.5,12.4,14.6,2496,3.3,3.0,3.6,609,2
3957,1828,22884,309,1047,82,1498,1212,5501,11.5,7.4,4.1,1.8,9.8,11.6,5445,13.1,27.3,32.2,27.4,22.9,24.4,24.2,1568,4.2,74.6,228.7,202.9,79.1,71.9,7.0,6.1,24,15.5,45.9,43.9,47.8,6.2,5.7,6.7,3829,7.6,6.6,8.5,4672,11.1,10.4,11.8,6872,2.9,2.7,3.1,1800,5
1740,1142,8453,140,251,10,296,-163,2064,10.8,12.0,-1.2,1.2,-6.9,-5.8,2210,15.0,39.9,24.5,20.6,22.4,27.6,27.2,429,4.8,86.9,207.6,188.2,79.9,75.0,7.0,6.5,6,22.8,51.2,49.3,53.0,9.1,8.3,9.7,1689,9.4,8.2,10.4,1746,14.5,13.6,15.3,2713,3.6,3.4,3.8,675,5
572530,356275,906467,145254,1551894,37200,313259,-13241,178334,11.8,6.8,5.0,3.5,-9.8,-6.3,1460718,21.3,20.7,26.2,31.8,14.2,19.9,19.5,239829,4.7,90.3,279.6,243.8,96.2,87.1,7.2,6.2,2126,17.8,36.3,35.0,37.7,5.5,5.1,5.9,434790,5.5,4.8,6.1,434075,12.0,11.4,12.7,952335,3.0,2.9,3.2,237766,1
1707,1134,135,64,72,119,250,64,201,11.3,11.5,-0.2,0.1,3.4,3.5,1046,7.7,41.9,31.6,18.8,11.1,15.1,13.5,301,2.8,91.0,218.2,193.1,84.8,77.9,6.9,6.5,0,27.4,44.3,41.9,46.7,8.2,7.4,9.1,1231,7.8,6.6,9.1,1175,11.4,10.4,12.5,1727,3.2,3.0,3.5,487,6
1715,1019,121,68,64,1,154,-213,217,9.7,12.9,-3.2,0.1,-9.6,-9.5,1444,11.9,47.5,25.2,15.5,14.8,24.3,22.4,383,5.3,73.7,320.5,273.3,100.8,88.2,8.7,7.2,4,29.9,49.2,46.6,51.6,9.8,8.8,10.9,1301,10.4,8.9,12.0,1378,13.7,12.5,14.9,1816,3.7,3.4,4.1,493,6
5593,2956,25842,237,776,26,1102,168,1063,13.5,11.6,2.0,0.3,-0.2,0.1,9093,16.2,25.0,34.9,23.9,13.1,19.9,18.3,1566,3.9,114.2,191.3,174.8,65.9,61.2,7.1,6.7,42,19.1,49.6,47.7,51.4,7.6,6.9,8.3,4811,8.5,7.4,9.8,5415,12.7,11.9,13.6,8115,3.2,3.0,3.4,2029,5
331,262,8,12,15,0,18,-52,53,11.4,12.7,-1.3,0.0,-16.0,-16.0,157,7.0,38.8,36.0,18.2,14.0,21.2,19.1,45,2.6,79.5,239.2,214.5,88.2,80.3,6.8,6.2,0,32.9,46.9,44.4,49.3,9.0,8.0,10.0,217,8.1,6.8,9.4,195,12.0,10.8,13.1,289,3.6,3.3,3.9,85,6
277,206,7,15,5,0,29,-9,26,8.9,13.5,-4.6,0.4,1.1,1.4,148,7.3,37.5,36.6,18.6,15.3,21.1,19.2,42,3.4,73.5,239.2,214.5,88.2,80.3,6.8,6.2,0,30.3,49.6,47.1,51.7,9.3,8.5,10.3,202,8.7,7.5,10.0,188,13.1,12.1,14.2,285,3.7,3.4,4.0,80,6
498,250,18,42,18,1,71,-35,48,7.8,13.1,-5.3,0.0,-2.8,-2.8,234,6.9,39.0,35.8,18.3,11.9,18.4,17.5,88,3.9,87.5,264.9,238.3,94.6,86.4,7.9,7.1,0,33.2,46.1,43.5,48.7,9.4,8.5,10.5,346,8.7,7.3,10.2,320,12.3,11.2,13.4,453,3.7,3.4,4.0,136,5
2750,1866,461,383,345,30,528,-129,606,12.1,9.9,2.2,0.6,-6.5,-5.9,1642,6.8,30.0,41.1,22.1,10.1,13.1,12.4,543,3.0,95.1,239.2,214.5,88.2,80.3,6.8,6.2,19,24.6,49.4,47.4,51.2,7.6,6.9,8.3,2043,7.3,6.2,8.4,1963,11.1,10.1,12.0,2978,3.0,2.8,3.3,817,5
1882,839,101,1563,81,5,444,9,116,8.0,11.5,-3.5,0.3,3.8,4.1,584,5.1,28.8,35.6,30.5,14.2,22.9,22.0,373,4.9,88.2,264.9,238.3,94.6,86.4,7.9,7.1,0,35.9,42.8,40.2,45.2,9.4,8.4,10.4,1166,8.0,6.8,9.4,1003,12.3,11.1,13.5,1529,3.7,3.5,4.0,466,6
2260,1136,4044,2205,104,11,956,23,438,12.1,9.9,2.2,0.2,-1.5,-1.3,2420,14.7,46.4,25.8,13.1,23.1,30.1,27.2,467,5.2,75.8,260.3,231.8,84.1,75.8,9.1,7.8,0,26.3,54.5,52.8,56.3,10.4,9.6,11.2,1905,11.5,10.3,12.7,2103,15.5,14.6,16.3,2839,3.9,3.7,4.2,719,6
2919,1887,625,300,880,54,710,113,1975,14.0,7.5,6.5,2.1,-6.4,-4.2,2090,7.0,24.9,33.4,34.7,10.7,11.6,10.2,649,2.3,99.1,239.2,214.5,88.2,80.3,6.8,6.2,34,19.0,41.0,38.9,42.9,6.0,5.4,6.6,2260,5.8,5.0,6.8,2217,8.9,8.1,9.7,3367,2.6,2.4,2.8,973,5
3825,1836,215,136,133,32,490,-43,519,11.1,15.0,-3.9,-0.2,3.1,2.9,6979,24.5,40.9,22.7,11.9,21.6,27.8,26.0,702,4.8,75.3,253.1,225.8,85.1,77.8,8.1,7.4,10,26.3,54.2,51.8,56.6,11.1,10.1,12.3,3495,14.0,12.2,16.0,4389,15.8,14.5,17.0,4953,3.9,3.6,4.3,1230,3
34959,14568,12611,10328,26822,3443,17582,8402,5308,11.7,8.5,3.1,0.2,14.7,15.0,36417,11.7,23.9,33.9,30.5,10.4,13.5,10.6,9064,3.6,108.3,213.5,185.8,72.3,65.0,5.6,5.0,331,21.4,37.0,35.4,38.6,6.9,6.3,7.6,25303,7.7,6.6,8.9,28056,9.8,9.1,10.5,35775,3.0,2.8,3.2,10881,3
665,414,59,19,33,1,86,-25,115,10.3,11.2,-0.9,0.4,-2.7,-2.3,639,12.0,40.7,30.8,16.6,11.6,16.6,14.8,114,2.9,94.1,218.2,193.1,84.8,77.9,6.9,6.5,0,25.3,47.0,44.3,49.4,8.7,7.7,9.6,515,8.5,7.1,9.9,507,12.1,11.0,13.1,718,3.4,3.1,3.7,203,6
2835,1365,807,209,158,15,701,346,317,12.1,9.1,3.0,0.2,6.8,7.0,2823,12.1,38.4,30.9,18.6,10.5,16.0,13.6,493,2.8,114.0,273.1,236.3,86.6,79.0,7.0,6.3,0,24.0,47.9,45.5,50.2,8.3,7.5,9.1,2199,9.7,8.3,11.3,2570,12.2,11.2,13.2,3227,3.1,2.9,3.4,829,2
11539,7120,6201,263,525,403,2314,-986,4340,9.8,14.0,-4.3,0.6,-3.8,-3.2,11063,11.4,49.2,23.2,16.2,14.6,20.3,18.8,3327,5.8,82.7,320.5,273.3,100.8,88.2,8.7,7.2,15,27.3,48.1,45.8,50.4,9.2,8.3,10.1,9652,10.0,8.6,11.7,10589,13.3,12.2,14.4,14002,3.6,3.3,3.9,3743,2
42089,23538,52393,6060,58067,691,15278,-2174,18671,10.6,6.7,3.9,2.0,-9.0,-7.0,43138,9.4,21.1,24.4,45.0,8.0,10.3,9.3,17099,4.5,134.2,284.4,240.5,99.6,87.2,7.0,5.8,108,18.7,37.0,35.2,38.8,5.8,5.3,6.4,30857,6.1,5.0,7.2,32426,9.5,8.8,10.3,50762,2.6,2.5,2.8,13964,2
20936,9368,19492,1684,2508,146,3891,5403,2190,10.5,10.3,0.1,0.5,24.3,24.8,14310,9.7,27.6,31.3,31.3,9.8,13.9,13.1,3393,3.6,115.5,217.1,196.7,77.2,71.2,7.6,6.9,51,26.3,40.2,38.2,42.3,7.8,7.0,8.7,13414,8.6,7.2,10.1,14692,12.0,11.0,13.1,20520,3.2,3.0,3.5,5479,4
1133,630,776,2689,45,9,1005,43,1557,11.5,12.6,-1.1,0.4,4.1,4.5,1704,18.4,39.2,29.5,12.9,24.6,31.2,30.0,224,4.2,72.4,206.7,189.1,73.9,68.5,6.2,5.8,0,24.8,55.1,53.3,56.9,10.7,9.9,11.5,1113,11.4,10.2,12.8,1189,15.6,14.8,16.6,1632,3.9,3.7,4.2,410,6
701,370,87,26,28,5,120,36,92,13.0,9.1,3.8,0.1,0.5,0.6,614,10.5,43.2,29.4,16.9,11.5,17.8,16.3,147,3.2,92.7,230.8,212.0,80.3,74.4,6.5,6.1,0,23.2,49.1,46.8,51.4,8.9,8.1,9.8,580,11.2,9.7,12.9,728,13.9,12.8,15.0,905,3.4,3.2,3.7,224,4
5142,2296,176,524,259,43,848,624,478,8.8,10.9,-2.0,-0.5,17.0,16.6,2796,9.0,30.3,33.6,27.1,15.5,23.0,19.4,835,4.2,90.6,247.1,236.2,91.5,88.0,9.8,9.4,5,32.7,39.4,36.8,41.8,9.0,8.0,10.0,3132,8.2,6.8,9.7,2853,12.1,10.9,13.2,4209,3.6,3.3,3.9,1257,6
90662,50401,176647,3983,101348,430,28289,3019,13244,10.6,8.6,2.0,4.5,-4.0,0.4,53868,6.1,18.8,28.7,46.4,8.2,9.6,9.0,22462,3.3,141.8,287.0,249.7,97.8,87.6,7.9,6.7,409,22.1,37.2,35.5,39.0,6.3,5.7,7.0,62896,6.6,5.6,7.8,66006,10.0,9.3,10.8,99988,2.7,2.6,2.9,27329,2
14848,8399,3840,16454,3912,685,7231,1069,3506,15.4,8.2,7.2,0.3,-3.3,-3.0,40492,26.9,28.2,28.9,16.0,16.5,21.2,21.0,8190,6.3,69.4,278.8,246.3,100.6,91.7,6.9,6.1,52,17.9,44.8,43.3,46.3,7.8,7.1,8.5,13824,7.4,6.5,8.4,13175,13.0,12.2,13.8,23073,3.5,3.3,3.7,6157,4
650,335,177,22,53,1,92,48,104,7.8,8.6,-0.8,-0.2,8.1,8.0,655,14.4,42.0,22.9,20.7,9.1,14.1,13.0,107,3.0,111.2,253.1,225.8,85.1,77.8,8.1,7.4,0,29.5,49.3,46.9,51.8,9.7,8.7,10.7,503,11.2,9.5,12.9,581,13.9,12.7,15.1,724,3.5,3.2,3.8,183,5
920,639,96,51,99,4,139,-56,350,13.8,13.3,0.5,0.7,-6.9,-6.2,819,12.1,40.0,29.1,18.8,16.6,25.8,25.3,164,3.6,74.1,273.1,236.3,86.6,79.0,7.0,6.3,0,27.6,47.4,44.9,49.7,9.2,8.3,10.2,696,10.3,8.8,12.0,778,12.5,11.4,13.6,942,3.5,3.2,3.8,261,6
54029,33224,120581,3079,27572,530,20012,38,25919,10.5,9.0,1.5,3.3,-4.7,-1.4,49470,9.7,24.0,28.7,37.7,14.4,18.9,18.3,15459,4.3,89.0,375.1,304.1,112.9,94.8,10.2,7.4,191,22.2,41.4,39.6,43.2,6.9,6.3,7.6,40685,7.4,6.2,8.6,43395,10.4,9.6,11.2,61088,3.0,2.8,3.2,17686,1
32093,17486,121627,2766,18268,279,7555,-2245,3314,13.1,10.0,3.0,2.7,-10.9,-8.2,44549,14.6,31.2,28.1,26.1,15.6,25.7,23.0,9404,4.4,105.9,260.3,231.8,84.1,75.8,9.1,7.8,215,22.1,48.0,46.4,49.4,7.8,7.2,8.5,26396,8.6,7.5,9.8,29168,14.1,13.2,14.9,47667,3.4,3.2,3.6,11475,2
1349,673,40,45,46,5,165,-78,98,8.8,13.3,-4.5,0.0,-0.9,-0.9,2284,22.4,43.0,22.2,12.4,22.1,31.9,29.2,389,7.9,83.2,263.4,231.6,100.1,89.4,10.5,9.2,0,28.7,60.3,58.1,62.4,12.7,11.5,14.1,1406,16.1,13.9,18.4,1783,17.6,16.2,19.0,1942,4.1,3.8,4.5,452,6
360,266,10,383,11,1,187,-44,127,12.9,9.3,3.7,-0.2,-13.9,-14.2,302,10.6,35.8,33.1,20.5,15.2,22.4,21.5,87,4.5,81.0,247.1,236.2,91.5,88.0,9.8,9.4,0,27.9,43.4,40.9,45.7,9.5,8.6,10.5,296,8.9,7.6,10.3,276,12.8,11.8,13.9,398,3.8,3.5,4.1,118,6
424,320,40,47,28,1,84,62,204,12.3,13.1,-0.8,2.1,11.5,13.5,335,9.9,28.2,35.2,26.7,11.1,10.9,9.5,43,1.8,81.7,237.6,217.1,87.0,79.6,10.5,9.7,0,28.3,46.1,43.2,48.7,7.8,6.9,8.8,289,6.6,5.5,7.8,245,10.6,9.5,11.7,393,3.0,2.8,3.3,112,6
4245,2392,629,189,353,40,751,-109,526,10.6,9.4,1.3,0.3,-3.6,-3.4,3616,10.1,33.6,36.2,20.0,8.4,11.2,10.2,1275,5.0,95.0,284.4,240.5,99.6,87.2,7.0,5.8,4,23.8,44.5,42.2,46.8,7.8,7.0,8.6,3076,8.7,7.4,10.2,3451,11.2,10.2,12.1,4415,3.1,2.9,3.4,1243,5
1567,926,215,120,78,6,289,-144,566,9.9,13.2,-3.4,0.4,-5.5,-5.1,1518,12.3,33.0,32.0,22.8,17.4,24.5,22.3,480,6.5,76.4,284.4,240.5,99.6,87.2,7.0,5.8,0,26.8,49.8,47.1,52.3,9.1,8.2,10.2,1217,10.2,8.6,11.9,1355,12.6,11.5,13.8,1673,3.6,3.3,3.9,478,6
2983,1947,2412,296,227,17,563,-412,5423,8.9,10.6,-1.6,0.1,-8.6,-8.5,2645,9.4,40.4,36.1,14.0,16.2,20.8,19.6,832,4.7,86.5,287.0,249.7,97.8,87.6,7.9,6.7,0,22.2,51.4,49.2,53.4,8.7,8.0,9.4,2839,10.0,8.8,11.3,3272,11.9,11.0,12.6,3870,3.3,3.1,3.5,1067,5
35539,21780,326181,4296,31025,975,19604,6764,39629,14.0,8.1,5.9,5.1,-1.3,3.8,45805,9.4,17.2,15.9,57.6,16.1,24.5,24.8,22470,5.6,100.0,847.0,619.0,239.7,179.4,25.3,15.2,314,16.8,32.0,30.5,33.7,4.1,3.8,4.5,23638,4.9,4.2,5.6,28049,8.1,7.5,8.7,46523,2.6,2.5,2.7,14899,1
19862,9421,5315,1558,9178,158,4985,557,1648,9.9,7.0,2.9,0.5,-1.6,-1.1,14873,7.2,26.2,33.0,33.7,5.9,7.8,7.3,5799,3.5,132.6,284.4,240.5,99.6,87.2,7.0,5.8,33,19.1,40.4,38.3,42.5,6.0,5.4,6.6,14123,6.8,5.7,8.0,15989,9.3,8.5,10.1,21851,2.6,2.4,2.8,6106,2
3030,1445,12852,189,1197,47,651,556,5966,9.9,7.6,2.3,1.3,6.6,7.9,3253,10.5,18.8,26.7,43.9,18.0,16.2,15.4,1095,3.9,110.4,191.3,174.8,65.9,61.2,7.1,6.7,24,16.4,38.4,36.3,40.5,5.9,5.4,6.4,2632,6.5,5.6,7.5,2911,9.8,9.1,10.5,4398,2.6,2.4,2.8,1167,5
1107,550,4799,46,28,1,163,-82,156,11.8,13.7,-1.8,0.0,-4.7,-4.7,1447,16.9,38.5,30.5,14.2,18.1,30.8,29.6,254,5.0,88.4,191.3,174.8,65.9,61.2,7.1,6.7,0,27.1,57.2,55.4,58.8,9.5,8.8,10.3,914,10.3,9.1,11.6,992,17.1,16.1,18.1,1645,3.9,3.7,4.2,375,6
3786,1893,334,116,226,32,608,-61,530,10.0,9.2,0.8,-0.3,-1.7,-2.0,3206,9.4,40.2,28.8,21.6,9.4,12.0,10.9,950,3.6,119.3,230.8,212.0,80.3,74.4,6.5,6.1,8,22.6,45.3,43.0,47.7,7.7,7.0,8.5,2969,9.6,8.1,11.1,3693,12.2,11.1,13.3,4696,3.0,2.8,3.2,1157,2
3637,1687,1243,356,392,22,1044,187,3342,8.8,8.4,0.4,1.4,2.4,3.8,2828,10.5,36.2,31.4,21.9,18.4,20.7,17.5,920,5.0,80.9,287.0,249.7,97.8,87.6,7.9,6.7,4,23.8,43.3,41.0,45.6,8.4,7.6,9.2,2971,9.7,8.3,11.1,3446,11.0,10.0,11.9,3899,3.2,3.0,3.4,1135,5
11446,6783,2420,436,3579,51,2478,963,6799,8.7,8.9,-0.2,2.6,4.1,6.7,6698,6.3,27.8,30.3,35.6,7.0,9.0,8.6,1832,2.2,98.7,315.1,287.6,105.9,99.6,9.7,8.6,18,23.5,37.4,35.0,39.5,6.4,5.7,7.2,7788,7.5,6.2,9.0,9182,9.8,8.9,10.8,12030,2.7,2.5,2.9,3308,5
30772,18267,47516,6831,23385,487,19491,318,7266,13.7,8.8,5.0,0.6,-4.9,-4.3,35357,10.7,26.2,32.2,30.9,13.4,17.1,15.5,9356,3.8,97.0,227.6,206.5,88.0,80.5,6.8,6.3,236,19.1,43.8,42.0,45.4,7.1,6.4,7.7,26937,7.0,5.9,8.1,26904,12.6,11.6,13.4,48040,2.9,2.7,3.1,10991,3
15329,9538,38016,2884,4578,301,5380,3460,8432,13.7,8.8,4.9,1.5,7.3,8.8,23575,15.7,27.6,33.1,23.7,18.9,23.4,22.4,4242,3.6,80.6,224.8,199.9,72.9,66.5,6.2,5.4,54,19.0,44.1,42.4,45.8,7.4,6.8,8.0,14230,7.5,6.5,8.6,14450,12.5,11.8,13.3,24021,3.2,3.0,3.4,6123,3
588,299,39,32,14,11,39,77,3,8.7,11.6,-2.8,2.8,18.2,21.0,352,11.8,32.7,35.5,20.0,12.7,23.4,23.1,55,3.1,81.7,224.8,199.9,72.9,66.5,6.2,5.4,0,32.8,50.5,48.3,52.6,11.0,9.9,12.1,371,9.6,8.2,11.1,326,15.7,14.5,16.9,531,4.1,3.8,4.5,140,6
5491,2865,492,388,384,53,1088,-267,821,10.4,10.7,-0.3,0.1,-3.7,-3.6,3613,7.6,36.3,39.0,17.2,10.8,15.3,13.5,1432,4.3,95.6,287.0,249.7,97.8,87.6,7.9,6.7,7,23.8,48.2,45.9,50.2,8.2,7.5,9.0,4425,9.4,8.1,10.7,5037,11.0,10.1,11.9,5936,3.1,2.9,3.4,1682,5
3239,1529,4573,160,148,12,440,-278,733,11.1,12.4,-1.3,0.9,-7.1,-6.2,4680,18.5,32.6,32.5,16.4,18.2,23.4,22.8,667,4.1,89.4,191.3,174.8,65.9,61.2,7.1,6.7,24,22.9,52.2,50.0,54.4,9.4,8.5,10.3,2672,10.7,9.2,12.4,3051,14.1,13.1,15.1,4011,3.6,3.3,3.9,1021,5
798,457,2481,28,34,3,108,6,122,10.5,13.4,-2.9,0.1,3.5,3.6,1134,19.6,38.0,24.8,17.7,20.4,28.6,29.1,182,4.8,86.0,191.3,174.8,65.9,61.2,7.1,6.7,0,28.3,55.7,53.7,57.5,10.0,9.1,10.9,647,10.8,9.3,12.1,698,16.5,15.4,17.6,1069,4.0,3.7,4.3,260,6
885,491,27,71,35,11,161,46,105,8.6,9.6,-1.0,0.0,7.5,7.5,407,7.5,30.1,37.7,24.7,14.5,19.9,18.0,203,6.1,76.2,303.4,271.5,109.4,101.0,9.2,8.3,0,38.2,42.5,39.8,45.0,10.0,8.9,11.1,577,9.7,8.0,11.3,558,13.5,12.2,14.8,779,3.9,3.6,4.2,224,6
5423,3579,6114,289,1450,40,1772,468,3841,10.9,9.0,1.9,2.3,1.8,4.0,4667,9.3,32.1,28.1,30.5,13.8,17.2,16.0,1102,2.8,95.5,273.1,236.3,86.6,79.0,7.0,6.3,32,21.6,42.9,40.7,45.0,7.2,6.5,7.9,4455,8.3,7.1,9.5,5114,10.6,9.8,11.5,6595,2.9,2.7,3.1,1784,4
3453,2539,3205,1678,1235,123,2126,-650,2528,16.5,7.2,9.3,3.5,-22.4,-18.9,2854,6.6,31.1,34.0,28.3,10.8,9.5,8.4,920,2.9,98.0,237.6,217.1,87.0,79.6,10.5,9.7,19,16.5,42.9,41.1,44.8,5.8,5.2,6.4,2981,5.2,4.4,6.0,2676,8.3,7.6,9.0,4312,2.4,2.2,2.5,1220,5
8135,4745,2840,2217,1541,620,3935,554,2487,13.5,9.8,3.7,1.1,-0.2,1.0,10108,13.0,34.3,29.8,22.9,16.6,22.7,20.4,1555,2.7,85.6,273.1,236.3,86.6,79.0,7.0,6.3,88,20.2,45.8,43.6,47.9,7.6,6.9,8.4,6897,9.3,7.9,10.7,8401,11.4,10.5,12.3,10324,3.1,2.9,3.3,2776,4
651,508,49,36,42,1,64,18,166,10.2,10.2,0.0,0.2,2.1,2.4,438,7.9,37.7,34.6,19.9,9.1,10.9,9.4,105,2.3,95.8,239.2,214.5,88.2,80.3,6.8,6.2,0,26.9,44.0,41.8,45.9,7.8,7.0,8.6,480,7.3,6.1,8.5,449,11.0,10.0,12.0,681,3.1,2.8,3.3,191,6
2882,1887,273,195,281,32,408,-10,476,11.1,9.5,1.7,0.3,-2.3,-2.0,1732,7.0,36.4,38.7,17.9,7.1,9.1,8.2,610,3.1,88.1,302.7,265.0,104.9,96.0,7.4,6.6,6,24.0,40.7,38.5,42.7,7.0,6.3,7.7,1931,6.0,5.1,6.9,1656,9.9,9.1,10.8,2741,3.0,2.7,3.2,815,5
3569,1838,202,203,139,12,389,130,340,7.8,12.5,-4.8,0.0,9.4,9.4,1293,6.0,31.1,30.7,32.1,8.4,12.8,11.3,559,3.6,100.7,264.9,238.3,94.6,86.4,7.9,7.1,4,37.4,42.1,39.3,44.9,8.4,7.4,9.5,1945,7.2,5.9,8.7,1674,11.3,10.0,12.5,2603,3.4,3.2,3.8,794,6
6778,4168,878,583,2231,38,1129,-66,998,9.8,10.6,-0.8,0.8,-0.8,0.0,4971,8.7,38.5,32.8,19.9,10.4,13.0,12.3,1288,3.1,92.9,264.9,238.3,94.6,86.4,7.9,7.1,16,26.0,42.0,39.5,44.2,7.7,6.9,8.5,4867,7.4,6.3,8.5,4626,10.4,9.5,11.3,6547,3.2,2.9,3.4,2000,5
963,397,32,116,87,3,189,82,112,8.3,8.7,-0.4,2.1,7.1,9.2,344,5.1,35.8,33.8,25.3,8.1,10.9,9.5,168,3.4,119.9,247.1,236.2,91.5,88.0,9.8,9.4,0,28.7,43.0,40.5,45.3,7.8,6.9,8.6,580,7.0,5.9,8.2,524,10.9,9.9,11.9,812,3.1,2.9,3.3,231,6
2600,1173,386,86,105,12,407,-180,691,12.2,14.1,-1.9,1.0,-4.8,-3.8,5836,27.7,37.9,21.3,13.1,31.9,44.5,41.8,632,6.2,61.3,230.9,214.6,77.3,72.9,8.3,7.6,4,22.9,55.9,53.4,58.2,12.2,11.1,13.4,2933,16.2,14.0,18.5,3895,17.2,15.9,18.5,4133,4.2,3.8,4.6,1005,5
2094,1400,304,37,271,5,274,125,1583,10.4,9.0,1.4,1.4,2.3,3.7,623,3.8,32.3,33.5,30.3,6.6,6.4,6.0,281,2.0,124.3,218.2,193.1,84.8,77.9,6.9,6.5,0,25.1,44.5,42.1,46.8,6.7,6.0,7.4,1299,6.0,5.1,7.1,1172,9.2,8.3,10.1,1782,2.7,2.5,2.9,531,4
159,92,36,30,2,0,7,5,0,9.7,13.0,-3.2,0.0,6.5,6.5,109,13.8,30.1,39.4,16.7,17.8,30.3,29.3,17,3.6,67.6,224.8,199.9,72.9,66.5,6.2,5.4,0,31.8,51.0,48.6,53.2,11.3,10.2,12.4,112,10.2,8.7,11.7,100,15.7,14.5,16.9,155,4.2,3.9,4.5,41,6
729,346,55,8808,70,3,449,-106,137,17.9,11.4,6.5,2.8,-17.2,-14.3,912,11.8,35.8,35.0,17.4,25.6,33.7,31.7,489,9.6,73.2,247.1,236.2,91.5,88.0,9.8,9.4,0,16.9,49.9,48.1,51.4,9.3,8.7,9.9,822,9.8,8.8,10.8,866,16.2,15.4,17.1,1437,4.1,3.9,4.3,360,6
21004,10336,45002,2714,11716,365,6990,3586,4990,12.3,8.8,3.5,1.6,5.6,7.2,25770,11.8,25.5,32.7,30.0,12.1,16.6,15.4,7576,4.6,118.7,224.8,199.9,72.9,66.5,6.2,5.4,26,19.4,44.2,42.6,45.8,6.7,6.2,7.3,17168,6.6,5.7,7.6,16966,12.7,11.9,13.4,32399,3.1,2.9,3.2,7860,2
288,187,58,22,14,2,57,-52,11,9.1,11.0,-1.8,0.0,-14.3,-14.3,346,15.4,22.6,37.1,24.9,13.4,20.5,18.9,46,2.3,94.2,224.8,199.9,72.9,66.5,6.2,5.4,0,23.3,48.8,46.3,51.4,9.5,8.4,10.6,238,9.4,7.7,11.1,235,13.5,12.2,14.7,337,3.6,3.3,3.9,90,6
10692,4504,9834,2743,3825,305,5065,8354,7788,12.2,5.1,7.1,1.2,29.8,30.9,12773,10.5,22.3,29.7,37.4,13.2,12.1,11.2,3385,3.0,112.4,224.8,199.9,72.9,66.5,6.2,5.4,42,15.0,39.1,37.5,40.8,5.5,5.1,5.9,9355,5.4,4.7,6.1,9209,9.4,8.9,10.1,16168,2.5,2.3,2.6,4227,2
16729,6799,1786,6369,2361,297,3286,439,2632,8.3,7.7,0.6,0.9,1.5,2.4,12151,11.1,22.9,25.1,40.9,12.2,17.7,15.6,3065,4.1,127.0,244.8,213.8,91.1,82.1,7.7,7.3,22,28.9,33.6,31.9,35.3,7.1,6.5,7.8,8763,6.3,5.3,7.5,7800,11.5,10.7,12.5,14186,3.5,3.3,3.7,4299,4
2293,1668,359,441,401,54,379,81,447,14.2,8.3,5.9,3.1,-6.5,-3.4,2463,11.3,30.7,35.8,22.2,8.5,10.6,9.7,458,2.6,106.6,239.2,214.5,88.2,80.3,6.8,6.2,5,23.7,44.1,42.1,45.9,6.8,6.1,7.5,1683,6.5,5.5,7.6,1607,10.5,9.6,11.3,2584,2.9,2.7,3.1,716,5
5359,2800,358,287,445,19,966,188,839,8.9,11.9,-3.0,0.1,6.2,6.4,3772,8.9,43.3,28.8,19.0,16.7,26.3,24.8,1065,4.0,79.6,330.2,305.7,128.9,119.7,12.1,11.7,6,28.0,43.4,41.1,45.5,9.3,8.3,10.3,4357,10.0,8.5,11.6,4694,12.0,10.9,13.1,5619,3.5,3.2,3.8,1644,6
232,163,175,70,44,7,79,81,87,14.5,5.0,9.5,2.3,5.5,7.8,668,23.1,30.7,33.7,12.4,10.1,13.6,13.1,69,3.8,102.2,224.8,199.9,72.9,66.5,6.2,5.4,0,16.5,45.7,43.7,47.7,6.7,6.2,7.2,226,6.2,5.5,7.0,211,12.7,12.0,13.5,432,3.0,2.9,3.2,102,6
1975,1025,558,55,64,2,374,146,219,14.6,11.5,3.1,0.0,2.9,2.9,3673,21.8,43.8,23.4,11.1,20.6,28.7,27.9,471,5.0,84.1,230.9,214.6,77.3,72.9,8.3,7.6,0,23.4,55.8,53.4,58.1,11.5,10.5,12.5,2157,14.5,12.7,16.4,2725,16.5,15.3,17.6,3090,3.9,3.6,4.2,728,5
719,409,3071,28,66,1,135,18,1972,9.8,12.0,-2.3,0.0,4.4,4.4,1123,17.7,48.4,22.5,11.4,30.8,35.3,33.3,140,5.2,61.3,228.7,202.9,79.1,71.9,7.0,6.1,0,22.0,51.3,49.5,53.0,9.1,8.4,9.8,650,10.0,9.0,11.1,717,15.7,14.8,16.4,1117,3.8,3.6,4.0,270,6
2906,2144,474,566,275,138,618,-3,1178,13.1,11.0,2.1,2.0,-4.1,-2.1,2626,10.7,36.3,34.5,18.6,9.8,11.9,10.9,529,2.7,86.5,239.2,214.5,88.2,80.3,6.8,6.2,0,24.9,41.5,39.5,43.3,7.6,6.9,8.5,2125,7.6,6.5,8.8,2101,10.6,9.7,11.6,2961,3.2,2.9,3.4,877,5
2383,704,499,246,737,68,670,584,114,10.4,3.5,7.0,4.2,2.9,7.1,1381,5.1,15.0,24.5,55.3,6.2,5.8,5.3,739,3.0,147.6,216.2,199.9,65.3,62.2,5.8,5.4,4,16.9,25.4,23.6,27.4,4.6,4.1,5.2,1473,4.2,3.4,5.1,1345,7.8,7.0,8.6,2481,2.3,2.2,2.5,739,5
2507,1186,136,91,98,3,295,-292,162,10.1,14.0,-3.9,0.3,-8.1,-7.8,2453,13.3,49.3,22.2,15.2,19.0,25.8,24.4,600,6.4,87.6,263.4,231.6,100.1,89.4,10.5,9.2,0,29.1,55.2,52.7,57.5,11.4,10.3,12.5,2248,13.9,12.0,15.9,2750,15.6,14.3,16.8,3085,3.7,3.4,4.1,737,6
365,259,108,30,17,3,74,23,64,9.5,14.0,-4.5,0.0,11.5,11.5,290,11.5,32.5,36.3,19.7,16.1,28.6,26.5,51,3.3,67.9,224.8,199.9,72.9,66.5,6.2,5.4,27,30.2,46.6,44.4,48.8,9.6,8.7,10.6,264,8.9,7.7,10.2,245,13.5,12.6,14.6,374,3.7,3.4,4.0,102,6
532,198,308,302,87,19,199,193,1800,5.9,6.8,-0.9,-0.2,30.1,30.0,945,18.3,33.7,33.2,14.8,18.3,18.1,16.9,106,4.1,72.4,213.5,185.8,72.3,65.0,5.6,5.0,0,22.0,48.8,46.7,50.8,8.0,7.3,8.7,449,8.5,7.4,9.7,476,11.7,10.9,12.4,651,3.1,2.9,3.3,174,6
15771,8109,39258,1309,3642,154,4638,3027,3413,11.5,10.7,0.8,0.7,12.2,12.9,22783,15.3,30.8,33.3,20.6,14.2,19.2,16.6,4245,3.9,97.9,255.0,223.5,86.2,78.1,7.1,6.2,74,21.6,47.5,45.6,49.4,8.0,7.3,8.7,13864,8.9,7.8,10.2,15402,12.4,11.6,13.2,21440,3.3,3.1,3.5,5672,2
13186,6535,5852,2225,2875,535,4088,1780,5699,11.1,10.3,0.8,1.5,11.8,13.3,11215,12.8,23.5,40.7,23.0,15.1,22.8,23.2,2789,5.6,83.2,242.0,224.0,78.1,73.2,6.9,6.1,12,27.8,45.2,43.6,46.8,8.4,7.7,9.2,8393,8.0,7.0,9.2,7991,11.7,11.0,12.5,11673,3.8,3.6,4.0,3761,4
7382,4384,5132,170,1873,149,2212,558,2602,13.2,10.2,2.9,1.7,0.9,2.7,6739,10.0,34.7,32.4,22.9,15.3,19.2,17.6,1897,4.0,102.5,230.9,214.6,77.3,72.9,8.3,7.6,32,22.3,48.4,46.1,50.3,9.3,8.5,10.3,7140,10.8,9.3,12.5,8279,13.8,12.7,14.8,10507,3.3,3.0,3.5,2489,4
540,288,11,48,32,17,88,33,79,12.8,10.2,2.6,0.6,1.6,2.1,344,7.8,32.6,39.8,19.9,8.9,11.5,10.2,108,2.8,110.3,192.6,181.6,73.9,68.9,5.8,5.5,0,24.0,40.6,38.5,42.9,7.2,6.5,8.0,364,7.0,6.0,8.2,354,10.8,10.0,11.8,547,3.0,2.8,3.3,152,6
191,91,5,15,6,2,23,32,37,7.0,7.0,0.0,0.0,21.7,21.7,179,13.1,43.0,24.9,18.9,18.6,30.8,26.6,26,5.4,56.6,216.2,199.9,65.3,62.2,5.8,5.4,0,35.3,44.5,41.9,46.9,10.4,9.2,11.7,116,9.1,7.6,10.8,102,14.9,13.5,16.4,166,4.2,3.8,4.6,47,6
26333,15099,34457,1882,24738,366,11705,6118,9468,14.2,7.5,6.7,2.3,3.5,5.9,26653,8.5,24.8,30.6,36.1,9.9,11.7,11.0,6706,2.5,114.0,218.2,193.1,84.8,77.9,6.9,6.5,112,17.5,40.7,38.8,42.6,5.7,5.2,6.3,21031,5.6,4.7,6.6,20330,9.1,8.3,9.8,33176,2.5,2.3,2.7,9120,3
1954,1132,1781,145,131,24,484,-127,2323,13.1,10.5,2.6,-0.1,-7.6,-7.6,2555,14.5,46.4,24.6,14.5,16.7,25.6,23.9,334,3.1,81.5,273.1,236.3,86.6,79.0,7.0,6.3,0,23.5,47.5,45.2,49.6,8.4,7.6,9.3,1647,10.3,8.9,11.8,2018,12.3,11.4,13.2,2417,3.3,3.0,3.5,643,5
1133,564,145,53,288,8,265,147,51,8.7,8.5,0.2,0.0,12.3,12.3,336,4.0,26.0,27.2,42.8,5.1,5.4,4.7,169,2.7,132.3,263.2,231.8,90.3,81.7,7.3,6.3,0,24.6,38.7,36.2,41.3,6.6,5.9,7.4,630,6.5,5.3,7.7,613,9.6,8.6,10.6,909,2.7,2.5,2.9,256,2
15340,8441,12986,797,3706,92,4965,-124,11815,8.1,9.7,-1.6,1.5,-0.5,1.0,12295,9.5,29.8,28.6,32.2,14.3,16.2,15.2,3452,3.9,93.2,375.1,304.1,112.9,94.8,10.2,7.4,25,25.1,38.5,36.4,40.3,7.3,6.5,8.0,10688,8.2,6.8,9.6,12073,11.2,10.3,12.2,16542,3.1,2.9,3.3,4546,4
2108,1068,544,67,112,25,335,-316,627,12.4,14.8,-2.3,0.1,-9.7,-9.6,5363,28.4,34.7,26.1,10.8,33.4,43.6,43.5,487,7.4,58.8,230.9,214.6,77.3,72.9,8.3,7.6,7,23.9,66.2,64.0,68.2,13.6,12.2,15.0,2771,18.2,15.7,20.7,3707,19.7,18.2,21.1,4010,4.6,4.2,5.0,937,6
8602,3907,951,5537,1945,220,3459,-91,1977,11.5,10.0,1.5,0.0,-2.5,-2.5,8101,13.1,25.8,36.5,24.7,17.5,25.5,22.1,1564,3.9,68.3,279.6,243.8,96.2,87.1,7.2,6.2,14,27.8,39.0,37.0,41.1,8.2,7.5,9.1,5676,8.5,7.3,10.0,5888,12.7,11.7,13.7,8749,3.7,3.4,4.0,2543,5
6948,2920,12020,615,1142,104,2184,1427,979,12.6,8.6,4.0,0.0,9.4,9.5,11720,17.0,33.0,30.6,19.5,12.2,17.1,15.8,1894,3.8,97.9,228.7,202.9,79.1,71.9,7.0,6.1,21,17.9,43.2,41.1,45.0,7.4,6.8,8.1,5984,8.9,7.6,10.2,7158,11.9,11.0,12.8,9608,3.1,2.9,3.3,2495,2
1059,450,3026,66,41,2,226,-4,37,8.4,11.9,-3.6,0.0,3.4,3.4,1322,19.0,34.9,28.6,17.5,15.7,25.2,23.7,151,3.3,63.8,263.2,231.8,90.3,81.7,7.3,6.3,0,26.4,51.9,49.9,53.7,9.3,8.6,10.2,739,10.0,8.7,11.3,788,15.5,14.5,16.5,1226,4.0,3.7,4.2,313,6
2107,1757,317,180,345,23,292,68,2244,13.8,7.3,6.4,1.8,-6.3,-4.5,1885,9.2,31.4,31.4,28.1,6.3,7.2,6.7,364,1.8,116.8,218.2,193.1,84.8,77.9,6.9,6.5,0,19.8,35.3,33.3,37.4,6.1,5.5,6.8,1553,5.7,4.9,6.8,1463,8.7,7.9,9.5,2215,2.6,2.4,2.8,663,6
1382,661,689,94,54,3,352,130,78,12.2,11.6,0.5,-0.6,7.0,6.4,2510,20.0,46.6,25.2,8.2,18.3,29.3,28.2,329,4.5,71.4,228.7,202.9,79.1,71.9,7.0,6.1,0,20.6,49.7,47.5,51.7,9.7,8.8,10.6,1404,12.3,10.7,14.0,1773,14.7,13.6,15.7,2125,3.8,3.5,4.1,546,4
5683,2912,415,173,592,16,882,-328,2274,8.5,11.3,-2.8,0.5,-3.2,-2.7,3308,7.7,35.1,26.9,30.3,10.4,13.5,12.5,975,3.1,84.9,367.1,322.7,130.3,121.5,11.7,9.9,13,27.5,40.2,38.0,42.4,7.1,6.3,8.0,3428,7.8,6.5,9.3,3754,10.2,9.2,11.2,4898,3.1,2.8,3.3,1472,5
2453,1370,235,50,75,13,348,-100,677,9.2,13.2,-4.0,-0.1,0.4,0.3,2823,14.5,46.5,26.6,12.4,16.9,23.9,23.3,693,7.0,97.8,263.4,231.6,100.1,89.4,10.5,9.2,5,26.5,53.9,51.7,56.1,11.3,10.2,12.4,2382,14.2,12.3,16.1,3007,15.8,14.6,17.1,3348,3.8,3.5,4.1,796,5
551,279,1478,29,50,5,147,-84,445,13.5,16.2,-2.8,0.3,-11.5,-11.2,950,21.8,38.9,26.1,13.3,30.2,46.1,43.6,118,5.8,64.5,230.9,214.6,77.3,72.9,8.3,7.6,0,26.6,59.6,57.6,61.5,12.2,11.2,13.4,584,15.1,13.1,17.0,721,19.2,18.0,20.4,919,4.5,4.1,4.8,213,5
35047,15025,33160,5841,18704,688,11266,18779,3202,12.7,7.1,5.6,2.8,23.8,26.6,45597,12.6,22.3,30.4,34.7,9.3,12.9,11.8,10334,3.8,128.0,224.8,199.9,72.9,66.5,6.2,5.4,97,18.0,40.8,38.7,42.9,6.5,5.8,7.2,28102,6.4,5.3,7.5,27802,10.7,9.8,11.6,46565,2.7,2.6,2.9,11942,2
3397,1689,218,475,768,63,659,200,296,11.6,10.6,1.0,1.2,3.5,4.6,4378,17.8,40.9,26.9,14.5,18.8,26.9,25.5,463,3.0,78.0,273.1,236.3,86.6,79.0,7.0,6.3,0,27.2,51.8,49.4,54.1,10.2,9.2,11.2,2816,11.8,10.1,13.5,3281,14.3,13.2,15.4,3955,3.8,3.5,4.1,1042,6
888,684,601,226,52,15,235,-40,185,13.4,9.6,3.9,0.8,-7.7,-7.0,2167,25.9,32.6,25.5,15.9,20.0,27.8,27.5,232,4.4,70.4,224.8,199.9,72.9,66.5,6.2,5.4,0,21.4,52.9,51.0,54.8,10.1,9.3,11.0,958,9.4,8.3,10.7,892,17.1,16.0,18.1,1620,4.2,4.0,4.5,401,6
1462,856,287,234,237,29,619,305,299,16.4,8.0,8.4,0.2,4.1,4.3,787,5.3,29.2,31.1,34.5,8.0,9.4,8.6,343,2.8,120.3,227.6,206.5,88.0,80.5,6.8,6.3,0,19.6,44.6,42.1,46.9,6.3,5.6,7.0,1085,6.6,5.5,7.7,1130,9.9,9.0,10.8,1698,2.7,2.5,2.9,459,4
646,397,65,69,12,1,177,-14,101,6.9,13.6,-6.7,0.0,4.6,4.6,991,21.4,41.3,26.2,11.1,20.3,33.0,30.4,94,3.1,67.2,273.1,236.3,86.6,79.0,7.0,6.3,0,30.1,52.4,50.0,54.8,11.0,9.9,12.2,551,12.7,11.1,14.8,640,14.6,13.6,15.9,736,3.9,3.6,4.3,197,6
853,429,59,68,38,1,46,-93,31,17.1,7.4,9.7,-0.4,-16.0,-16.4,3226,40.0,29.5,20.1,10.4,32.1,49.1,46.5,299,5.6,54.7,224.8,199.9,72.9,66.5,6.2,5.4,0,16.7,57.2,54.6,59.8,9.7,8.9,10.6,925,8.2,7.1,9.3,778,20.0,18.6,21.3,1896,4.6,4.3,5.0,439,5
1836,1159,11640,131,151,21,222,-248,1320,9.0,13.7,-4.7,1.1,-9.2,-8.1,3095,21.3,38.0,27.3,13.4,23.5,32.0,30.4,387,4.9,65.7,255.0,223.5,86.2,78.1,7.1,6.2,0,27.8,55.6,53.8,57.2,10.6,9.8,11.5,1665,11.0,9.8,12.3,1726,19.4,18.3,20.5,3044,4.8,4.5,5.1,746,6
200,123,54,37,27,0,38,38,29,11.8,7.2,4.6,0.7,7.5,8.2,491,23.5,27.8,29.0,19.7,12.1,15.9,14.5,36,2.7,94.1,224.8,199.9,72.9,66.5,6.2,5.4,0,20.5,47.4,45.3,49.4,8.0,7.3,8.7,177,7.7,6.5,8.7,169,13.1,12.2,14.0,289,3.3,3.0,3.5,72,6
1328,683,449,3046,92,17,1311,-49,1050,10.3,16.0,-5.7,0.1,2.2,2.3,1367,13.4,40.1,31.7,14.8,19.5,28.1,24.3,211,3.5,83.0,206.7,189.1,73.9,68.5,6.2,5.8,0,25.4,52.9,51.0,54.5,11.0,10.3,11.8,1229,11.5,10.4,12.8,1284,15.7,14.8,16.6,1753,4.0,3.8,4.3,449,6
1015,913,128,49,67,27,120,-9,350,11.2,13.2,-2.0,1.1,0.2,1.2,615,7.4,35.9,35.2,21.4,9.4,11.4,10.6,128,2.2,93.7,218.2,193.1,84.8,77.9,6.9,6.5,0,31.4,42.8,40.2,45.2,8.7,7.8,9.7,774,7.8,6.5,9.2,693,11.6,10.5,12.6,1029,3.5,3.2,3.8,306,6
1004,438,186,817,155,58,508,84,183,13.7,6.8,6.9,0.1,-1.9,-1.9,1803,16.4,34.3,33.0,16.3,11.9,17.5,16.5,276,3.4,124.1,213.5,185.8,72.3,65.0,5.6,5.0,3,18.5,44.1,42.2,45.9,7.3,6.7,8.0,899,8.2,7.1,9.3,1006,10.9,10.1,11.6,1334,3.0,2.8,3.2,366,5
2300,865,224,98,59,14,270,21,151,9.7,12.5,-2.8,0.1,3.7,3.8,3471,21.0,44.1,24.4,10.6,18.4,25.2,23.1,372,4.0,79.9,253.1,225.8,85.1,77.8,8.1,7.4,0,26.3,53.4,51.0,55.7,10.6,9.6,11.7,1957,13.3,11.5,15.2,2444,15.2,14.1,16.4,2806,3.8,3.5,4.1,696,3
333,166,1077,16,6,0,29,-69,0,10.4,11.7,-1.3,0.0,-28.5,-28.5,562,32.4,34.3,24.2,9.1,25.5,40.5,39.8,46,5.5,57.8,228.7,202.9,79.1,71.9,7.0,6.1,0,42.7,58.5,56.8,60.3,13.2,12.1,14.3,247,14.0,12.4,15.7,263,22.2,21.0,23.4,415,5.5,5.1,5.9,103,6
53438,27127,67646,15611,61657,15386,64680,14098,17439,13.3,8.1,5.1,1.5,9.3,10.8,50229,8.7,27.5,37.4,26.4,8.7,10.7,10.3,21947,5.2,101.3,278.8,246.3,100.6,91.7,6.9,6.1,189,18.6,39.6,37.9,41.0,6.1,5.5,6.6,41427,5.9,5.1,6.7,39922,10.8,10.0,11.5,73763,2.7,2.5,2.9,18489,2
2707,1961,260,228,181,8,376,-130,1843,10.9,12.9,-1.9,0.1,-2.3,-2.2,2539,11.7,42.5,27.4,18.4,12.4,17.3,15.8,520,3.5,92.4,230.8,212.0,80.3,74.4,6.5,6.1,0,26.6,44.4,42.0,46.9,8.7,7.8,9.6,2153,10.5,9.0,12.2,2604,13.2,12.0,14.3,3260,3.4,3.1,3.6,831,5
8368,4253,1387,566,789,39,1852,-528,4808,10.9,9.2,1.7,0.6,-6.8,-6.2,9804,12.2,37.6,31.5,18.6,16.1,23.0,21.1,2892,5.5,79.4,375.1,304.1,112.9,94.8,10.2,7.4,8,21.6,49.2,47.0,51.1,7.9,7.1,8.7,7339,9.5,8.1,10.9,8820,10.8,9.9,11.7,10076,3.1,2.9,3.3,2876,3
6668,3024,1320,2830,887,199,2992,220,1124,11.5,12.8,-1.3,-0.3,5.1,4.8,6872,14.8,30.1,39.3,15.8,18.4,26.3,25.1,1522,5.2,59.9,279.6,243.8,96.2,87.1,7.2,6.2,8,29.8,43.2,41.2,45.0,9.2,8.4,10.1,4675,9.7,8.4,11.0,4927,13.5,12.5,14.4,6847,4.0,3.7,4.3,2028,5
1015,484,886,2650,29,19,831,0,1227,10.0,13.1,-3.1,0.7,2.4,3.1,1716,20.8,38.6,29.0,11.6,26.1,31.2,29.1,213,4.8,72.3,206.7,189.1,73.9,68.5,6.2,5.8,0,22.7,56.4,54.6,58.2,11.2,10.4,12.0,1050,12.1,10.9,13.4,1137,16.3,15.5,17.2,1531,4.1,3.9,4.4,386,6
29119,17146,87275,1772,7608,236,13787,-1134,9824,12.5,10.3,2.2,1.1,-5.9,-4.8,31510,10.8,29.7,33.2,26.3,18.7,25.0,23.4,10992,5.3,85.2,292.7,248.6,93.7,83.7,8.3,7.1,251,21.4,48.0,46.0,49.6,8.1,7.4,8.9,26853,9.5,8.2,10.9,31559,12.6,11.7,13.5,41730,3.3,3.1,3.5,10926,3
7669,5422,3734,129,403,17,1758,-468,2092,9.7,13.0,-3.3,0.5,-2.6,-2.1,6132,9.8,43.4,25.4,21.4,15.8,23.0,22.0,2082,5.1,79.5,320.5,273.3,100.8,88.2,8.7,7.2,18,28.3,46.3,43.8,48.7,8.7,7.8,9.6,5996,9.2,7.8,10.7,6375,12.4,11.2,13.5,8537,3.4,3.2,3.7,2375,5
1831,1046,384,11726,169,30,574,-149,2565,11.4,10.2,1.2,0.4,-7.1,-6.7,3154,17.4,31.8,37.4,13.4,28.6,34.3,32.6,561,6.3,80.4,244.8,213.8,91.1,82.1,7.7,7.3,4,21.5,54.3,52.9,55.7,9.3,8.8,9.9,1906,9.5,8.6,10.4,1942,16.9,16.2,17.7,3461,4.4,4.1,4.6,890,5
4245,2346,5649,330,303,38,693,55,2575,10.3,13.1,-2.8,0.2,3.9,4.1,5739,18.5,39.3,27.5,14.7,19.3,28.2,27.5,678,3.7,69.5,265.2,240.7,86.8,80.1,6.9,6.0,0,26.5,53.0,51.2,54.9,10.4,9.4,11.4,3605,11.7,10.1,13.5,4081,14.5,13.5,15.6,5059,3.9,3.6,4.2,1358,6
36491,17813,94964,2525,13454,422,10049,7661,10941,12.2,8.6,3.6,2.7,8.7,11.4,41345,12.2,24.7,28.9,34.2,11.1,14.6,13.4,7294,2.9,116.6,229.5,205.0,80.1,72.3,7.0,6.2,137,20.4,42.5,40.7,44.3,6.7,6.1,7.4,26440,6.8,5.7,7.9,26743,11.3,10.5,12.1,44747,3.0,2.8,3.1,11688,3
2680,1173,12301,238,392,26,601,208,3167,13.7,9.4,4.3,0.2,0.3,0.6,6311,22.6,38.6,25.6,13.2,23.9,31.4,34.0,845,4.5,67.3,228.7,202.9,79.1,71.9,7.0,6.1,10,18.3,47.3,45.6,48.8,7.9,7.3,8.6,2582,9.6,8.6,10.7,3138,14.7,13.9,15.5,4794,3.5,3.3,3.7,1138,5
580,411,32,39,33,6,64,54,66,11.2,9.6,1.6,0.0,7.1,7.1,319,7.2,37.4,35.0,20.5,10.2,12.3,11.3,100,3.0,87.6,239.2,214.5,88.2,80.3,6.8,6.2,0,28.0,46.5,44.2,48.8,7.9,7.1,8.8,388,7.3,6.2,8.5,359,10.9,9.9,11.9,533,3.1,2.9,3.4,154,4
4604,1944,10064,425,3187,83,1931,1966,314,13.0,8.1,4.8,0.5,19.2,19.7,8524,17.0,34.4,31.1,17.6,9.5,15.0,14.4,1303,3.3,104.7,228.7,202.9,79.1,71.9,7.0,6.1,6,16.6,43.9,42.0,45.8,6.7,6.2,7.4,4035,8.1,7.1,9.2,4862,11.8,11.0,12.6,7046,2.9,2.7,3.1,1747,2
1114,739,974,130,169,7,274,56,233,14.1,9.2,5.0,1.1,-2.3,-1.1,1651,16.8,33.0,34.1,16.1,12.9,19.4,18.7,243,3.3,89.2,224.8,199.9,72.9,66.5,6.2,5.4,0,22.5,48.3,46.3,50.1,8.4,7.7,9.2,936,7.9,6.8,9.0,876,13.6,12.7,14.4,1508,3.4,3.2,3.6,377,6
2179,1139,293,160,86,20,420,92,233,11.7,14.0,-2.3,-0.3,6.8,6.5,1876,12.1,42.5,30.0,15.5,16.8,23.9,22.4,349,3.6,82.7,273.1,236.3,86.6,79.0,7.0,6.3,8,27.3,52.7,50.2,54.9,10.0,9.1,11.1,1704,11.5,10.0,13.3,1954,14.0,12.9,15.2,2383,3.7,3.4,4.0,626,6
19652,9058,32238,1431,3812,130,5004,2291,1277,11.9,9.2,2.7,0.3,6.0,6.3,16752,9.8,26.3,30.4,33.5,11.8,17.0,15.4,4928,4.2,139.6,260.3,231.8,84.1,75.8,9.1,7.8,149,22.1,42.4,40.4,44.3,7.5,6.8,8.3,14764,7.9,6.6,9.2,15431,11.7,10.7,12.6,22926,3.0,2.8,3.2,5907,2
6221,2394,339,303,298,27,650,366,774,8.0,11.9,-3.9,0.0,11.9,12.0,3688,10.9,37.7,29.7,21.8,12.6,22.9,21.4,783,4.2,89.3,273.1,236.3,86.6,79.0,7.0,6.3,18,34.7,47.6,45.0,50.0,10.2,9.1,11.4,3851,11.1,9.4,13.1,4199,14.5,13.1,15.8,5474,3.8,3.5,4.1,1420,6
3774,1930,6695,565,380,710,971,786,738,14.5,11.5,3.0,0.2,12.8,13.0,6879,21.7,29.4,32.7,16.1,20.0,27.7,25.4,873,3.7,76.3,224.8,199.9,72.9,66.5,6.2,5.4,9,22.6,53.1,51.3,54.8,9.0,8.3,9.8,3289,9.2,8.1,10.5,3357,15.2,14.3,16.1,5521,3.7,3.5,4.0,1354,5
701,361,59,11165,26,1,426,-283,122,18.1,13.4,4.6,0.1,-24.4,-24.4,1143,13.7,25.2,41.1,20.0,24.7,27.7,22.9,442,9.4,64.4,237.6,217.1,87.0,79.6,10.5,9.7,0,15.1,59.2,57.3,61.2,10.3,9.6,11.1,976,10.6,9.4,12.0,1005,18.3,17.2,19.4,1729,4.3,4.1,4.6,411,6
1556,823,7212,71,66,7,214,-223,1037,11.7,12.1,-0.4,0.0,-10.6,-10.6,2806,20.5,40.6,25.4,13.5,26.2,36.9,33.0,519,6.2,73.1,260.3,231.8,84.1,75.8,9.1,7.8,2,21.7,55.2,53.4,57.0,10.2,9.3,11.0,1576,12.1,10.6,13.4,1867,16.7,15.7,17.7,2592,4.2,3.9,4.5,648,6
5752,3812,972,461,377,47,847,561,1184,11.8,11.4,0.3,0.9,8.4,9.3,3181,7.7,29.3,37.8,25.1,10.3,14.0,12.4,1128,3.6,76.5,302.7,265.0,104.9,96.0,7.4,6.6,5,30.5,44.4,42.2,46.5,8.2,7.3,9.2,3753,6.4,5.3,7.6,2930,10.9,9.9,12.0,5011,3.2,3.0,3.5,1487,5
340,181,122,27,58,7,57,-35,1629,4.7,7.9,-3.3,7.0,-11.6,-4.7,1133,37.9,28.1,22.0,11.9,26.6,25.7,24.0,40,3.6,67.6,224.8,199.9,72.9,66.5,6.2,5.4,0,22.9,51.0,48.8,53.0,8.9,8.2,9.7,335,8.1,7.0,9.2,304,15.0,13.9,15.9,563,3.5,3.2,3.7,132,6
1418,708,3850,1287,148,18,237,-154,147,9.7,11.3,-1.6,0.7,-8.6,-7.8,2243,19.6,43.2,26.1,11.1,17.6,25.8,24.5,389,5.8,89.1,217.1,196.7,77.2,71.2,7.6,6.9,0,24.5,54.3,52.5,55.9,10.4,9.7,11.2,1331,11.8,10.6,13.0,1506,17.3,16.4,18.2,2214,4.1,3.8,4.3,518,6
7145,4106,6603,257,598,56,2366,-242,1679,10.3,12.5,-2.2,0.6,-1.6,-1.0,4331,8.1,37.8,31.4,22.7,10.6,16.9,16.3,2116,5.6,94.6,292.7,248.6,93.7,83.7,8.3,7.1,18,27.3,48.0,45.8,50.2,8.9,8.0,9.7,5273,9.6,8.2,11.0,5713,13.5,12.4,14.5,8021,3.3,3.1,3.6,1994,5
10311,5826,935,660,1137,46,2217,154,3817,9.3,11.1,-1.8,0.1,3.1,3.2,7220,8.3,32.9,31.8,27.1,11.2,15.0,13.4,2024,3.2,93.8,330.2,305.7,128.9,119.7,12.1,11.7,16,25.8,45.5,43.2,47.6,8.3,7.5,9.3,8204,8.7,7.3,10.2,8547,10.8,9.8,11.9,10633,3.2,3.0,3.5,3158,5
2693,1230,2096,108,1633,20,573,1260,142,9.5,6.4,3.1,0.4,29.2,29.6,1327,5.5,19.6,23.7,51.1,5.7,6.9,6.0,582,3.0,169.7,228.7,202.9,79.1,71.9,7.0,6.1,0,21.1,34.4,32.1,36.8,5.8,5.2,6.5,1678,5.8,4.8,7.0,1678,9.4,8.6,10.4,2718,2.5,2.4,2.7,728,4
2057,997,4243,211,183,12,459,-192,2424,10.1,10.8,-0.7,1.7,-9.8,-8.1,3628,22.6,43.3,26.8,7.4,21.6,29.8,30.0,336,3.8,76.3,265.2,240.7,86.8,80.1,6.9,6.0,6,26.1,53.3,51.7,54.8,10.6,9.7,11.5,1822,12.8,11.4,14.3,2210,15.0,14.1,15.9,2596,3.9,3.7,4.2,680,6
5260,2867,931,3400,866,176,2047,420,4186,12.4,8.4,4.0,1.4,0.1,1.5,8944,17.8,28.5,37.4,16.2,15.8,21.5,19.8,1819,4.9,85.4,303.4,271.5,109.4,101.0,9.2,8.3,3,20.5,46.6,44.8,48.3,7.8,7.1,8.6,4530,8.8,7.6,10.0,5074,12.4,11.5,13.2,7168,3.3,3.1,3.6,1932,5
2230,1268,141,100,279,7,339,38,449,11.8,10.3,1.5,0.5,-0.6,-0.1,2047,10.6,43.5,27.8,18.1,11.1,15.0,14.7,507,3.6,103.1,230.8,212.0,80.3,74.4,6.5,6.1,0,22.6,45.9,43.6,48.0,8.0,7.3,8.8,1738,10.0,8.7,11.4,2175,12.5,11.5,13.5,2716,3.1,2.9,3.3,670,6
37231,25605,126515,1199,34361,270,12482,1264,22693,11.4,9.8,1.6,2.8,-2.2,0.7,27437,7.2,30.5,24.0,38.3,8.8,11.3,11.2,11880,4.0,118.2,320.5,273.3,100.8,88.2,8.7,7.2,100,22.0,37.3,35.5,39.0,6.2,5.6,6.8,27257,6.4,5.4,7.4,28095,10.6,9.8,11.3,46559,2.8,2.7,3.0,12494,2
544,455,27,14,26,1,55,-60,120,11.7,11.7,0.0,0.2,-11.2,-11.0,421,10.2,40.1,35.2,14.6,11.0,18.1,17.4,76,2.4,85.2,218.2,193.1,84.8,77.9,6.9,6.5,0,31.8,47.9,45.4,50.2,8.9,8.0,9.9,391,8.3,7.1,9.7,364,11.8,10.8,12.8,517,3.5,3.2,3.8,152,6
949,436,244,17,31,6,124,107,143,11.2,13.9,-2.7,0.2,12.8,12.9,1900,25.5,40.2,21.4,12.9,23.0,34.6,34.6,196,4.1,70.9,230.9,214.6,77.3,72.9,8.3,7.6,0,24.2,54.6,52.3,57.0,11.4,10.3,12.6,947,14.5,12.5,16.7,1203,16.3,15.0,17.6,1349,3.9,3.6,4.2,321,6
1735,1221,273,75,133,23,292,-116,304,13.1,10.3,2.8,0.7,-8.7,-8.1,1336,8.9,39.3,30.3,21.5,8.8,11.6,11.0,283,2.3,109.6,218.2,193.1,84.8,77.9,6.9,6.5,0,24.4,40.5,38.1,42.6,7.6,6.8,8.5,1265,7.3,6.1,8.6,1209,10.6,9.7,11.6,1770,3.1,2.8,3.4,511,4
1682,937,1023,125,106,22,330,391,1191,10.7,11.2,-0.5,0.1,22.0,22.1,1673,14.1,42.2,29.6,14.2,16.8,23.8,23.4,258,3.8,76.1,265.2,240.7,86.8,80.1,6.9,6.0,0,26.5,51.0,49.0,53.0,10.4,9.4,11.4,1513,12.0,10.4,13.7,1745,13.7,12.7,14.7,2000,3.8,3.5,4.1,547,3
3442,1784,888,498,299,41,736,1009,521,10.8,8.6,2.2,0.4,17.6,18.0,4355,13.4,35.9,30.2,20.5,10.9,14.6,14.1,750,3.1,117.4,224.8,199.9,72.9,66.5,6.2,5.4,4,21.4,43.6,41.6,45.4,7.4,6.8,8.1,2839,6.9,6.0,7.9,2641,12.7,11.9,13.5,4846,3.1,2.9,3.3,1195,2
5443,2899,16986,257,383,100,1036,79,2294,11.3,12.5,-1.2,0.7,1.7,2.4,8918,19.5,35.0,30.1,15.4,19.7,28.4,28.3,1071,3.6,80.3,229.5,205.0,80.1,72.3,7.0,6.2,8,24.2,52.7,50.9,54.3,9.0,8.2,9.8,4701,9.9,8.7,11.2,5170,16.5,15.5,17.4,8636,3.8,3.6,4.1,2007,3
1386,596,792,46,37,8,251,-168,1708,11.0,11.7,-0.7,0.9,-8.5,-7.6,5238,35.7,34.2,20.6,9.5,38.2,47.2,45.0,369,7.1,56.1,230.9,214.6,77.3,72.9,8.3,7.6,6,19.8,61.0,58.5,63.1,12.2,11.0,13.3,1934,17.0,14.7,19.3,2696,18.0,16.6,19.4,2862,4.2,3.9,4.6,669,6
14788,6626,1235,930,1857,124,2739,1338,1392,9.3,8.1,1.2,0.4,5.5,5.9,6040,4.6,25.9,34.7,34.8,5.0,5.5,4.9,3383,3.3,148.4,287.0,249.7,97.8,87.6,7.9,6.7,8,22.3,39.5,37.3,41.7,6.9,6.2,7.6,10340,7.5,6.2,8.8,11230,8.9,8.1,9.8,13442,2.7,2.5,2.9,4081,2
2216,1042,1396,109,241,14,484,302,336,11.5,12.2,-0.7,-0.2,11.2,11.0,3799,19.3,36.6,30.1,14.0,15.9,23.0,19.8,482,3.9,81.3,228.7,202.9,79.1,71.9,7.0,6.1,0,22.1,42.2,39.9,44.4,8.2,7.4,8.9,1829,9.8,8.4,11.2,2205,12.2,11.3,13.1,2743,3.3,3.0,3.5,733,2
3401,2211,2379,137,402,21,1117,-182,633,10.7,10.5,0.2,0.5,-5.4,-4.8,2321,8.4,32.8,38.2,20.5,12.7,19.8,18.6,634,3.3,86.2,218.2,193.1,84.8,77.9,6.9,6.5,12,26.6,47.8,45.7,49.8,8.3,7.5,9.1,2523,8.0,6.9,9.1,2416,12.3,11.3,13.3,3732,3.4,3.1,3.6,1019,5
16533,8188,32661,681,2036,93,3464,2214,2946,11.6,11.0,0.6,0.5,10.0,10.5,20842,15.5,31.3,31.8,21.4,14.6,21.3,19.5,2917,3.3,98.6,229.5,205.0,80.1,72.3,7.0,6.2,40,23.6,49.9,48.0,51.7,8.0,7.3,8.8,12372,9.1,7.9,10.5,14134,13.8,12.8,14.7,21295,3.4,3.2,3.6,5227,3
3439,1902,1858,157,423,89,752,361,703,12.5,11.8,0.8,0.6,6.9,7.5,5084,17.1,41.6,25.2,16.0,19.2,26.8,25.3,848,4.4,84.6,230.9,214.6,77.3,72.9,8.3,7.6,10,22.9,57.4,55.0,59.5,11.0,10.0,12.1,3706,13.7,11.8,15.6,4620,16.2,14.9,17.4,5477,3.8,3.5,4.1,1270,5
1217,729,5790,115,45,3,217,-160,148,10.6,13.3,-2.8,0.8,-11.4,-10.6,1683,20.1,35.8,32.9,11.3,21.1,38.7,38.7,275,5.9,66.8,255.0,223.5,86.2,78.1,7.1,6.2,0,29.9,55.6,53.8,57.2,11.3,10.4,12.1,1072,11.8,10.5,13.2,1121,19.5,18.4,20.5,1847,4.8,4.5,5.1,458,6
1997,1037,2558,1315,478,278,1185,-321,7640,9.6,7.7,2.0,0.5,-13.0,-12.5,3853,17.2,33.2,37.5,12.0,15.8,15.8,15.4,474,4.8,76.7,279.6,243.8,96.2,87.1,7.2,6.2,0,18.8,38.9,37.1,40.7,6.7,6.1,7.3,1710,7.4,6.5,8.4,1891,10.2,9.5,10.9,2608,3.0,2.8,3.2,762,5
926,500,210,100,34,3,216,17,152,11.1,13.1,-1.9,0.2,3.6,3.8,1202,16.6,40.7,30.8,11.9,14.7,23.7,23.5,177,4.2,96.3,207.6,188.2,79.9,75.0,7.0,6.5,0,25.6,49.9,47.6,52.1,10.6,9.7,11.6,852,11.4,9.8,12.9,913,14.2,13.1,15.3,1140,3.7,3.4,4.0,298,3
379,266,5,17,10,0,59,3,76,18.9,8.7,10.3,0.0,-9.7,-9.7,713,22.9,39.0,26.1,12.0,14.1,23.3,23.2,68,2.9,77.3,273.1,236.3,86.6,79.0,7.0,6.3,0,23.4,50.4,47.8,52.8,10.0,8.9,11.2,352,12.5,10.7,14.3,437,13.5,12.4,14.7,474,3.7,3.4,4.1,130,6
5123,2896,1422,1288,3292,625,2594,2504,3835,17.9,4.2,13.7,3.8,2.4,6.2,4227,6.9,20.3,35.0,37.8,12.9,11.6,9.8,1699,2.7,84.5,216.2,199.9,65.3,62.2,5.8,5.4,14,12.6,30.8,28.9,32.6,4.4,4.0,4.9,3919,4.5,3.8,5.2,3957,7.1,6.5,7.7,6293,2.3,2.1,2.4,1996,4
3975,1779,11206,154,287,17,403,442,423,10.1,10.5,-0.4,0.9,10.4,11.3,3869,13.4,33.1,31.9,21.7,13.1,20.9,19.6,700,3.7,113.7,253.1,225.8,85.1,77.8,8.1,7.4,0,27.4,54.2,52.2,56.2,9.3,8.5,10.1,3040,10.3,8.9,11.7,3374,15.7,14.7,16.8,5162,3.6,3.4,3.9,1188,2
1776,918,160,75,35,5,223,77,106,10.5,9.6,0.9,0.1,2.9,3.0,1511,10.8,40.7,31.2,17.2,8.8,11.9,10.7,336,3.3,102.5,230.8,212.0,80.3,74.4,6.5,6.1,0,25.3,47.8,45.3,50.2,8.5,7.6,9.3,1327,10.2,8.7,11.8,1605,13.0,11.8,14.0,2032,3.2,3.0,3.5,504,4
1472,844,60,125,62,5,261,84,156,13.8,14.1,-0.3,-0.2,6.5,6.3,1505,15.6,40.2,28.9,15.3,17.9,30.2,30.2,196,3.4,68.5,273.1,236.3,86.6,79.0,7.0,6.3,0,28.7,50.3,47.7,52.8,10.8,9.7,12.0,1164,12.3,10.6,14.4,1324,14.6,13.3,15.9,1569,3.9,3.6,4.3,424,6
1533,690,8286,96,64,3,263,-103,2404,10.2,12.7,-2.5,0.0,-2.7,-2.7,2882,20.2,42.5,24.7,12.6,19.6,24.1,23.6,374,4.7,94.1,260.3,231.8,84.1,75.8,9.1,7.8,0,24.1,50.5,48.7,52.2,9.2,8.6,10.0,1458,10.6,9.4,11.8,1671,16.4,15.4,17.2,2580,3.8,3.6,4.1,606,3
2225,1034,4424,279,114,34,540,383,2911,11.7,8.7,3.0,0.6,10.0,10.6,3872,20.4,35.6,29.4,14.6,17.5,25.3,24.1,459,4.1,81.6,224.8,199.9,72.9,66.5,6.2,5.4,0,23.7,53.3,51.6,54.9,9.6,8.8,10.4,2113,9.6,8.4,10.8,2106,15.5,14.6,16.4,3409,3.8,3.6,4.0,833,6
1191,538,242,51,55,3,151,26,354,10.0,12.3,-2.3,-0.1,4.5,4.4,1830,21.0,42.0,26.3,10.8,17.4,22.1,21.4,258,5.3,86.0,230.9,214.6,77.3,72.9,8.3,7.6,0,26.0,56.7,54.2,58.9,11.3,10.3,12.4,1134,14.1,12.2,16.1,1414,16.0,14.8,17.3,1604,3.8,3.5,4.1,381,4
548,318,227,64,34,35,59,22,108,13.4,11.0,2.4,3.2,-1.9,1.3,693,15.5,49.3,23.1,12.2,15.3,21.3,20.2,88,3.1,77.1,273.1,236.3,86.6,79.0,7.0,6.3,0,25.4,52.0,50.1,54.0,9.6,8.8,10.5,462,10.9,9.4,12.4,525,14.1,13.1,15.1,679,3.6,3.4,3.9,174,6
8824,4057,17250,892,12089,104,3803,2067,8210,8.0,5.8,2.2,5.8,6.3,12.1,6478,7.3,14.8,20.3,57.6,12.4,10.8,9.2,2534,3.3,133.4,255.0,223.5,86.2,78.1,7.1,6.2,13,18.3,31.4,29.6,33.2,5.6,5.1,6.1,6571,5.6,4.7,6.6,6602,8.9,8.2,9.6,10467,2.5,2.3,2.6,2894,3
535,318,42,19,18,3,63,-129,92,7.5,15.4,-7.9,2.0,-22.4,-20.4,323,9.0,47.4,27.7,15.9,13.9,22.9,22.9,108,5.0,68.6,320.5,273.3,100.8,88.2,8.7,7.2,0,34.2,47.2,44.7,49.6,10.3,9.2,11.4,381,10.6,9.0,12.2,394,14.2,12.9,15.4,526,3.9,3.6,4.2,143,6
8358,4345,28491,566,1110,99,2132,349,1416,12.2,11.3,0.9,0.4,2.1,2.5,10261,14.3,31.6,33.0,21.0,16.5,21.9,21.7,1825,4.0,96.2,217.1,196.7,77.2,71.2,7.6,6.9,66,22.5,52.0,50.2,53.7,9.1,8.4,9.9,7367,9.9,8.6,11.2,8006,16.1,15.0,17.0,12957,3.6,3.4,3.8,2878,4
608,297,67,21,34,3,113,-125,67,9.4,9.9,-0.4,-1.3,-16.1,-17.3,573,11.4,48.0,23.7,16.9,10.7,16.8,15.9,115,3.1,90.3,230.8,212.0,80.3,74.4,6.5,6.1,0,24.9,46.5,43.9,48.9,8.5,7.7,9.4,477,10.7,9.1,12.3,603,13.2,12.1,14.3,742,3.3,3.0,3.5,183,2
2245,944,3612,438,545,49,670,1055,228,13.5,6.3,7.2,2.2,15.7,18.0,3250,12.7,29.1,36.7,21.5,8.5,10.9,10.1,1036,5.4,147.6,224.8,199.9,72.9,66.5,6.2,5.4,0,16.1,44.9,42.9,46.6,6.7,6.1,7.3,2051,7.0,6.1,7.9,2137,11.3,10.5,11.9,3449,2.8,2.7,3.0,864,2
1548,931,8509,224,57,7,168,-77,452,10.1,12.9,-2.9,0.0,-1.4,-1.4,2561,20.2,32.5,30.7,16.6,21.0,32.1,30.3,413,5.6,88.3,191.3,174.8,65.9,61.2,7.1,6.7,0,26.9,56.7,54.9,58.6,10.2,9.3,11.0,1431,10.8,9.5,12.1,1520,18.2,17.0,19.2,2557,4.3,4.0,4.5,600,6
2445,1038,288,53,66,12,290,-51,442,8.5,12.1,-3.6,-0.3,1.9,1.6,3223,18.9,44.9,24.0,12.2,20.0,30.3,29.0,446,4.2,100.9,263.4,231.6,100.1,89.4,10.5,9.2,0,29.1,58.3,56.1,60.4,11.5,10.5,12.7,2191,14.6,12.5,16.5,2765,16.0,14.7,17.2,3036,3.8,3.5,4.2,724,4
2075,1208,159,75,157,3,257,55,246,11.1,8.5,2.6,0.0,0.0,0.0,1202,7.8,34.5,35.7,21.9,7.4,8.3,7.1,361,2.9,90.5,302.7,265.0,104.9,96.0,7.4,6.6,0,27.6,48.0,45.7,50.2,7.5,6.7,8.3,1265,6.1,5.1,7.1,1032,10.4,9.4,11.3,1755,3.0,2.8,3.3,513,4
3665,1853,664,17679,413,29,4681,-250,2013,11.5,10.3,1.2,0.8,-7.0,-6.2,4503,14.8,31.4,28.7,25.0,21.0,26.6,24.0,795,4.2,82.7,206.7,189.1,73.9,68.5,6.2,5.8,30,20.9,52.0,50.3,53.5,9.4,8.8,10.1,3589,10.2,9.2,11.2,3881,14.2,13.4,15.0,5397,3.6,3.4,3.8,1386,5
2336,1419,1278,179,588,10,581,162,2829,10.5,7.4,3.2,1.3,0.4,1.6,1268,5.8,26.7,35.0,32.6,8.7,9.0,7.9,456,2.2,94.2,302.7,265.0,104.9,96.0,7.4,6.6,0,20.8,35.8,33.5,37.9,5.8,5.2,6.5,1546,4.8,4.0,5.7,1289,8.4,7.5,9.2,2228,2.5,2.4,2.7,672,4
2275,1382,2899,92,385,10,800,356,993,14.5,12.2,2.3,2.3,9.8,12.1,1874,10.7,29.6,25.7,34.0,12.3,19.0,19.5,342,2.9,65.2,263.2,231.8,90.3,81.7,7.3,6.3,0,26.1,41.2,38.8,43.4,7.8,7.0,8.7,1574,8.1,6.8,9.5,1637,11.6,10.6,12.6,2338,3.2,3.0,3.5,652,4
8053,5017,25851,1253,1739,130,2576,584,4074,13.5,10.7,2.8,1.2,0.8,2.0,12869,16.2,28.7,34.4,20.8,15.1,20.9,20.2,2381,4.1,83.5,224.8,199.9,72.9,66.5,6.2,5.4,66,19.7,49.1,47.3,50.8,8.2,7.6,8.9,7521,8.4,7.5,9.5,7748,13.7,12.9,14.6,12577,3.5,3.3,3.7,3179,4
10796,5628,22880,1542,26208,307,8188,2400,2883,13.3,4.7,8.6,9.8,-8.3,1.5,10258,5.9,8.1,11.4,74.6,6.3,7.3,7.4,3028,2.0,166.6,263.2,231.8,90.3,81.7,7.3,6.3,32,14.2,25.0,23.7,26.4,3.8,3.5,4.2,7477,3.5,2.9,4.2,6835,6.8,6.4,7.3,13257,1.9,1.8,2.0,3733,1
2217,1102,134,155,100,4,405,-81,338,12.0,12.0,0.0,0.3,-3.2,-2.9,3942,20.8,43.6,22.6,12.9,19.7,29.1,25.0,767,7.1,75.1,292.7,248.6,93.7,83.7,8.3,7.1,0,22.8,54.4,52.0,56.4,10.6,9.6,11.7,2245,13.2,11.4,15.1,2794,15.6,14.4,16.8,3291,3.8,3.5,4.2,810,6
4334,2041,3420,2280,5864,396,4980,1266,1138,16.0,6.7,9.3,0.2,6.8,7.1,8478,18.0,23.1,42.3,16.7,17.2,21.8,22.1,1863,6.4,63.1,279.6,243.8,96.2,87.1,7.2,6.2,24,16.5,39.2,37.6,40.8,6.5,6.0,7.0,3658,7.1,6.3,8.0,4022,10.9,10.3,11.5,6143,3.1,2.9,3.3,1732,4
12259,5888,7696,416,14583,104,4182,4284,2210,10.1,5.8,4.3,1.4,15.3,16.8,4222,3.3,18.8,23.5,54.4,4.1,3.8,3.2,3621,3.4,184.4,292.7,248.6,93.7,83.7,8.3,7.1,6,17.6,40.1,37.9,42.3,5.6,5.0,6.2,8404,5.9,4.9,7.0,8901,9.4,8.5,10.2,14149,2.3,2.2,2.5,3478,2
528,493,95,596,18,3,101,-4,1537,9.6,10.2,-0.6,3.3,-3.3,0.0,621,12.3,36.4,32.9,18.4,15.7,19.2,17.9,73,2.5,88.1,240.4,219.1,92.8,84.8,9.2,8.6,0,27.6,41.7,39.4,44.1,8.5,7.6,9.5,474,6.7,5.7,7.8,371,11.0,10.0,11.9,610,3.3,3.0,3.5,181,6
1602,946,153,64,78,3,218,-169,223,9.5,13.5,-4.0,0.0,-7.8,-7.8,913,8.6,41.5,31.8,18.1,11.4,17.0,15.6,335,4.5,79.9,284.4,240.5,99.6,87.2,7.0,5.8,0,31.6,48.6,46.1,51.1,8.9,8.0,9.8,1025,9.4,8.1,10.9,1089,12.1,11.0,13.2,1400,3.4,3.2,3.7,398,6
5633,2920,894,169,232,15,745,-125,915,8.3,12.9,-4.6,0.0,2.4,2.4,7154,17.2,39.4,26.6,16.8,19.1,29.4,28.7,992,4.1,74.9,253.1,225.8,85.1,77.8,8.1,7.4,8,27.3,54.9,52.5,57.3,11.1,10.1,12.3,5124,13.3,11.4,15.3,6108,15.8,14.4,17.1,7251,4.0,3.6,4.3,1820,4
2242,1223,134,227,217,11,459,96,347,9.9,11.3,-1.4,0.6,4.7,5.4,1357,7.9,33.9,34.0,24.2,11.4,16.3,14.9,606,5.2,90.6,287.0,249.7,97.8,87.6,7.9,6.7,4,27.0,47.6,45.0,50.0,9.2,8.2,10.1,1788,10.1,8.4,11.6,1956,11.9,10.8,12.9,2317,3.4,3.1,3.7,659,6
17334,7361,1081,2127,2411,305,5141,5189,1381,9.9,7.9,2.0,-0.2,25.4,25.3,8452,6.5,22.3,37.0,34.2,9.4,11.5,10.0,4020,4.2,106.7,303.4,271.5,109.4,101.0,9.2,8.3,36,25.9,38.4,36.1,40.4,7.2,6.4,8.0,11017,7.2,5.9,8.4,10982,10.2,9.2,11.1,15620,3.0,2.7,3.2,4540,4
1572,1034,7635,73,353,20,446,242,4051,9.0,10.1,-1.1,1.7,10.0,11.7,1715,13.3,32.7,25.8,28.1,20.0,27.9,27.4,394,3.8,66.7,263.2,231.8,90.3,81.7,7.3,6.3,8,21.9,43.0,41.0,45.0,6.9,6.4,7.5,1328,7.5,6.6,8.5,1441,11.7,10.9,12.4,2237,3.1,3.0,3.3,604,6
8403,4617,1190,121,625,18,955,85,864,9.8,8.8,1.0,0.5,-0.5,0.0,6077,9.5,25.1,27.3,38.1,5.7,6.8,6.0,2114,4.3,149.8,292.7,248.6,93.7,83.7,8.3,7.1,12,25.2,43.7,41.0,46.5,7.9,6.9,9.0,5699,8.5,6.9,10.4,6134,11.7,10.4,13.0,8456,3.0,2.7,3.3,2171,2
2128,1546,2397,107,222,6,456,-90,4143,9.8,10.6,-0.9,0.3,-2.6,-2.3,2264,11.1,35.0,33.6,20.4,10.9,17.0,16.3,606,4.7,81.4,284.4,240.5,99.6,87.2,7.0,5.8,0,24.0,45.1,42.8,47.3,7.2,6.4,7.9,1670,8.1,7.0,9.3,1899,10.2,9.4,11.0,2382,3.0,2.7,3.2,688,5
43858,25913,166975,4215,13608,2120,22167,2587,11067,13.2,9.6,3.6,1.1,-1.0,0.1,45492,9.7,28.4,31.0,30.9,13.0,19.0,17.7,13558,3.7,102.7,273.1,236.3,86.6,79.0,7.0,6.3,274,19.9,44.0,42.2,45.6,6.7,6.2,7.4,36009,7.8,6.7,8.9,41587,11.7,10.9,12.5,62470,3.0,2.8,3.2,16187,1
1824,591,3073,255,273,11,619,693,552,10.4,7.0,3.4,0.7,27.2,27.9,1099,7.2,33.0,31.3,28.4,5.2,7.3,6.9,329,2.7,125.1,263.2,231.8,90.3,81.7,7.3,6.3,0,23.5,45.0,42.8,47.1,6.6,6.0,7.3,1182,7.0,6.0,8.1,1253,10.9,10.0,11.7,1950,2.8,2.6,3.0,497,2
16690,9646,31383,1375,7428,165,9250,1869,8460,11.8,8.3,3.5,1.6,2.0,3.6,10469,6.4,22.0,33.5,38.1,14.4,16.5,14.7,4537,3.4,98.7,287.0,249.7,97.8,87.6,7.9,6.7,34,19.8,41.3,39.2,43.3,6.5,5.9,7.2,13591,7.5,6.4,8.6,15514,9.7,8.9,10.5,20169,2.8,2.6,3.0,5759,3
8229,4344,6233,829,3365,624,1615,255,3324,9.9,11.3,-1.4,1.0,3.3,4.3,12258,19.1,30.5,33.8,16.6,14.0,20.6,19.9,1446,3.6,83.4,255.0,223.5,86.2,78.1,7.1,6.2,16,26.2,45.5,43.3,47.6,9.5,8.5,10.4,6969,10.5,9.0,12.1,7712,13.3,12.2,14.3,9747,3.6,3.3,3.9,2667,3
14170,6201,1851,3901,2398,755,6138,6628,3348,14.2,6.8,7.4,-0.1,22.7,22.6,19989,15.4,32.0,34.3,18.3,11.5,15.2,13.6,3087,3.1,96.1,192.6,181.6,73.9,68.9,5.8,5.5,41,17.8,43.1,41.4,44.9,7.1,6.5,7.8,11389,7.4,6.4,8.5,11833,11.8,11.0,12.7,18934,3.1,2.9,3.3,4963,3
1913,881,106,2969,60,0,512,98,313,9.7,11.9,-2.2,0.1,8.0,8.2,1012,8.3,34.5,34.0,23.2,14.5,23.6,22.9,345,4.3,76.5,264.9,238.3,94.6,86.4,7.9,7.1,0,33.1,47.0,44.4,49.3,10.3,9.3,11.4,1368,9.3,7.9,10.9,1239,13.6,12.4,14.8,1810,4.1,3.8,4.4,540,6
3289,1804,251,262,149,13,165,258,833,19.1,6.5,12.6,1.0,-9.6,-8.6,17148,48.5,25.0,16.2,10.3,33.2,45.3,46.0,2548,10.1,50.3,224.8,199.9,72.9,66.5,6.2,5.4,0,15.2,55.0,52.2,57.5,9.1,8.2,9.9,3924,7.9,6.8,9.0,3417,19.4,18.0,20.7,8406,4.5,4.1,4.8,1938,5
1410,629,470,41,113,11,218,-63,58,11.2,10.7,0.5,2.5,-7.6,-5.1,2021,20.0,46.4,19.1,14.5,12.9,20.4,19.7,318,5.5,98.9,263.4,231.6,100.1,89.4,10.5,9.2,0,26.7,55.0,52.5,57.2,10.9,9.7,12.0,1190,13.5,11.5,15.4,1480,15.6,14.2,16.7,1707,3.6,3.3,3.9,396,6
1387,750,270,600,357,128,551,-48,268,14.5,5.5,9.0,-0.2,-11.1,-11.3,4174,30.6,23.7,30.3,15.4,11.0,14.1,13.7,1418,12.9,76.1,279.6,243.8,96.2,87.1,7.2,6.2,0,18.7,41.2,39.3,43.0,7.1,6.5,7.6,1111,7.1,6.2,8.0,1121,12.3,11.5,13.0,1926,3.4,3.2,3.6,537,6
3289,1985,2988,1392,480,84,1105,554,2067,14.6,7.2,7.5,2.0,-1.4,0.6,11365,27.1,32.4,27.5,13.0,16.1,18.2,16.4,1231,4.1,109.0,244.8,213.8,91.1,82.1,7.7,7.3,8,15.5,44.7,43.2,46.1,6.6,6.1,7.1,3228,6.6,5.9,7.3,3218,11.7,11.1,12.3,5718,3.1,3.0,3.3,1526,5
218,197,17,15,11,1,27,2,33,13.0,7.5,5.5,0.4,-4.7,-4.3,99,5.4,33.2,40.0,21.4,11.9,21.9,21.7,32,2.3,86.9,227.6,206.5,88.0,80.5,6.8,6.3,0,29.0,48.3,45.7,50.7,9.0,8.1,10.1,172,8.5,7.3,9.9,162,13.0,11.8,14.1,246,3.5,3.2,3.8,66,6
50844,24837,110581,15251,90912,1516,32988,20972,22843,12.7,4.9,7.8,5.1,4.0,9.1,89298,10.9,16.8,23.7,48.6,12.0,15.2,14.2,20404,2.8,125.8,224.8,199.9,72.9,66.5,6.2,5.4,294,13.7,34.5,32.9,36.1,5.1,4.7,5.6,50058,4.6,3.9,5.4,45111,8.6,8.0,9.2,84176,2.4,2.3,2.5,23438,1
5723,3710,2873,126,315,13,1095,-451,3829,8.6,12.6,-4.0,-0.3,-2.3,-2.6,4832,9.6,42.7,31.5,16.2,13.0,17.7,16.1,1674,5.5,87.2,292.7,248.6,93.7,83.7,8.3,7.1,15,27.0,50.6,48.3,52.6,9.1,8.3,10.0,4985,10.1,8.7,11.6,5543,13.7,12.7,14.7,7504,3.3,3.0,3.6,1802,4
516,284,792,71,48,2,102,10,1690,10.8,7.5,3.3,0.5,-2.3,-1.8,797,16.1,38.9,27.7,17.3,21.2,25.4,23.0,75,2.5,69.8,224.8,199.9,72.9,66.5,6.2,5.4,0,20.7,48.6,46.6,50.6,7.7,7.1,8.3,450,7.7,6.8,8.7,453,12.2,11.4,12.9,713,3.1,3.0,3.3,184,6
1931,968,339,77,71,8,232,-49,307,12.2,11.0,1.2,-0.4,-2.8,-3.2,2927,17.9,42.8,26.0,13.3,17.2,25.0,23.1,566,5.7,89.2,230.9,214.6,77.3,72.9,8.3,7.6,4,24.2,53.8,51.4,56.0,10.5,9.4,11.5,1911,12.9,11.1,14.8,2355,15.1,13.8,16.2,2742,3.5,3.3,3.8,645,6
874,384,2307,43,37,5,141,54,57,9.3,12.6,-3.3,0.3,10.0,10.3,1005,17.6,41.4,27.6,13.5,17.2,25.4,25.4,179,5.0,80.1,228.7,202.9,79.1,71.9,7.0,6.1,0,29.8,49.2,47.2,51.0,9.9,9.1,10.8,637,10.9,9.6,12.3,701,16.9,15.8,17.9,1080,4.1,3.9,4.4,264,3
677,315,2740,29,31,6,134,-48,0,8.3,9.2,-0.9,0.0,-6.5,-6.5,661,13.6,34.9,33.8,17.6,12.9,20.2,19.3,129,3.5,75.3,263.2,231.8,90.3,81.7,7.3,6.3,0,27.6,50.7,48.8,52.6,9.3,8.6,10.1,504,9.7,8.5,11.0,521,16.6,15.6,17.7,897,4.1,3.9,4.4,222,6
8205,4626,5335,464,10354,96,3782,197,15007,8.6,6.4,2.3,5.4,-6.4,-1.0,6525,7.8,21.9,24.7,45.6,21.4,14.2,12.6,2510,3.6,87.7,230.8,212.0,80.3,74.4,6.5,6.1,38,16.5,33.9,31.9,36.1,5.8,5.2,6.4,7128,7.1,6.0,8.4,8780,9.2,8.5,10.0,11462,2.5,2.3,2.7,3070,4
4074,2216,321,109,208,7,492,62,1321,9.6,11.7,-2.1,0.1,3.6,3.7,2962,10.2,45.4,25.4,19.1,15.0,21.4,21.0,972,5.2,80.1,320.5,273.3,100.8,88.2,8.7,7.2,6,27.3,51.3,48.8,53.8,8.9,8.0,9.8,2889,9.5,8.1,11.0,3103,12.6,11.5,13.8,4105,3.4,3.2,3.7,1116,6
7221,3353,1116,539,561,72,1169,606,1049,11.8,12.5,-0.7,0.3,7.7,8.1,10405,18.2,35.6,32.4,13.7,14.5,19.7,19.8,1241,3.3,91.8,217.1,196.7,77.2,71.2,7.6,6.9,12,24.1,48.6,46.5,50.7,9.2,8.4,10.1,5947,10.8,9.3,12.5,7008,13.7,12.6,14.7,8840,3.4,3.2,3.7,2195,5
12276,4785,107316,830,7912,300,5881,4712,969,10.8,7.1,3.7,1.2,15.7,17.0,13591,9.6,31.1,31.0,28.3,7.5,12.3,11.7,4716,4.1,124.5,228.7,202.9,79.1,71.9,7.0,6.1,40,15.7,43.1,41.5,44.7,5.8,5.4,6.2,9929,6.6,5.9,7.5,11361,12.9,12.2,13.7,22156,2.9,2.7,3.0,4928,2
11757,6969,1465,1927,1702,49,2658,-94,6982,9.5,10.4,-0.9,0.0,0.3,0.3,9046,8.4,33.6,30.9,27.1,14.7,17.1,16.6,2920,3.8,86.1,330.2,305.7,128.9,119.7,12.1,11.7,51,23.9,45.2,43.1,47.2,8.1,7.3,9.0,10039,8.7,7.3,10.1,10725,10.9,9.9,11.9,13512,3.1,2.9,3.4,3837,4
4359,2059,11795,280,336,82,953,153,1138,11.2,10.8,0.4,-0.2,2.5,2.3,7755,20.4,36.6,29.2,13.8,16.8,24.1,21.3,917,3.6,81.1,229.5,205.0,80.1,72.3,7.0,6.2,12,21.7,49.6,47.7,51.5,8.5,7.8,9.3,3719,9.7,8.5,11.1,4271,14.0,13.1,14.9,6153,3.6,3.4,3.8,1575,5
1350,792,107,118,80,8,334,111,194,11.5,13.1,-1.6,0.0,8.6,8.6,968,8.8,39.2,33.4,18.6,12.5,16.6,15.9,304,3.8,92.6,227.6,206.5,88.0,80.5,6.8,6.3,0,25.9,51.0,48.7,53.2,8.4,7.6,9.3,1029,8.7,7.4,10.0,1061,13.3,12.2,14.4,1629,3.3,3.0,3.5,401,4
29306,16317,7173,1625,3444,138,4107,-69,4108,7.3,13.6,-6.3,1.8,4.3,6.1,7448,4.5,24.3,28.4,42.8,8.0,9.9,9.5,4974,4.3,86.4,449.5,353.7,134.3,114.6,9.6,7.3,34,37.7,37.9,35.5,40.2,8.2,7.3,9.2,14892,7.3,5.9,8.7,13144,10.5,9.3,11.6,18954,3.3,3.1,3.6,6034,4
1210,599,263,50,57,13,229,294,164,11.7,10.5,1.2,0.3,18.9,19.2,1589,15.9,48.5,21.8,13.8,14.2,22.0,19.9,201,3.2,99.0,253.1,225.8,85.1,77.8,8.1,7.4,0,24.8,50.2,47.8,52.5,9.6,8.7,10.5,1086,11.9,10.3,13.5,1350,13.9,12.8,14.9,1576,3.4,3.2,3.7,392,2
3227,1567,3045,203,331,28,990,40,293,9.4,11.9,-2.4,0.1,3.5,3.6,2938,10.9,33.2,33.1,22.8,9.1,13.4,12.0,521,2.7,97.7,263.2,231.8,90.3,81.7,7.3,6.3,7,24.9,44.7,42.5,46.6,7.5,6.8,8.3,2251,8.2,7.0,9.5,2457,11.6,10.6,12.5,3456,3.1,2.9,3.3,924,2
2433,1418,3057,142,182,6,586,-663,671,13.1,15.1,-2.1,0.5,-20.8,-20.3,4919,24.5,37.4,25.0,13.1,26.1,38.1,36.7,666,5.5,68.6,273.1,236.3,86.6,79.0,7.0,6.3,0,23.4,54.0,52.0,56.0,10.7,9.7,11.8,2349,13.5,11.6,15.3,2947,15.7,14.6,16.8,3437,4.1,3.8,4.5,899,5
1231,777,135,2102,137,8,508,-20,771,12.6,9.2,3.3,-0.2,-4.3,-4.5,942,7.7,27.8,29.0,35.5,9.4,12.3,11.5,255,2.6,122.9,240.4,219.1,92.8,84.8,9.2,8.6,6,22.9,39.1,36.7,41.4,7.1,6.4,7.9,947,5.6,4.7,6.6,747,9.9,9.0,10.8,1325,2.9,2.7,3.1,386,5
1884,894,101,112,53,0,274,-9,16,11.2,12.2,-1.0,0.0,0.7,0.7,2515,15.9,42.1,31.2,10.8,11.0,19.3,19.9,454,4.3,89.7,230.8,212.0,80.3,74.4,6.5,6.1,1,24.2,51.5,49.0,53.8,9.1,8.3,10.1,1619,11.7,10.0,13.5,2074,14.7,13.5,15.9,2599,3.5,3.2,3.8,617,6
1802,1397,167,144,121,5,321,-122,489,11.1,11.6,-0.5,-0.2,-5.0,-5.2,1571,10.3,35.2,34.3,20.2,11.2,13.9,12.0,345,3.2,83.6,239.2,214.5,88.2,80.3,6.8,6.2,3,27.4,47.1,44.8,49.2,8.1,7.2,9.0,1348,7.7,6.4,9.0,1278,11.3,10.3,12.4,1889,3.2,2.9,3.5,537,5
1371,872,5136,101,124,6,228,-45,904,12.0,11.1,0.9,-0.1,-3.3,-3.3,1744,14.9,35.4,29.1,20.6,19.5,27.3,25.7,388,5.0,90.2,207.6,188.2,79.9,75.0,7.0,6.5,5,20.9,47.0,45.1,48.7,8.9,8.2,9.7,1287,9.3,8.1,10.4,1331,13.9,13.1,14.7,2005,3.5,3.3,3.7,508,6
577,268,732,26,63,0,120,-14,87,0.0,11.0,-11.0,1.3,7.0,8.2,552,13.7,43.3,27.8,15.3,15.4,26.1,20.6,111,4.6,55.8,263.2,231.8,90.3,81.7,7.3,6.3,0,29.6,48.0,45.7,50.2,8.9,8.2,9.8,400,9.9,8.5,11.2,441,13.6,12.6,14.5,609,3.6,3.4,3.9,161,6
3902,2015,912,6915,257,23,3662,732,1137,12.7,11.8,0.9,0.3,14.4,14.7,4273,14.0,32.0,31.2,22.8,16.6,22.0,19.7,658,3.1,83.7,206.7,189.1,73.9,68.5,6.2,5.8,8,23.5,48.8,46.8,50.8,9.4,8.6,10.2,3411,9.9,8.7,11.3,3587,13.2,12.3,14.1,4770,3.5,3.3,3.7,1264,5
1423,791,194,69,105,6,258,158,192,10.2,10.2,0.1,0.1,9.0,9.1,972,8.0,38.1,30.0,23.8,8.2,11.4,10.9,258,2.7,105.6,273.1,236.3,86.6,79.0,7.0,6.3,0,24.7,44.3,41.7,46.7,7.8,7.0,8.7,1062,8.8,7.4,10.2,1192,10.8,9.8,11.8,1469,3.0,2.8,3.2,406,4
3968,2205,4731,412,224,64,481,237,3575,10.2,9.2,1.0,6.2,-0.9,5.3,7083,27.3,43.1,18.1,11.4,26.1,34.5,34.0,536,3.8,67.2,265.2,240.7,86.8,80.1,6.9,6.0,8,27.3,48.5,46.8,50.0,11.8,10.8,12.8,3575,13.0,11.4,14.4,3936,16.8,15.8,17.7,5098,4.5,4.1,4.8,1355,5
2114,1103,129,272,80,6,281,149,252,8.8,11.9,-3.1,-0.2,11.6,11.4,856,6.5,31.8,32.4,29.3,10.3,15.7,14.2,484,5.5,91.6,287.0,249.7,97.8,87.6,7.9,6.7,0,33.0,41.7,39.1,44.2,9.4,8.4,10.5,1366,9.6,8.1,11.4,1400,12.3,11.1,13.5,1778,3.5,3.2,3.8,509,5
666,324,3760,40,52,20,84,-91,1175,10.3,11.7,-1.4,-0.2,-9.1,-9.3,1204,20.7,40.5,29.5,9.3,31.8,42.6,37.0,173,5.4,53.6,228.7,202.9,79.1,71.9,7.0,6.1,0,22.9,53.3,51.5,55.1,9.5,8.8,10.2,659,11.3,10.2,12.4,779,17.4,16.5,18.3,1205,4.2,4.0,4.5,291,6
2908,1494,687,2575,131,28,1952,-97,386,10.6,10.2,0.4,0.1,-3.3,-3.2,3242,13.7,39.2,32.0,15.1,14.7,20.8,18.9,559,3.5,92.5,206.7,189.1,73.9,68.5,6.2,5.8,0,24.2,50.8,48.8,52.9,9.6,8.8,10.4,2542,10.1,8.8,11.6,2690,13.1,12.1,14.0,3477,3.5,3.2,3.7,924,2
484,304,39,6702,64,1,412,-101,186,19.9,13.8,6.1,0.5,-15.6,-15.1,856,13.2,34.6,35.0,17.1,25.4,29.2,26.3,204,4.6,72.7,247.1,236.2,91.5,88.0,9.8,9.4,0,16.0,50.8,49.1,52.5,8.8,8.2,9.4,645,9.8,8.8,10.8,723,14.9,14.1,15.8,1099,3.9,3.7,4.1,285,6
2641,1328,370,230,532,18,638,572,2777,9.1,7.1,2.0,0.7,10.8,11.5,1364,5.2,32.6,34.0,28.2,8.5,7.1,5.8,807,3.2,124.1,264.9,238.3,94.6,86.4,7.9,7.1,0,19.6,37.7,35.4,40.0,5.8,5.2,6.4,1951,5.7,4.8,6.6,1914,8.0,7.3,8.7,2699,2.5,2.3,2.7,838,2
2919,1271,3078,200,733,25,1115,1241,1091,12.5,7.5,5.0,0.9,16.4,17.3,3343,9.6,30.5,31.4,28.6,8.3,10.9,10.2,946,3.3,146.4,230.9,214.6,77.3,72.9,8.3,7.6,6,16.1,49.0,46.5,51.4,6.9,6.3,7.6,2905,8.7,7.4,10.0,3631,11.1,10.2,12.0,4670,2.6,2.4,2.8,1094,3
2322,1170,9414,148,170,6,439,-182,1379,14.0,11.4,2.7,1.3,-9.4,-8.1,5461,25.3,39.8,22.1,12.8,27.3,34.2,32.8,697,5.8,71.0,260.3,231.8,84.1,75.8,9.1,7.8,24,20.6,52.9,51.1,54.7,10.0,9.2,10.9,2517,12.4,10.9,13.9,3111,16.0,15.0,16.9,3999,4.0,3.8,4.3,1013,6
938,481,19,87,39,1,87,-80,83,5.3,19.0,-13.7,0.7,-0.5,0.2,364,7.4,40.7,34.4,17.5,14.1,25.0,21.9,165,7.8,72.0,287.0,249.7,97.8,87.6,7.9,6.7,0,44.6,52.6,49.6,55.1,13.0,11.7,14.5,659,13.1,11.1,15.1,661,16.1,14.6,17.7,816,4.5,4.2,5.0,229,6
734,676,166,44,80,6,103,-130,269,12.1,12.8,-0.7,2.3,-16.1,-13.8,410,6.5,29.0,39.5,25.0,9.7,14.1,13.2,107,2.2,92.1,218.2,193.1,84.8,77.9,6.9,6.5,0,27.6,46.9,44.5,49.2,7.9,7.0,8.8,541,6.9,5.8,8.1,476,10.6,9.6,11.6,728,3.1,2.9,3.4,215,6
